Unable to determine clock rate from sysctl: hw.cpufrequency: No such file or directory
This does not affect benchmark measurements, only the metadata output.
***WARNING*** Failed to set thread affinity. Estimated CPU frequency may be incorrect.
2026-05-11T18:28:21+03:00
Running ./build-release/benchmarks/mdp-benchmarks
Run on (12 X 24 MHz CPU s)
CPU Caches:
  L1 Data 64 KiB
  L1 Instruction 128 KiB
  L2 Unified 4096 KiB (x12)
Load Average: 3.66, 2.98, 2.97
-----------------------------------------------------------------------------------------------------------------------------------
Benchmark                                                                         Time             CPU   Iterations UserCounters...
-----------------------------------------------------------------------------------------------------------------------------------
BM_RingBuffer_PushPop_Sequential                                               3.15 ns         3.12 ns    229408912 items_per_second=320.396M/s
BM_RingBuffer_Push_ThroughputBurst/64                                           260 ns          260 ns      2650642 items_per_second=492.153M/s
BM_RingBuffer_Push_ThroughputBurst/512                                         2259 ns         2258 ns       311804 items_per_second=453.45M/s
BM_RingBuffer_Push_ThroughputBurst/4096                                       18128 ns        18127 ns        38604 items_per_second=451.923M/s
BM_RingBuffer_SPSC_Concurrent/min_time:1.000/process_time/real_time            41.5 ns         83.0 ns     33325471 consumed=24.0692M/s items_per_second=24.0692M/s
BM_TickParser_Throughput/100/real_time                                        24659 ns        24658 ns        28028 items_per_second=4.05538M/s ticks/s=4.05538M/s
BM_TickParser_Throughput/1000/real_time                                      244065 ns       244055 ns         2640 items_per_second=4.09728M/s ticks/s=4.09728M/s
BM_TickParser_Throughput/10000/real_time                                    2436842 ns      2436697 ns          284 items_per_second=4.10367M/s ticks/s=4.10367M/s
BM_TickParser_Latency/min_time:1.000/manual_time                                469 ns          488 ns      3078922
BM_Normalizer_Throughput_Unique/100/real_time                                 26352 ns        26352 ns        26368 items_per_second=3.79476M/s ticks/s=3.79476M/s
BM_Normalizer_Throughput_Unique/1000/real_time                               260603 ns       260593 ns         2681 items_per_second=3.83725M/s ticks/s=3.83725M/s
BM_Normalizer_Throughput_Duplicate/100/real_time                           23310596 ns         5100 ns           30 items_per_second=4.28989k/s
BM_Normalizer_Throughput_Duplicate/1000/real_time                          22593154 ns        12833 ns           30 items_per_second=44.2612k/s
[BOOK WARN] Crossed book rejected for AAPL: ask 9990.760145 <= best bid 9999.990731
[BOOK WARN] Crossed book rejected for AAPL: ask 9994.242211 <= best bid 9999.990731
[BOOK WARN] Crossed book rejected for AAPL: ask 9993.497230 <= best bid 9999.990731
[BOOK WARN] Crossed book rejected for AAPL: ask 9991.512284 <= best bid 9999.990731
[BOOK WARN] Crossed book rejected for AAPL: ask 9988.181863 <= best bid 9999.990731
PipelineFixture/BM_Pipeline_Throughput/1000/real_time                           102 ms        0.006 ms            7 book_ticks/s=3.00178k/s drop_rate_%=0 items_per_second=3.00178k/s
PipelineFixture/BM_Pipeline_Throughput/5000/real_time                           102 ms        0.005 ms            7 book_ticks/s=14.9995k/s drop_rate_%=0 items_per_second=14.9995k/s
PipelineFixture/BM_Pipeline_Throughput/10000/real_time                          101 ms        0.005 ms            7 book_ticks/s=29.9991k/s drop_rate_%=0 items_per_second=29.9991k/s
[BOOK WARN] Crossed book rejected for AAPL: ask 9944.730714 <= best bid 9999.990388
[BOOK WARN] Crossed book rejected for AAPL: ask 9952.269866 <= best bid 9999.990388
[BOOK WARN] Crossed book rejected for AAPL: ask 9954.920769 <= best bid 9999.990388
[BOOK WARN] Crossed book rejected for AAPL: ask 9953.572288 <= best bid 9999.990388
[BOOK WARN] Crossed book rejected for AAPL: ask 9971.138363 <= best bid 9999.990388
[BOOK WARN] Crossed book rejected for AAPL: ask 9964.913712 <= best bid 9999.990388
[BOOK WARN] Crossed book rejected for AAPL: ask 9944.376686 <= best bid 9999.990388
[BOOK WARN] Crossed book rejected for AAPL: ask 9951.549525 <= best bid 9999.990388
[BOOK WARN] Crossed book rejected for AAPL: ask 9966.541896 <= best bid 9999.990388
[BOOK WARN] Crossed book rejected for AAPL: ask 9953.390896 <= best bid 9999.990388
[BOOK WARN] Crossed book rejected for AAPL: ask 9955.509428 <= best bid 9999.990388
[BOOK WARN] Crossed book rejected for AAPL: ask 9965.702008 <= best bid 9999.990388
[BOOK WARN] Crossed book rejected for AAPL: ask 9966.765372 <= best bid 9999.990388
[BOOK WARN] Crossed book rejected for AAPL: ask 9968.795491 <= best bid 9999.990388
[BOOK WARN] Crossed book rejected for AAPL: ask 9952.390652 <= best bid 9999.990388
[BOOK WARN] Crossed book rejected for AAPL: ask 9971.743058 <= best bid 9999.990388
[BOOK WARN] Crossed book rejected for AAPL: ask 9964.600134 <= best bid 9999.990388
[BOOK WARN] Crossed book rejected for AAPL: ask 9957.545325 <= best bid 9999.990388
[BOOK WARN] Crossed book rejected for AAPL: ask 9951.522489 <= best bid 9999.990388
[BOOK WARN] Crossed book rejected for AAPL: ask 9941.965147 <= best bid 9999.990388
[BOOK WARN] Crossed book rejected for AAPL: ask 9943.578237 <= best bid 9999.990388
[BOOK WARN] Crossed book rejected for AAPL: ask 9929.593286 <= best bid 9999.990388
[BOOK WARN] Crossed book rejected for AAPL: ask 9941.431829 <= best bid 9999.990388
[BOOK WARN] Crossed book rejected for AAPL: ask 9943.922562 <= best bid 9999.990388
[BOOK WARN] Crossed book rejected for AAPL: ask 9946.188570 <= best bid 9999.990388
[BOOK WARN] Crossed book rejected for AAPL: ask 9946.094277 <= best bid 9999.990388
[BOOK WARN] Crossed book rejected for AAPL: ask 9956.203550 <= best bid 9999.990388
[BOOK WARN] Crossed book rejected for AAPL: ask 9950.110404 <= best bid 9999.990388
[BOOK WARN] Crossed book rejected for AAPL: ask 9942.125956 <= best bid 9999.990388
[BOOK WARN] Crossed book rejected for AAPL: ask 9933.561620 <= best bid 9999.990388
[BOOK WARN] Crossed book rejected for AAPL: ask 9917.296422 <= best bid 9999.990388
[BOOK WARN] Crossed book rejected for AAPL: ask 9900.494680 <= best bid 9999.990388
[BOOK WARN] Crossed book rejected for AAPL: ask 9899.487886 <= best bid 9999.990388
[BOOK WARN] Crossed book rejected for AAPL: ask 9897.649811 <= best bid 9999.990388
[BOOK WARN] Crossed book rejected for AAPL: ask 9901.943960 <= best bid 9999.990388
[BOOK WARN] Crossed book rejected for AAPL: ask 9901.769287 <= best bid 9999.990388
[BOOK WARN] Crossed book rejected for AAPL: ask 9892.371126 <= best bid 9999.990388
[BOOK WARN] Crossed book rejected for AAPL: ask 9904.681512 <= best bid 9999.990388
[BOOK WARN] Crossed book rejected for AAPL: ask 9893.496919 <= best bid 9999.990388
[BOOK WARN] Crossed book rejected for AAPL: ask 9899.335413 <= best bid 9999.990388
[BOOK WARN] Crossed book rejected for AAPL: ask 9888.838197 <= best bid 9999.990388
[BOOK WARN] Crossed book rejected for AAPL: ask 9894.361888 <= best bid 9999.990388
[BOOK WARN] Crossed book rejected for AAPL: ask 9875.997401 <= best bid 9999.990388
[BOOK WARN] Crossed book rejected for AAPL: ask 9875.070565 <= best bid 9999.990388
[BOOK WARN] Crossed book rejected for AAPL: ask 9884.289438 <= best bid 9999.990388
[BOOK WARN] Crossed book rejected for AAPL: ask 9889.173284 <= best bid 9999.990388
[BOOK WARN] Crossed book rejected for AAPL: ask 9877.419096 <= best bid 9999.990388
[BOOK WARN] Crossed book rejected for AAPL: ask 9868.249749 <= best bid 9999.990388
[BOOK WARN] Crossed book rejected for AAPL: ask 9862.593202 <= best bid 9999.990388
[BOOK WARN] Crossed book rejected for AAPL: ask 9861.203459 <= best bid 9999.990388
[BOOK WARN] Crossed book rejected for AAPL: ask 9856.993954 <= best bid 9999.990388
[BOOK WARN] Crossed book rejected for AAPL: ask 9863.881626 <= best bid 9999.990388
[BOOK WARN] Crossed book rejected for AAPL: ask 9871.094048 <= best bid 9999.990388
[BOOK WARN] Crossed book rejected for AAPL: ask 9862.976542 <= best bid 9999.990388
[BOOK WARN] Crossed book rejected for AAPL: ask 9873.700746 <= best bid 9999.990388
[BOOK WARN] Crossed book rejected for AAPL: ask 9869.800913 <= best bid 9999.990388
[BOOK WARN] Crossed book rejected for AAPL: ask 9872.313124 <= best bid 9999.990388
[BOOK WARN] Crossed book rejected for AAPL: ask 9874.344265 <= best bid 9999.990388
[BOOK WARN] Crossed book rejected for AAPL: ask 9883.284569 <= best bid 9999.990388
[BOOK WARN] Crossed book rejected for AAPL: ask 9874.471039 <= best bid 9999.990388
[BOOK WARN] Crossed book rejected for AAPL: ask 9877.979516 <= best bid 9999.990388
[BOOK WARN] Crossed book rejected for AAPL: ask 9878.683765 <= best bid 9999.990388
[BOOK WARN] Crossed book rejected for AAPL: ask 9875.123794 <= best bid 9999.990388
[BOOK WARN] Crossed book rejected for AAPL: ask 9872.414368 <= best bid 9999.990388
[BOOK WARN] Crossed book rejected for AAPL: ask 9868.753930 <= best bid 9999.990388
[BOOK WARN] Crossed book rejected for AAPL: ask 9867.828486 <= best bid 9999.990388
[BOOK WARN] Crossed book rejected for AAPL: ask 9872.879817 <= best bid 9999.990388
[BOOK WARN] Crossed book rejected for AAPL: ask 9869.795660 <= best bid 9999.990388
[BOOK WARN] Crossed book rejected for AAPL: ask 9855.759246 <= best bid 9999.990388
[BOOK WARN] Crossed book rejected for AAPL: ask 9854.954510 <= best bid 9999.990388
[BOOK WARN] Crossed book rejected for AAPL: ask 9861.298735 <= best bid 9999.990388
[BOOK WARN] Crossed book rejected for AAPL: ask 9870.925934 <= best bid 9999.990388
[BOOK WARN] Crossed book rejected for AAPL: ask 9867.022367 <= best bid 9999.990388
[BOOK WARN] Crossed book rejected for AAPL: ask 9869.823777 <= best bid 9999.990388
[BOOK WARN] Crossed book rejected for AAPL: ask 9845.798775 <= best bid 9999.990388
[BOOK WARN] Crossed book rejected for AAPL: ask 9853.920811 <= best bid 9999.990388
[BOOK WARN] Crossed book rejected for AAPL: ask 9850.154966 <= best bid 9999.990388
[BOOK WARN] Crossed book rejected for AAPL: ask 9858.103583 <= best bid 9999.990388
[BOOK WARN] Crossed book rejected for AAPL: ask 9852.472635 <= best bid 9999.990388
[BOOK WARN] Crossed book rejected for AAPL: ask 9832.186592 <= best bid 9999.990388
[BOOK WARN] Crossed book rejected for AAPL: ask 9844.219138 <= best bid 9999.990388
[BOOK WARN] Crossed book rejected for AAPL: ask 9856.987150 <= best bid 9999.990388
[BOOK WARN] Crossed book rejected for AAPL: ask 9856.079671 <= best bid 9999.990388
[BOOK WARN] Crossed book rejected for AAPL: ask 9881.654251 <= best bid 9999.990388
[BOOK WARN] Crossed book rejected for AAPL: ask 9879.402265 <= best bid 9999.990388
[BOOK WARN] Crossed book rejected for AAPL: ask 9868.416443 <= best bid 9999.990388
[BOOK WARN] Crossed book rejected for AAPL: ask 9868.108786 <= best bid 9999.990388
[BOOK WARN] Crossed book rejected for AAPL: ask 9864.114417 <= best bid 9999.990388
[BOOK WARN] Crossed book rejected for AAPL: ask 9866.238832 <= best bid 9999.990388
[BOOK WARN] Crossed book rejected for AAPL: ask 9871.467550 <= best bid 9999.990388
[BOOK WARN] Crossed book rejected for AAPL: ask 9860.033236 <= best bid 9999.990388
[BOOK WARN] Crossed book rejected for AAPL: ask 9870.346826 <= best bid 9999.990388
[BOOK WARN] Crossed book rejected for AAPL: ask 9864.458661 <= best bid 9999.990388
[BOOK WARN] Crossed book rejected for AAPL: ask 9871.148311 <= best bid 9999.990388
[BOOK WARN] Crossed book rejected for AAPL: ask 9884.578109 <= best bid 9999.990388
[BOOK WARN] Crossed book rejected for AAPL: ask 9899.267606 <= best bid 9999.990388
[BOOK WARN] Crossed book rejected for AAPL: ask 9910.473253 <= best bid 9999.990388
[BOOK WARN] Crossed book rejected for AAPL: ask 9913.514691 <= best bid 9999.990388
[BOOK WARN] Crossed book rejected for AAPL: ask 9910.878784 <= best bid 9999.990388
[BOOK WARN] Crossed book rejected for AAPL: ask 9906.404566 <= best bid 9999.990388
[BOOK WARN] Crossed book rejected for AAPL: ask 9910.429779 <= best bid 9999.990388
[BOOK WARN] Crossed book rejected for AAPL: ask 9911.047333 <= best bid 9999.990388
[BOOK WARN] Crossed book rejected for AAPL: ask 9919.927829 <= best bid 9999.990388
[BOOK WARN] Crossed book rejected for AAPL: ask 9912.061858 <= best bid 9999.990388
[BOOK WARN] Crossed book rejected for AAPL: ask 9906.882650 <= best bid 9999.990388
[BOOK WARN] Crossed book rejected for AAPL: ask 9901.099819 <= best bid 9999.990388
[BOOK WARN] Crossed book rejected for AAPL: ask 9901.134569 <= best bid 9999.990388
[BOOK WARN] Crossed book rejected for AAPL: ask 9879.936891 <= best bid 9999.990388
[BOOK WARN] Crossed book rejected for AAPL: ask 9880.533852 <= best bid 9999.990388
[BOOK WARN] Crossed book rejected for AAPL: ask 9870.176325 <= best bid 9999.990388
[BOOK WARN] Crossed book rejected for AAPL: ask 9871.730792 <= best bid 9999.990388
[BOOK WARN] Crossed book rejected for AAPL: ask 9886.337198 <= best bid 9999.990388
[BOOK WARN] Crossed book rejected for AAPL: ask 9886.326549 <= best bid 9999.990388
[BOOK WARN] Crossed book rejected for AAPL: ask 9885.619489 <= best bid 9999.990388
[BOOK WARN] Crossed book rejected for AAPL: ask 9890.820514 <= best bid 9999.990388
[BOOK WARN] Crossed book rejected for AAPL: ask 9902.686272 <= best bid 9999.990388
[BOOK WARN] Crossed book rejected for AAPL: ask 9897.715000 <= best bid 9999.990388
[BOOK WARN] Crossed book rejected for AAPL: ask 9881.266128 <= best bid 9999.990388
[BOOK WARN] Crossed book rejected for AAPL: ask 9880.271480 <= best bid 9999.990388
[BOOK WARN] Crossed book rejected for AAPL: ask 9863.713701 <= best bid 9999.990388
[BOOK WARN] Crossed book rejected for AAPL: ask 9871.781054 <= best bid 9999.990388
[BOOK WARN] Crossed book rejected for AAPL: ask 9870.682932 <= best bid 9999.990388
[BOOK WARN] Crossed book rejected for AAPL: ask 9862.880731 <= best bid 9999.990388
[BOOK WARN] Crossed book rejected for AAPL: ask 9867.281897 <= best bid 9999.990388
[BOOK WARN] Crossed book rejected for AAPL: ask 9882.997482 <= best bid 9999.990388
[BOOK WARN] Crossed book rejected for AAPL: ask 9894.391701 <= best bid 9999.990388
[BOOK WARN] Crossed book rejected for AAPL: ask 9925.415208 <= best bid 9999.990388
[BOOK WARN] Crossed book rejected for AAPL: ask 9924.374246 <= best bid 9999.990388
[BOOK WARN] Crossed book rejected for AAPL: ask 9931.413065 <= best bid 9999.990388
[BOOK WARN] Crossed book rejected for AAPL: ask 9935.460211 <= best bid 9999.990388
[BOOK WARN] Crossed book rejected for AAPL: ask 9954.194021 <= best bid 9999.990388
[BOOK WARN] Crossed book rejected for AAPL: ask 9941.209373 <= best bid 9999.990388
[BOOK WARN] Crossed book rejected for AAPL: ask 9956.815776 <= best bid 9999.990388
[BOOK WARN] Crossed book rejected for AAPL: ask 9948.679122 <= best bid 9999.990388
[BOOK WARN] Crossed book rejected for AAPL: ask 9949.529716 <= best bid 9999.990388
[BOOK WARN] Crossed book rejected for AAPL: ask 9953.878245 <= best bid 9999.990388
[BOOK WARN] Crossed book rejected for AAPL: ask 9954.413517 <= best bid 9999.990388
[BOOK WARN] Crossed book rejected for AAPL: ask 9951.879613 <= best bid 9999.990388
[BOOK WARN] Crossed book rejected for AAPL: ask 9965.526976 <= best bid 9999.990388
[BOOK WARN] Crossed book rejected for AAPL: ask 9959.514463 <= best bid 9999.990388
[BOOK WARN] Crossed book rejected for AAPL: ask 9964.625537 <= best bid 9999.990388
[BOOK WARN] Crossed book rejected for AAPL: ask 9973.314582 <= best bid 9999.990388
[BOOK WARN] Crossed book rejected for AAPL: ask 9967.933269 <= best bid 9999.990388
[BOOK WARN] Crossed book rejected for AAPL: ask 9973.300926 <= best bid 9999.990388
[BOOK WARN] Crossed book rejected for AAPL: ask 9974.730550 <= best bid 9999.990388
[BOOK WARN] Crossed book rejected for AAPL: ask 9970.634906 <= best bid 9999.990388
[BOOK WARN] Crossed book rejected for AAPL: ask 9975.924766 <= best bid 9999.990388
[BOOK WARN] Crossed book rejected for AAPL: ask 9970.948116 <= best bid 9999.990388
[BOOK WARN] Crossed book rejected for AAPL: ask 9978.141908 <= best bid 9999.990388
[BOOK WARN] Crossed book rejected for AAPL: ask 9967.129510 <= best bid 9999.990388
[BOOK WARN] Crossed book rejected for AAPL: ask 9962.166935 <= best bid 9999.990388
[BOOK WARN] Crossed book rejected for AAPL: ask 9972.132255 <= best bid 9999.990388
[BOOK WARN] Crossed book rejected for AAPL: ask 9976.496139 <= best bid 9999.990388
[BOOK WARN] Crossed book rejected for AAPL: ask 9960.570576 <= best bid 9999.990388
[BOOK WARN] Crossed book rejected for AAPL: ask 9975.936538 <= best bid 9999.990388
[BOOK WARN] Crossed book rejected for AAPL: ask 9985.684253 <= best bid 9999.990388
[BOOK WARN] Crossed book rejected for AAPL: ask 9997.394233 <= best bid 9999.990388
[BOOK WARN] Crossed book rejected for AAPL: ask 9995.117025 <= best bid 9999.990388
[BOOK WARN] Crossed book rejected for AAPL: ask 9998.825995 <= best bid 9999.990388
[BOOK WARN] Crossed book rejected for AAPL: ask 9983.330379 <= best bid 9999.990388
[BOOK WARN] Crossed book rejected for AAPL: ask 9979.096818 <= best bid 9999.990388
[BOOK WARN] Crossed book rejected for AAPL: ask 9989.151160 <= best bid 9999.990388
[BOOK WARN] Crossed book rejected for AAPL: ask 9984.936070 <= best bid 9999.990388
[BOOK WARN] Crossed book rejected for AAPL: ask 9984.045799 <= best bid 9999.990388
[BOOK WARN] Crossed book rejected for AAPL: ask 9995.404443 <= best bid 9999.990388
[BOOK WARN] Crossed book rejected for AAPL: ask 9985.619478 <= best bid 9999.990388
[BOOK WARN] Crossed book rejected for AAPL: ask 9967.841127 <= best bid 9999.990388
[BOOK WARN] Crossed book rejected for AAPL: ask 9947.414202 <= best bid 9999.990388
[BOOK WARN] Crossed book rejected for AAPL: ask 9938.356661 <= best bid 9999.990388
[BOOK WARN] Crossed book rejected for AAPL: ask 9941.519085 <= best bid 9999.990388
[BOOK WARN] Crossed book rejected for AAPL: ask 9942.326158 <= best bid 9999.990388
[BOOK WARN] Crossed book rejected for AAPL: ask 9930.648449 <= best bid 9999.990388
[BOOK WARN] Crossed book rejected for AAPL: ask 9918.948042 <= best bid 9999.990388
[BOOK WARN] Crossed book rejected for AAPL: ask 9914.407030 <= best bid 9999.990388
[BOOK WARN] Crossed book rejected for AAPL: ask 9918.215645 <= best bid 9999.990388
[BOOK WARN] Crossed book rejected for AAPL: ask 9923.512531 <= best bid 9999.990388
[BOOK WARN] Crossed book rejected for AAPL: ask 9923.698265 <= best bid 9999.990388
[BOOK WARN] Crossed book rejected for AAPL: ask 9942.271288 <= best bid 9999.990388
[BOOK WARN] Crossed book rejected for AAPL: ask 9938.185872 <= best bid 9999.990388
[BOOK WARN] Crossed book rejected for AAPL: ask 9942.934515 <= best bid 9999.990388
[BOOK WARN] Crossed book rejected for AAPL: ask 9951.340473 <= best bid 9999.990388
[BOOK WARN] Crossed book rejected for AAPL: ask 9956.210776 <= best bid 9999.990388
[BOOK WARN] Crossed book rejected for AAPL: ask 9958.871440 <= best bid 9999.990388
[BOOK WARN] Crossed book rejected for AAPL: ask 9983.717324 <= best bid 9999.990388
[BOOK WARN] Crossed book rejected for AAPL: ask 9987.640076 <= best bid 9999.990388
[BOOK WARN] Crossed book rejected for AAPL: ask 9977.686903 <= best bid 9999.990388
[BOOK WARN] Crossed book rejected for AAPL: ask 9957.361293 <= best bid 9999.990388
[BOOK WARN] Crossed book rejected for AAPL: ask 9961.573030 <= best bid 9999.990388
[BOOK WARN] Crossed book rejected for AAPL: ask 9963.590966 <= best bid 9999.990388
[BOOK WARN] Crossed book rejected for AAPL: ask 9972.597073 <= best bid 9999.990388
[BOOK WARN] Crossed book rejected for AAPL: ask 9965.660135 <= best bid 9999.990388
[BOOK WARN] Crossed book rejected for AAPL: ask 9964.752481 <= best bid 9999.990388
[BOOK WARN] Crossed book rejected for AAPL: ask 9950.036269 <= best bid 9999.990388
[BOOK WARN] Crossed book rejected for AAPL: ask 9930.820991 <= best bid 9999.990388
[BOOK WARN] Crossed book rejected for AAPL: ask 9948.664596 <= best bid 9999.990388
[BOOK WARN] Crossed book rejected for AAPL: ask 9952.904741 <= best bid 9999.990388
[BOOK WARN] Crossed book rejected for AAPL: ask 9947.374419 <= best bid 9999.990388
[BOOK WARN] Crossed book rejected for AAPL: ask 9944.393004 <= best bid 9999.990388
[BOOK WARN] Crossed book rejected for AAPL: ask 9933.578358 <= best bid 9999.990388
[BOOK WARN] Crossed book rejected for AAPL: ask 9955.935678 <= best bid 9999.990388
[BOOK WARN] Crossed book rejected for AAPL: ask 9959.699976 <= best bid 9999.990388
[BOOK WARN] Crossed book rejected for AAPL: ask 9969.243952 <= best bid 9999.990388
[BOOK WARN] Crossed book rejected for AAPL: ask 9963.237953 <= best bid 9999.990388
[BOOK WARN] Crossed book rejected for AAPL: ask 9966.626557 <= best bid 9999.990388
[BOOK WARN] Crossed book rejected for AAPL: ask 9963.553184 <= best bid 9999.990388
[BOOK WARN] Crossed book rejected for AAPL: ask 9970.493104 <= best bid 9999.990388
[BOOK WARN] Crossed book rejected for AAPL: ask 9965.901121 <= best bid 9999.990388
[BOOK WARN] Crossed book rejected for AAPL: ask 9957.847881 <= best bid 9999.990388
[BOOK WARN] Crossed book rejected for AAPL: ask 9946.229667 <= best bid 9999.990388
[BOOK WARN] Crossed book rejected for AAPL: ask 9946.709325 <= best bid 9999.990388
[BOOK WARN] Crossed book rejected for AAPL: ask 9932.096800 <= best bid 9999.990388
[BOOK WARN] Crossed book rejected for AAPL: ask 9925.411523 <= best bid 9999.990388
[BOOK WARN] Crossed book rejected for AAPL: ask 9927.211904 <= best bid 9999.990388
[BOOK WARN] Crossed book rejected for AAPL: ask 9928.013944 <= best bid 9999.990388
[BOOK WARN] Crossed book rejected for AAPL: ask 9937.590941 <= best bid 9999.990388
[BOOK WARN] Crossed book rejected for AAPL: ask 9937.017783 <= best bid 9999.990388
[BOOK WARN] Crossed book rejected for AAPL: ask 9926.309328 <= best bid 9999.990388
[BOOK WARN] Crossed book rejected for AAPL: ask 9923.987408 <= best bid 9999.990388
[BOOK WARN] Crossed book rejected for AAPL: ask 9940.601260 <= best bid 9999.990388
[BOOK WARN] Crossed book rejected for AAPL: ask 9957.359152 <= best bid 9999.990388
[BOOK WARN] Crossed book rejected for AAPL: ask 9949.870586 <= best bid 9999.990388
[BOOK WARN] Crossed book rejected for AAPL: ask 9976.171475 <= best bid 9999.990388
[BOOK WARN] Crossed book rejected for AAPL: ask 9975.213346 <= best bid 9999.990388
[BOOK WARN] Crossed book rejected for AAPL: ask 9960.116573 <= best bid 9999.990388
[BOOK WARN] Crossed book rejected for AAPL: ask 9949.548324 <= best bid 9999.990388
[BOOK WARN] Crossed book rejected for AAPL: ask 9937.712545 <= best bid 9999.990388
[BOOK WARN] Crossed book rejected for AAPL: ask 9947.817176 <= best bid 9999.990388
[BOOK WARN] Crossed book rejected for AAPL: ask 9950.800889 <= best bid 9999.990388
[BOOK WARN] Crossed book rejected for AAPL: ask 9925.677875 <= best bid 9999.990388
[BOOK WARN] Crossed book rejected for AAPL: ask 9905.300215 <= best bid 9999.990388
[BOOK WARN] Crossed book rejected for AAPL: ask 9899.051755 <= best bid 9999.990388
[BOOK WARN] Crossed book rejected for AAPL: ask 9896.428866 <= best bid 9999.990388
[BOOK WARN] Crossed book rejected for AAPL: ask 9885.602036 <= best bid 9999.990388
[BOOK WARN] Crossed book rejected for AAPL: ask 9897.694061 <= best bid 9999.990388
[BOOK WARN] Crossed book rejected for AAPL: ask 9898.125068 <= best bid 9999.990388
[BOOK WARN] Crossed book rejected for AAPL: ask 9926.830672 <= best bid 9999.990388
[BOOK WARN] Crossed book rejected for AAPL: ask 9928.466015 <= best bid 9999.990388
[BOOK WARN] Crossed book rejected for AAPL: ask 9933.737740 <= best bid 9999.990388
[BOOK WARN] Crossed book rejected for AAPL: ask 9929.814460 <= best bid 9999.990388
[BOOK WARN] Crossed book rejected for AAPL: ask 9919.193684 <= best bid 9999.990388
[BOOK WARN] Crossed book rejected for AAPL: ask 9914.545466 <= best bid 9999.990388
[BOOK WARN] Crossed book rejected for AAPL: ask 9914.180063 <= best bid 9999.990388
[BOOK WARN] Crossed book rejected for AAPL: ask 9918.635139 <= best bid 9999.990388
[BOOK WARN] Crossed book rejected for AAPL: ask 9927.231109 <= best bid 9999.990388
[BOOK WARN] Crossed book rejected for AAPL: ask 9929.584497 <= best bid 9999.990388
[BOOK WARN] Crossed book rejected for AAPL: ask 9920.833309 <= best bid 9999.990388
[BOOK WARN] Crossed book rejected for AAPL: ask 9917.749445 <= best bid 9999.990388
[BOOK WARN] Crossed book rejected for AAPL: ask 9901.582037 <= best bid 9999.990388
[BOOK WARN] Crossed book rejected for AAPL: ask 9896.088590 <= best bid 9999.990388
[BOOK WARN] Crossed book rejected for AAPL: ask 9895.319837 <= best bid 9999.990388
[BOOK WARN] Crossed book rejected for AAPL: ask 9882.708926 <= best bid 9999.990388
[BOOK WARN] Crossed book rejected for AAPL: ask 9883.399505 <= best bid 9999.990388
[BOOK WARN] Crossed book rejected for AAPL: ask 9880.395038 <= best bid 9999.990388
[BOOK WARN] Crossed book rejected for AAPL: ask 9884.380562 <= best bid 9999.990388
[BOOK WARN] Crossed book rejected for AAPL: ask 9876.398782 <= best bid 9999.990388
[BOOK WARN] Crossed book rejected for AAPL: ask 9884.950196 <= best bid 9999.990388
[BOOK WARN] Crossed book rejected for AAPL: ask 9876.936214 <= best bid 9999.990388
[BOOK WARN] Crossed book rejected for AAPL: ask 9884.224638 <= best bid 9999.990388
[BOOK WARN] Crossed book rejected for AAPL: ask 9882.103022 <= best bid 9999.990388
[BOOK WARN] Crossed book rejected for AAPL: ask 9893.547535 <= best bid 9999.990388
[BOOK WARN] Crossed book rejected for AAPL: ask 9893.937220 <= best bid 9999.990388
[BOOK WARN] Crossed book rejected for AAPL: ask 9893.720784 <= best bid 9999.990388
[BOOK WARN] Crossed book rejected for AAPL: ask 9892.633165 <= best bid 9999.990388
[BOOK WARN] Crossed book rejected for AAPL: ask 9875.828872 <= best bid 9999.990388
[BOOK WARN] Crossed book rejected for AAPL: ask 9888.506097 <= best bid 9999.990388
[BOOK WARN] Crossed book rejected for AAPL: ask 9887.800642 <= best bid 9999.990388
[BOOK WARN] Crossed book rejected for AAPL: ask 9891.720867 <= best bid 9999.990388
[BOOK WARN] Crossed book rejected for AAPL: ask 9895.328596 <= best bid 9999.990388
[BOOK WARN] Crossed book rejected for AAPL: ask 9894.473228 <= best bid 9999.990388
[BOOK WARN] Crossed book rejected for AAPL: ask 9889.288416 <= best bid 9999.990388
[BOOK WARN] Crossed book rejected for AAPL: ask 9888.512351 <= best bid 9999.990388
[BOOK WARN] Crossed book rejected for AAPL: ask 9889.044916 <= best bid 9999.990388
[BOOK WARN] Crossed book rejected for AAPL: ask 9887.522960 <= best bid 9999.990388
[BOOK WARN] Crossed book rejected for AAPL: ask 9878.806866 <= best bid 9999.990388
[BOOK WARN] Crossed book rejected for AAPL: ask 9864.395007 <= best bid 9999.990388
[BOOK WARN] Crossed book rejected for AAPL: ask 9864.349111 <= best bid 9999.990388
[BOOK WARN] Crossed book rejected for AAPL: ask 9865.273070 <= best bid 9999.990388
[BOOK WARN] Crossed book rejected for AAPL: ask 9879.886549 <= best bid 9999.990388
[BOOK WARN] Crossed book rejected for AAPL: ask 9885.332279 <= best bid 9999.990388
[BOOK WARN] Crossed book rejected for AAPL: ask 9893.894285 <= best bid 9999.990388
[BOOK WARN] Crossed book rejected for AAPL: ask 9903.935670 <= best bid 9999.990388
[BOOK WARN] Crossed book rejected for AAPL: ask 9893.324401 <= best bid 9999.990388
[BOOK WARN] Crossed book rejected for AAPL: ask 9889.693541 <= best bid 9999.990388
[BOOK WARN] Crossed book rejected for AAPL: ask 9892.133587 <= best bid 9999.990388
[BOOK WARN] Crossed book rejected for AAPL: ask 9890.074703 <= best bid 9999.990388
[BOOK WARN] Crossed book rejected for AAPL: ask 9877.869929 <= best bid 9999.990388
[BOOK WARN] Crossed book rejected for AAPL: ask 9870.350341 <= best bid 9999.990388
[BOOK WARN] Crossed book rejected for AAPL: ask 9856.274420 <= best bid 9999.990388
[BOOK WARN] Crossed book rejected for AAPL: ask 9862.170470 <= best bid 9999.990388
[BOOK WARN] Crossed book rejected for AAPL: ask 9857.465807 <= best bid 9999.990388
[BOOK WARN] Crossed book rejected for AAPL: ask 9836.796581 <= best bid 9999.990388
[BOOK WARN] Crossed book rejected for AAPL: ask 9852.916391 <= best bid 9999.990388
[BOOK WARN] Crossed book rejected for AAPL: ask 9856.041014 <= best bid 9999.990388
[BOOK WARN] Crossed book rejected for AAPL: ask 9864.163206 <= best bid 9999.990388
[BOOK WARN] Crossed book rejected for AAPL: ask 9855.363380 <= best bid 9999.990388
[BOOK WARN] Crossed book rejected for AAPL: ask 9857.442962 <= best bid 9999.990388
[BOOK WARN] Crossed book rejected for AAPL: ask 9865.651805 <= best bid 9999.990388
[BOOK WARN] Crossed book rejected for AAPL: ask 9858.276258 <= best bid 9999.990388
[BOOK WARN] Crossed book rejected for AAPL: ask 9857.004344 <= best bid 9999.990388
[BOOK WARN] Crossed book rejected for AAPL: ask 9847.543963 <= best bid 9999.990388
[BOOK WARN] Crossed book rejected for AAPL: ask 9846.727066 <= best bid 9999.990388
[BOOK WARN] Crossed book rejected for AAPL: ask 9843.048867 <= best bid 9999.990388
[BOOK WARN] Crossed book rejected for AAPL: ask 9847.885793 <= best bid 9999.990388
[BOOK WARN] Crossed book rejected for AAPL: ask 9839.640939 <= best bid 9999.990388
[BOOK WARN] Crossed book rejected for AAPL: ask 9839.484709 <= best bid 9999.990388
[BOOK WARN] Crossed book rejected for AAPL: ask 9829.901902 <= best bid 9999.990388
[BOOK WARN] Crossed book rejected for AAPL: ask 9814.423764 <= best bid 9999.990388
[BOOK WARN] Crossed book rejected for AAPL: ask 9795.552463 <= best bid 9999.990388
[BOOK WARN] Crossed book rejected for AAPL: ask 9788.939329 <= best bid 9999.990388
[BOOK WARN] Crossed book rejected for AAPL: ask 9784.561880 <= best bid 9999.990388
[BOOK WARN] Crossed book rejected for AAPL: ask 9783.709452 <= best bid 9999.990388
[BOOK WARN] Crossed book rejected for AAPL: ask 9780.318612 <= best bid 9999.990388
[BOOK WARN] Crossed book rejected for AAPL: ask 9791.557928 <= best bid 9999.990388
[BOOK WARN] Crossed book rejected for AAPL: ask 9796.823072 <= best bid 9999.990388
[BOOK WARN] Crossed book rejected for AAPL: ask 9813.529464 <= best bid 9999.990388
[BOOK WARN] Crossed book rejected for AAPL: ask 9814.739098 <= best bid 9999.990388
[BOOK WARN] Crossed book rejected for AAPL: ask 9810.335348 <= best bid 9999.990388
[BOOK WARN] Crossed book rejected for AAPL: ask 9815.578706 <= best bid 9999.990388
[BOOK WARN] Crossed book rejected for AAPL: ask 9820.975798 <= best bid 9999.990388
[BOOK WARN] Crossed book rejected for AAPL: ask 9817.275659 <= best bid 9999.990388
[BOOK WARN] Crossed book rejected for AAPL: ask 9815.200598 <= best bid 9999.990388
[BOOK WARN] Crossed book rejected for AAPL: ask 9814.860582 <= best bid 9999.990388
[BOOK WARN] Crossed book rejected for AAPL: ask 9809.040282 <= best bid 9999.990388
[BOOK WARN] Crossed book rejected for AAPL: ask 9807.882651 <= best bid 9999.990388
[BOOK WARN] Crossed book rejected for AAPL: ask 9784.550274 <= best bid 9999.990388
[BOOK WARN] Crossed book rejected for AAPL: ask 9771.526866 <= best bid 9999.990388
[BOOK WARN] Crossed book rejected for AAPL: ask 9774.641258 <= best bid 9999.990388
[BOOK WARN] Crossed book rejected for AAPL: ask 9765.505941 <= best bid 9999.990388
[BOOK WARN] Crossed book rejected for AAPL: ask 9781.326210 <= best bid 9999.990388
[BOOK WARN] Crossed book rejected for AAPL: ask 9775.620689 <= best bid 9999.990388
[BOOK WARN] Crossed book rejected for AAPL: ask 9773.915228 <= best bid 9999.990388
[BOOK WARN] Crossed book rejected for AAPL: ask 9763.348217 <= best bid 9999.990388
[BOOK WARN] Crossed book rejected for AAPL: ask 9755.692471 <= best bid 9999.990388
[BOOK WARN] Crossed book rejected for AAPL: ask 9742.895277 <= best bid 9999.990388
[BOOK WARN] Crossed book rejected for AAPL: ask 9740.617728 <= best bid 9999.990388
[BOOK WARN] Crossed book rejected for AAPL: ask 9744.317916 <= best bid 9999.990388
[BOOK WARN] Crossed book rejected for AAPL: ask 9749.480540 <= best bid 9999.990388
[BOOK WARN] Crossed book rejected for AAPL: ask 9750.199577 <= best bid 9999.990388
[BOOK WARN] Crossed book rejected for AAPL: ask 9740.269356 <= best bid 9999.990388
[BOOK WARN] Crossed book rejected for AAPL: ask 9753.235045 <= best bid 9999.990388
[BOOK WARN] Crossed book rejected for AAPL: ask 9755.578323 <= best bid 9999.990388
[BOOK WARN] Crossed book rejected for AAPL: ask 9748.924226 <= best bid 9999.990388
[BOOK WARN] Crossed book rejected for AAPL: ask 9757.885545 <= best bid 9999.990388
[BOOK WARN] Crossed book rejected for AAPL: ask 9771.631779 <= best bid 9999.990388
[BOOK WARN] Crossed book rejected for AAPL: ask 9777.656349 <= best bid 9999.990388
[BOOK WARN] Crossed book rejected for AAPL: ask 9776.952972 <= best bid 9999.990388
[BOOK WARN] Crossed book rejected for AAPL: ask 9780.163169 <= best bid 9999.990388
[BOOK WARN] Crossed book rejected for AAPL: ask 9766.484309 <= best bid 9999.990388
[BOOK WARN] Crossed book rejected for AAPL: ask 9773.125891 <= best bid 9999.990388
[BOOK WARN] Crossed book rejected for AAPL: ask 9782.000203 <= best bid 9999.990388
[BOOK WARN] Crossed book rejected for AAPL: ask 9790.256618 <= best bid 9999.990388
[BOOK WARN] Crossed book rejected for AAPL: ask 9786.013292 <= best bid 9999.990388
[BOOK WARN] Crossed book rejected for AAPL: ask 9776.906244 <= best bid 9999.990388
[BOOK WARN] Crossed book rejected for AAPL: ask 9787.926299 <= best bid 9999.990388
[BOOK WARN] Crossed book rejected for AAPL: ask 9785.514126 <= best bid 9999.990388
[BOOK WARN] Crossed book rejected for AAPL: ask 9780.578401 <= best bid 9999.990388
[BOOK WARN] Crossed book rejected for AAPL: ask 9787.622634 <= best bid 9999.990388
[BOOK WARN] Crossed book rejected for AAPL: ask 9791.606165 <= best bid 9999.990388
[BOOK WARN] Crossed book rejected for AAPL: ask 9801.174161 <= best bid 9999.990388
[BOOK WARN] Crossed book rejected for AAPL: ask 9801.743350 <= best bid 9999.990388
[BOOK WARN] Crossed book rejected for AAPL: ask 9806.470370 <= best bid 9999.990388
[BOOK WARN] Crossed book rejected for AAPL: ask 9790.073002 <= best bid 9999.990388
[BOOK WARN] Crossed book rejected for AAPL: ask 9796.057349 <= best bid 9999.990388
[BOOK WARN] Crossed book rejected for AAPL: ask 9793.332255 <= best bid 9999.990388
[BOOK WARN] Crossed book rejected for AAPL: ask 9770.616059 <= best bid 9999.990388
[BOOK WARN] Crossed book rejected for AAPL: ask 9773.223773 <= best bid 9999.990388
[BOOK WARN] Crossed book rejected for AAPL: ask 9776.082650 <= best bid 9999.990388
[BOOK WARN] Crossed book rejected for AAPL: ask 9760.043165 <= best bid 9999.990388
[BOOK WARN] Crossed book rejected for AAPL: ask 9784.681391 <= best bid 9999.990388
[BOOK WARN] Crossed book rejected for AAPL: ask 9795.086914 <= best bid 9999.990388
[BOOK WARN] Crossed book rejected for AAPL: ask 9796.811515 <= best bid 9999.990388
[BOOK WARN] Crossed book rejected for AAPL: ask 9786.747206 <= best bid 9999.990388
[BOOK WARN] Crossed book rejected for AAPL: ask 9781.056550 <= best bid 9999.990388
[BOOK WARN] Crossed book rejected for AAPL: ask 9789.469624 <= best bid 9999.990388
[BOOK WARN] Crossed book rejected for AAPL: ask 9792.523762 <= best bid 9999.990388
[BOOK WARN] Crossed book rejected for AAPL: ask 9781.739826 <= best bid 9999.990388
[BOOK WARN] Crossed book rejected for AAPL: ask 9781.643515 <= best bid 9999.990388
[BOOK WARN] Crossed book rejected for AAPL: ask 9785.097844 <= best bid 9999.990388
[BOOK WARN] Crossed book rejected for AAPL: ask 9797.549804 <= best bid 9999.990388
[BOOK WARN] Crossed book rejected for AAPL: ask 9790.659293 <= best bid 9999.990388
[BOOK WARN] Crossed book rejected for AAPL: ask 9789.862529 <= best bid 9999.990388
[BOOK WARN] Crossed book rejected for AAPL: ask 9794.674241 <= best bid 9999.990388
[BOOK WARN] Crossed book rejected for AAPL: ask 9796.827363 <= best bid 9999.990388
[BOOK WARN] Crossed book rejected for AAPL: ask 9804.835700 <= best bid 9999.990388
[BOOK WARN] Crossed book rejected for AAPL: ask 9808.236470 <= best bid 9999.990388
[BOOK WARN] Crossed book rejected for AAPL: ask 9804.838402 <= best bid 9999.990388
[BOOK WARN] Crossed book rejected for AAPL: ask 9805.064981 <= best bid 9999.990388
[BOOK WARN] Crossed book rejected for AAPL: ask 9815.271044 <= best bid 9999.990388
[BOOK WARN] Crossed book rejected for AAPL: ask 9826.973219 <= best bid 9999.990388
[BOOK WARN] Crossed book rejected for AAPL: ask 9815.393207 <= best bid 9999.990388
[BOOK WARN] Crossed book rejected for AAPL: ask 9812.843195 <= best bid 9999.990388
[BOOK WARN] Crossed book rejected for AAPL: ask 9797.514163 <= best bid 9999.990388
[BOOK WARN] Crossed book rejected for AAPL: ask 9804.139818 <= best bid 9999.990388
[BOOK WARN] Crossed book rejected for AAPL: ask 9809.199637 <= best bid 9999.990388
[BOOK WARN] Crossed book rejected for AAPL: ask 9818.463229 <= best bid 9999.990388
[BOOK WARN] Crossed book rejected for AAPL: ask 9827.136309 <= best bid 9999.990388
[BOOK WARN] Crossed book rejected for AAPL: ask 9838.090813 <= best bid 9999.990388
[BOOK WARN] Crossed book rejected for AAPL: ask 9834.532270 <= best bid 9999.990388
[BOOK WARN] Crossed book rejected for AAPL: ask 9829.078277 <= best bid 9999.990388
[BOOK WARN] Crossed book rejected for AAPL: ask 9827.676898 <= best bid 9999.990388
[BOOK WARN] Crossed book rejected for AAPL: ask 9846.789020 <= best bid 9999.990388
[BOOK WARN] Crossed book rejected for AAPL: ask 9845.774878 <= best bid 9999.990388
[BOOK WARN] Crossed book rejected for AAPL: ask 9833.960809 <= best bid 9999.990388
[BOOK WARN] Crossed book rejected for AAPL: ask 9824.074822 <= best bid 9999.990388
[BOOK WARN] Crossed book rejected for AAPL: ask 9804.594159 <= best bid 9999.990388
[BOOK WARN] Crossed book rejected for AAPL: ask 9808.942402 <= best bid 9999.990388
[BOOK WARN] Crossed book rejected for AAPL: ask 9827.176564 <= best bid 9999.990388
[BOOK WARN] Crossed book rejected for AAPL: ask 9827.341964 <= best bid 9999.990388
[BOOK WARN] Crossed book rejected for AAPL: ask 9817.598992 <= best bid 9999.990388
[BOOK WARN] Crossed book rejected for AAPL: ask 9813.427122 <= best bid 9999.990388
[BOOK WARN] Crossed book rejected for AAPL: ask 9821.288393 <= best bid 9999.990388
[BOOK WARN] Crossed book rejected for AAPL: ask 9819.106207 <= best bid 9999.990388
[BOOK WARN] Crossed book rejected for AAPL: ask 9816.976659 <= best bid 9999.990388
[BOOK WARN] Crossed book rejected for AAPL: ask 9804.215640 <= best bid 9999.990388
[BOOK WARN] Crossed book rejected for AAPL: ask 9805.758151 <= best bid 9999.990388
[BOOK WARN] Crossed book rejected for AAPL: ask 9803.988756 <= best bid 9999.990388
[BOOK WARN] Crossed book rejected for AAPL: ask 9812.184299 <= best bid 9999.990388
[BOOK WARN] Crossed book rejected for AAPL: ask 9824.678842 <= best bid 9999.990388
[BOOK WARN] Crossed book rejected for AAPL: ask 9826.071130 <= best bid 9999.990388
[BOOK WARN] Crossed book rejected for AAPL: ask 9824.031773 <= best bid 9999.990388
[BOOK WARN] Crossed book rejected for AAPL: ask 9832.961892 <= best bid 9999.990388
[BOOK WARN] Crossed book rejected for AAPL: ask 9824.089202 <= best bid 9999.990388
[BOOK WARN] Crossed book rejected for AAPL: ask 9822.417851 <= best bid 9999.990388
[BOOK WARN] Crossed book rejected for AAPL: ask 9790.794483 <= best bid 9999.990388
[BOOK WARN] Crossed book rejected for AAPL: ask 9801.541059 <= best bid 9999.990388
[BOOK WARN] Crossed book rejected for AAPL: ask 9794.585933 <= best bid 9999.990388
[BOOK WARN] Crossed book rejected for AAPL: ask 9786.240956 <= best bid 9999.990388
[BOOK WARN] Crossed book rejected for AAPL: ask 9787.665465 <= best bid 9999.990388
[BOOK WARN] Crossed book rejected for AAPL: ask 9768.821138 <= best bid 9999.990388
[BOOK WARN] Crossed book rejected for AAPL: ask 9777.955962 <= best bid 9999.990388
[BOOK WARN] Crossed book rejected for AAPL: ask 9773.681583 <= best bid 9999.990388
[BOOK WARN] Crossed book rejected for AAPL: ask 9754.975867 <= best bid 9999.990388
[BOOK WARN] Crossed book rejected for AAPL: ask 9754.516598 <= best bid 9999.990388
[BOOK WARN] Crossed book rejected for AAPL: ask 9764.883721 <= best bid 9999.990388
[BOOK WARN] Crossed book rejected for AAPL: ask 9778.214613 <= best bid 9999.990388
[BOOK WARN] Crossed book rejected for AAPL: ask 9778.384933 <= best bid 9999.990388
[BOOK WARN] Crossed book rejected for AAPL: ask 9755.965916 <= best bid 9999.990388
[BOOK WARN] Crossed book rejected for AAPL: ask 9753.097917 <= best bid 9999.990388
[BOOK WARN] Crossed book rejected for AAPL: ask 9732.983593 <= best bid 9999.990388
[BOOK WARN] Crossed book rejected for AAPL: ask 9741.707988 <= best bid 9999.990388
[BOOK WARN] Crossed book rejected for AAPL: ask 9734.932751 <= best bid 9999.990388
[BOOK WARN] Crossed book rejected for AAPL: ask 9731.417562 <= best bid 9999.990388
[BOOK WARN] Crossed book rejected for AAPL: ask 9713.240180 <= best bid 9999.990388
[BOOK WARN] Crossed book rejected for AAPL: ask 9707.282947 <= best bid 9999.990388
[BOOK WARN] Crossed book rejected for AAPL: ask 9703.827539 <= best bid 9999.990388
[BOOK WARN] Crossed book rejected for AAPL: ask 9701.795622 <= best bid 9999.990388
[BOOK WARN] Crossed book rejected for AAPL: ask 9691.045599 <= best bid 9999.990388
[BOOK WARN] Crossed book rejected for AAPL: ask 9699.061088 <= best bid 9999.990388
[BOOK WARN] Crossed book rejected for AAPL: ask 9695.165828 <= best bid 9999.990388
[BOOK WARN] Crossed book rejected for AAPL: ask 9667.247724 <= best bid 9999.990388
[BOOK WARN] Crossed book rejected for AAPL: ask 9674.801098 <= best bid 9999.990388
[BOOK WARN] Crossed book rejected for AAPL: ask 9671.401071 <= best bid 9999.990388
[BOOK WARN] Crossed book rejected for AAPL: ask 9665.907429 <= best bid 9999.990388
[BOOK WARN] Crossed book rejected for AAPL: ask 9662.016160 <= best bid 9999.990388
[BOOK WARN] Crossed book rejected for AAPL: ask 9684.453796 <= best bid 9999.990388
[BOOK WARN] Crossed book rejected for AAPL: ask 9676.362006 <= best bid 9999.990388
[BOOK WARN] Crossed book rejected for AAPL: ask 9685.055007 <= best bid 9999.990388
[BOOK WARN] Crossed book rejected for AAPL: ask 9661.735040 <= best bid 9999.990388
[BOOK WARN] Crossed book rejected for AAPL: ask 9674.392298 <= best bid 9999.990388
[BOOK WARN] Crossed book rejected for AAPL: ask 9663.823848 <= best bid 9999.990388
[BOOK WARN] Crossed book rejected for AAPL: ask 9654.069636 <= best bid 9999.990388
[BOOK WARN] Crossed book rejected for AAPL: ask 9643.907431 <= best bid 9999.990388
[BOOK WARN] Crossed book rejected for AAPL: ask 9647.768209 <= best bid 9999.990388
[BOOK WARN] Crossed book rejected for AAPL: ask 9645.316237 <= best bid 9999.990388
[BOOK WARN] Crossed book rejected for AAPL: ask 9639.928468 <= best bid 9999.990388
[BOOK WARN] Crossed book rejected for AAPL: ask 9646.137676 <= best bid 9999.990388
[BOOK WARN] Crossed book rejected for AAPL: ask 9651.900053 <= best bid 9999.990388
[BOOK WARN] Crossed book rejected for AAPL: ask 9651.930730 <= best bid 9999.990388
[BOOK WARN] Crossed book rejected for AAPL: ask 9635.013477 <= best bid 9999.990388
[BOOK WARN] Crossed book rejected for AAPL: ask 9625.944840 <= best bid 9999.990388
[BOOK WARN] Crossed book rejected for AAPL: ask 9618.539821 <= best bid 9999.990388
[BOOK WARN] Crossed book rejected for AAPL: ask 9616.587392 <= best bid 9999.990388
[BOOK WARN] Crossed book rejected for AAPL: ask 9609.123795 <= best bid 9999.990388
[BOOK WARN] Crossed book rejected for AAPL: ask 9610.725430 <= best bid 9999.990388
[BOOK WARN] Crossed book rejected for AAPL: ask 9608.758594 <= best bid 9999.990388
[BOOK WARN] Crossed book rejected for AAPL: ask 9611.176768 <= best bid 9999.990388
[BOOK WARN] Crossed book rejected for AAPL: ask 9626.472084 <= best bid 9999.990388
[BOOK WARN] Crossed book rejected for AAPL: ask 9624.598298 <= best bid 9999.990388
[BOOK WARN] Crossed book rejected for AAPL: ask 9619.864516 <= best bid 9999.990388
[BOOK WARN] Crossed book rejected for AAPL: ask 9614.746630 <= best bid 9999.990388
[BOOK WARN] Crossed book rejected for AAPL: ask 9607.591469 <= best bid 9999.990388
[BOOK WARN] Crossed book rejected for AAPL: ask 9609.934002 <= best bid 9999.990388
[BOOK WARN] Crossed book rejected for AAPL: ask 9608.633467 <= best bid 9999.990388
[BOOK WARN] Crossed book rejected for AAPL: ask 9596.875038 <= best bid 9999.990388
[BOOK WARN] Crossed book rejected for AAPL: ask 9603.760638 <= best bid 9999.990388
[BOOK WARN] Crossed book rejected for AAPL: ask 9602.465231 <= best bid 9999.990388
[BOOK WARN] Crossed book rejected for AAPL: ask 9619.581314 <= best bid 9999.990388
[BOOK WARN] Crossed book rejected for AAPL: ask 9611.881261 <= best bid 9999.990388
[BOOK WARN] Crossed book rejected for AAPL: ask 9600.558442 <= best bid 9999.990388
[BOOK WARN] Crossed book rejected for AAPL: ask 9605.611954 <= best bid 9999.990388
[BOOK WARN] Crossed book rejected for AAPL: ask 9615.377674 <= best bid 9999.990388
[BOOK WARN] Crossed book rejected for AAPL: ask 9635.356500 <= best bid 9999.990388
[BOOK WARN] Crossed book rejected for AAPL: ask 9634.387137 <= best bid 9999.990388
[BOOK WARN] Crossed book rejected for AAPL: ask 9632.054930 <= best bid 9999.990388
[BOOK WARN] Crossed book rejected for AAPL: ask 9637.646719 <= best bid 9999.990388
[BOOK WARN] Crossed book rejected for AAPL: ask 9636.998298 <= best bid 9999.990388
[BOOK WARN] Crossed book rejected for AAPL: ask 9643.219509 <= best bid 9999.990388
[BOOK WARN] Crossed book rejected for AAPL: ask 9639.836895 <= best bid 9999.990388
[BOOK WARN] Crossed book rejected for AAPL: ask 9645.176055 <= best bid 9999.990388
[BOOK WARN] Crossed book rejected for AAPL: ask 9639.408179 <= best bid 9999.990388
[BOOK WARN] Crossed book rejected for AAPL: ask 9627.414176 <= best bid 9999.990388
[BOOK WARN] Crossed book rejected for AAPL: ask 9654.000953 <= best bid 9999.990388
[BOOK WARN] Crossed book rejected for AAPL: ask 9643.475060 <= best bid 9999.990388
[BOOK WARN] Crossed book rejected for AAPL: ask 9636.081892 <= best bid 9999.990388
[BOOK WARN] Crossed book rejected for AAPL: ask 9636.552347 <= best bid 9999.990388
[BOOK WARN] Crossed book rejected for AAPL: ask 9623.971679 <= best bid 9999.990388
[BOOK WARN] Crossed book rejected for AAPL: ask 9615.344500 <= best bid 9999.990388
[BOOK WARN] Crossed book rejected for AAPL: ask 9624.733288 <= best bid 9999.990388
[BOOK WARN] Crossed book rejected for AAPL: ask 9622.204055 <= best bid 9999.990388
[BOOK WARN] Crossed book rejected for AAPL: ask 9633.504908 <= best bid 9999.990388
[BOOK WARN] Crossed book rejected for AAPL: ask 9635.113169 <= best bid 9999.990388
[BOOK WARN] Crossed book rejected for AAPL: ask 9642.782796 <= best bid 9999.990388
[BOOK WARN] Crossed book rejected for AAPL: ask 9647.596086 <= best bid 9999.990388
[BOOK WARN] Crossed book rejected for AAPL: ask 9653.597787 <= best bid 9999.990388
[BOOK WARN] Crossed book rejected for AAPL: ask 9646.155714 <= best bid 9999.990388
[BOOK WARN] Crossed book rejected for AAPL: ask 9654.244747 <= best bid 9999.990388
[BOOK WARN] Crossed book rejected for AAPL: ask 9670.819881 <= best bid 9999.990388
[BOOK WARN] Crossed book rejected for AAPL: ask 9674.749780 <= best bid 9999.990388
[BOOK WARN] Crossed book rejected for AAPL: ask 9679.450743 <= best bid 9999.990388
[BOOK WARN] Crossed book rejected for AAPL: ask 9671.502176 <= best bid 9999.990388
[BOOK WARN] Crossed book rejected for AAPL: ask 9660.363011 <= best bid 9999.990388
[BOOK WARN] Crossed book rejected for AAPL: ask 9678.526120 <= best bid 9999.990388
[BOOK WARN] Crossed book rejected for AAPL: ask 9681.292000 <= best bid 9999.990388
[BOOK WARN] Crossed book rejected for AAPL: ask 9686.798531 <= best bid 9999.990388
[BOOK WARN] Crossed book rejected for AAPL: ask 9704.474882 <= best bid 9999.990388
[BOOK WARN] Crossed book rejected for AAPL: ask 9717.558543 <= best bid 9999.990388
[BOOK WARN] Crossed book rejected for AAPL: ask 9704.684625 <= best bid 9999.990388
[BOOK WARN] Crossed book rejected for AAPL: ask 9718.123935 <= best bid 9999.990388
[BOOK WARN] Crossed book rejected for AAPL: ask 9703.743195 <= best bid 9999.990388
[BOOK WARN] Crossed book rejected for AAPL: ask 9710.744625 <= best bid 9999.990388
[BOOK WARN] Crossed book rejected for AAPL: ask 9704.564529 <= best bid 9999.990388
[BOOK WARN] Crossed book rejected for AAPL: ask 9706.629921 <= best bid 9999.990388
[BOOK WARN] Crossed book rejected for AAPL: ask 9682.787329 <= best bid 9999.990388
[BOOK WARN] Crossed book rejected for AAPL: ask 9694.669244 <= best bid 9999.990388
[BOOK WARN] Crossed book rejected for AAPL: ask 9696.939235 <= best bid 9999.990388
[BOOK WARN] Crossed book rejected for AAPL: ask 9695.360669 <= best bid 9999.990388
[BOOK WARN] Crossed book rejected for AAPL: ask 9679.038952 <= best bid 9999.990388
[BOOK WARN] Crossed book rejected for AAPL: ask 9684.582090 <= best bid 9999.990388
[BOOK WARN] Crossed book rejected for AAPL: ask 9699.053193 <= best bid 9999.990388
[BOOK WARN] Crossed book rejected for AAPL: ask 9702.024662 <= best bid 9999.990388
[BOOK WARN] Crossed book rejected for AAPL: ask 9697.425544 <= best bid 9999.990388
[BOOK WARN] Crossed book rejected for AAPL: ask 9715.709751 <= best bid 9999.990388
[BOOK WARN] Crossed book rejected for AAPL: ask 9726.763396 <= best bid 9999.990388
[BOOK WARN] Crossed book rejected for AAPL: ask 9716.427421 <= best bid 9999.990388
[BOOK WARN] Crossed book rejected for AAPL: ask 9725.443792 <= best bid 9999.990388
[BOOK WARN] Crossed book rejected for AAPL: ask 9738.399645 <= best bid 9999.990388
[BOOK WARN] Crossed book rejected for AAPL: ask 9743.007053 <= best bid 9999.990388
[BOOK WARN] Crossed book rejected for AAPL: ask 9742.323047 <= best bid 9999.990388
[BOOK WARN] Crossed book rejected for AAPL: ask 9738.658813 <= best bid 9999.990388
[BOOK WARN] Crossed book rejected for AAPL: ask 9730.329925 <= best bid 9999.990388
[BOOK WARN] Crossed book rejected for AAPL: ask 9718.596102 <= best bid 9999.990388
[BOOK WARN] Crossed book rejected for AAPL: ask 9732.296233 <= best bid 9999.990388
[BOOK WARN] Crossed book rejected for AAPL: ask 9739.761178 <= best bid 9999.990388
[BOOK WARN] Crossed book rejected for AAPL: ask 9755.390292 <= best bid 9999.990388
[BOOK WARN] Crossed book rejected for AAPL: ask 9744.353039 <= best bid 9999.990388
[BOOK WARN] Crossed book rejected for AAPL: ask 9755.618168 <= best bid 9999.990388
[BOOK WARN] Crossed book rejected for AAPL: ask 9761.755739 <= best bid 9999.990388
[BOOK WARN] Crossed book rejected for AAPL: ask 9759.118207 <= best bid 9999.990388
[BOOK WARN] Crossed book rejected for AAPL: ask 9772.352029 <= best bid 9999.990388
[BOOK WARN] Crossed book rejected for AAPL: ask 9779.387378 <= best bid 9999.990388
[BOOK WARN] Crossed book rejected for AAPL: ask 9785.072357 <= best bid 9999.990388
[BOOK WARN] Crossed book rejected for AAPL: ask 9791.459014 <= best bid 9999.990388
[BOOK WARN] Crossed book rejected for AAPL: ask 9774.415405 <= best bid 9999.990388
[BOOK WARN] Crossed book rejected for AAPL: ask 9777.223891 <= best bid 9999.990388
[BOOK WARN] Crossed book rejected for AAPL: ask 9767.639955 <= best bid 9999.990388
[BOOK WARN] Crossed book rejected for AAPL: ask 9752.823926 <= best bid 9999.990388
[BOOK WARN] Crossed book rejected for AAPL: ask 9742.377248 <= best bid 9999.990388
[BOOK WARN] Crossed book rejected for AAPL: ask 9729.851282 <= best bid 9999.990388
[BOOK WARN] Crossed book rejected for AAPL: ask 9733.619267 <= best bid 9999.990388
[BOOK WARN] Crossed book rejected for AAPL: ask 9733.699733 <= best bid 9999.990388
[BOOK WARN] Crossed book rejected for AAPL: ask 9720.898068 <= best bid 9999.990388
[BOOK WARN] Crossed book rejected for AAPL: ask 9705.132745 <= best bid 9999.990388
[BOOK WARN] Crossed book rejected for AAPL: ask 9719.781579 <= best bid 9999.990388
[BOOK WARN] Crossed book rejected for AAPL: ask 9715.257696 <= best bid 9999.990388
[BOOK WARN] Crossed book rejected for AAPL: ask 9727.563017 <= best bid 9999.990388
[BOOK WARN] Crossed book rejected for AAPL: ask 9725.721990 <= best bid 9999.990388
[BOOK WARN] Crossed book rejected for AAPL: ask 9731.018509 <= best bid 9999.990388
[BOOK WARN] Crossed book rejected for AAPL: ask 9721.062472 <= best bid 9999.990388
[BOOK WARN] Crossed book rejected for AAPL: ask 9722.146230 <= best bid 9999.990388
[BOOK WARN] Crossed book rejected for AAPL: ask 9705.364789 <= best bid 9999.990388
[BOOK WARN] Crossed book rejected for AAPL: ask 9696.892102 <= best bid 9999.990388
[BOOK WARN] Crossed book rejected for AAPL: ask 9684.921218 <= best bid 9999.990388
[BOOK WARN] Crossed book rejected for AAPL: ask 9678.930073 <= best bid 9999.990388
[BOOK WARN] Crossed book rejected for AAPL: ask 9698.215500 <= best bid 9999.990388
[BOOK WARN] Crossed book rejected for AAPL: ask 9702.613999 <= best bid 9999.990388
[BOOK WARN] Crossed book rejected for AAPL: ask 9700.563039 <= best bid 9999.990388
[BOOK WARN] Crossed book rejected for AAPL: ask 9699.661232 <= best bid 9999.990388
[BOOK WARN] Crossed book rejected for AAPL: ask 9684.348401 <= best bid 9999.990388
[BOOK WARN] Crossed book rejected for AAPL: ask 9686.110596 <= best bid 9999.990388
[BOOK WARN] Crossed book rejected for AAPL: ask 9688.109622 <= best bid 9999.990388
[BOOK WARN] Crossed book rejected for AAPL: ask 9706.571032 <= best bid 9999.990388
[BOOK WARN] Crossed book rejected for AAPL: ask 9682.259239 <= best bid 9999.990388
[BOOK WARN] Crossed book rejected for AAPL: ask 9670.750845 <= best bid 9999.990388
[BOOK WARN] Crossed book rejected for AAPL: ask 9666.717200 <= best bid 9999.990388
[BOOK WARN] Crossed book rejected for AAPL: ask 9666.754211 <= best bid 9999.990388
[BOOK WARN] Crossed book rejected for AAPL: ask 9677.418858 <= best bid 9999.990388
[BOOK WARN] Crossed book rejected for AAPL: ask 9665.237982 <= best bid 9999.990388
[BOOK WARN] Crossed book rejected for AAPL: ask 9663.351040 <= best bid 9999.990388
[BOOK WARN] Crossed book rejected for AAPL: ask 9657.671837 <= best bid 9999.990388
[BOOK WARN] Crossed book rejected for AAPL: ask 9640.181269 <= best bid 9999.990388
[BOOK WARN] Crossed book rejected for AAPL: ask 9650.490653 <= best bid 9999.990388
[BOOK WARN] Crossed book rejected for AAPL: ask 9651.777896 <= best bid 9999.990388
[BOOK WARN] Crossed book rejected for AAPL: ask 9649.766318 <= best bid 9999.990388
[BOOK WARN] Crossed book rejected for AAPL: ask 9652.878059 <= best bid 9999.990388
[BOOK WARN] Crossed book rejected for AAPL: ask 9641.398164 <= best bid 9999.990388
[BOOK WARN] Crossed book rejected for AAPL: ask 9649.941605 <= best bid 9999.990388
[BOOK WARN] Crossed book rejected for AAPL: ask 9659.014881 <= best bid 9999.990388
[BOOK WARN] Crossed book rejected for AAPL: ask 9643.254887 <= best bid 9999.990388
[BOOK WARN] Crossed book rejected for AAPL: ask 9655.422807 <= best bid 9999.990388
[BOOK WARN] Crossed book rejected for AAPL: ask 9658.534947 <= best bid 9999.990388
[BOOK WARN] Crossed book rejected for AAPL: ask 9657.392581 <= best bid 9999.990388
[BOOK WARN] Crossed book rejected for AAPL: ask 9657.533179 <= best bid 9999.990388
[BOOK WARN] Crossed book rejected for AAPL: ask 9645.531229 <= best bid 9999.990388
[BOOK WARN] Crossed book rejected for AAPL: ask 9634.781328 <= best bid 9999.990388
[BOOK WARN] Crossed book rejected for AAPL: ask 9629.393782 <= best bid 9999.990388
[BOOK WARN] Crossed book rejected for AAPL: ask 9626.399198 <= best bid 9999.990388
[BOOK WARN] Crossed book rejected for AAPL: ask 9640.109630 <= best bid 9999.990388
[BOOK WARN] Crossed book rejected for AAPL: ask 9627.585828 <= best bid 9999.990388
[BOOK WARN] Crossed book rejected for AAPL: ask 9620.750077 <= best bid 9999.990388
[BOOK WARN] Crossed book rejected for AAPL: ask 9627.788233 <= best bid 9999.990388
[BOOK WARN] Crossed book rejected for AAPL: ask 9611.426938 <= best bid 9999.990388
[BOOK WARN] Crossed book rejected for AAPL: ask 9611.478534 <= best bid 9999.990388
[BOOK WARN] Crossed book rejected for AAPL: ask 9604.047850 <= best bid 9999.990388
[BOOK WARN] Crossed book rejected for AAPL: ask 9600.547375 <= best bid 9999.990388
[BOOK WARN] Crossed book rejected for AAPL: ask 9594.596950 <= best bid 9999.990388
[BOOK WARN] Crossed book rejected for AAPL: ask 9586.030043 <= best bid 9999.990388
[BOOK WARN] Crossed book rejected for AAPL: ask 9595.651406 <= best bid 9999.990388
[BOOK WARN] Crossed book rejected for AAPL: ask 9604.802983 <= best bid 9999.990388
[BOOK WARN] Crossed book rejected for AAPL: ask 9591.308173 <= best bid 9999.990388
[BOOK WARN] Crossed book rejected for AAPL: ask 9592.658299 <= best bid 9999.990388
[BOOK WARN] Crossed book rejected for AAPL: ask 9594.116217 <= best bid 9999.990388
[BOOK WARN] Crossed book rejected for AAPL: ask 9596.011463 <= best bid 9999.990388
[BOOK WARN] Crossed book rejected for AAPL: ask 9597.683038 <= best bid 9999.990388
[BOOK WARN] Crossed book rejected for AAPL: ask 9599.696245 <= best bid 9999.990388
[BOOK WARN] Crossed book rejected for AAPL: ask 9600.184958 <= best bid 9999.990388
[BOOK WARN] Crossed book rejected for AAPL: ask 9614.131457 <= best bid 9999.990388
[BOOK WARN] Crossed book rejected for AAPL: ask 9618.216352 <= best bid 9999.990388
[BOOK WARN] Crossed book rejected for AAPL: ask 9614.913500 <= best bid 9999.990388
[BOOK WARN] Crossed book rejected for AAPL: ask 9603.283013 <= best bid 9999.990388
[BOOK WARN] Crossed book rejected for AAPL: ask 9602.503272 <= best bid 9999.990388
[BOOK WARN] Crossed book rejected for AAPL: ask 9585.724347 <= best bid 9999.990388
[BOOK WARN] Crossed book rejected for AAPL: ask 9578.891789 <= best bid 9999.990388
[BOOK WARN] Crossed book rejected for AAPL: ask 9585.799123 <= best bid 9999.990388
[BOOK WARN] Crossed book rejected for AAPL: ask 9601.514269 <= best bid 9999.990388
[BOOK WARN] Crossed book rejected for AAPL: ask 9598.306551 <= best bid 9999.990388
[BOOK WARN] Crossed book rejected for AAPL: ask 9595.387724 <= best bid 9999.990388
[BOOK WARN] Crossed book rejected for AAPL: ask 9590.869516 <= best bid 9999.990388
[BOOK WARN] Crossed book rejected for AAPL: ask 9610.255628 <= best bid 9999.990388
[BOOK WARN] Crossed book rejected for AAPL: ask 9616.439712 <= best bid 9999.990388
[BOOK WARN] Crossed book rejected for AAPL: ask 9605.112291 <= best bid 9999.990388
[BOOK WARN] Crossed book rejected for AAPL: ask 9586.360778 <= best bid 9999.990388
[BOOK WARN] Crossed book rejected for AAPL: ask 9601.689196 <= best bid 9999.990388
[BOOK WARN] Crossed book rejected for AAPL: ask 9596.888728 <= best bid 9999.990388
[BOOK WARN] Crossed book rejected for AAPL: ask 9590.956916 <= best bid 9999.990388
[BOOK WARN] Crossed book rejected for AAPL: ask 9590.969771 <= best bid 9999.990388
[BOOK WARN] Crossed book rejected for AAPL: ask 9593.931937 <= best bid 9999.990388
[BOOK WARN] Crossed book rejected for AAPL: ask 9606.348344 <= best bid 9999.990388
[BOOK WARN] Crossed book rejected for AAPL: ask 9603.066020 <= best bid 9999.990388
[BOOK WARN] Crossed book rejected for AAPL: ask 9585.029737 <= best bid 9999.990388
[BOOK WARN] Crossed book rejected for AAPL: ask 9589.469072 <= best bid 9999.990388
[BOOK WARN] Crossed book rejected for AAPL: ask 9596.739947 <= best bid 9999.990388
[BOOK WARN] Crossed book rejected for AAPL: ask 9612.493642 <= best bid 9999.990388
[BOOK WARN] Crossed book rejected for AAPL: ask 9606.523934 <= best bid 9999.990388
[BOOK WARN] Crossed book rejected for AAPL: ask 9616.210343 <= best bid 9999.990388
[BOOK WARN] Crossed book rejected for AAPL: ask 9603.220045 <= best bid 9999.990388
[BOOK WARN] Crossed book rejected for AAPL: ask 9605.785293 <= best bid 9999.990388
[BOOK WARN] Crossed book rejected for AAPL: ask 9615.436722 <= best bid 9999.990388
[BOOK WARN] Crossed book rejected for AAPL: ask 9625.044178 <= best bid 9999.990388
[BOOK WARN] Crossed book rejected for AAPL: ask 9626.713440 <= best bid 9999.990388
[BOOK WARN] Crossed book rejected for AAPL: ask 9628.235094 <= best bid 9999.990388
[BOOK WARN] Crossed book rejected for AAPL: ask 9627.040482 <= best bid 9999.990388
[BOOK WARN] Crossed book rejected for AAPL: ask 9636.824541 <= best bid 9999.990388
[BOOK WARN] Crossed book rejected for AAPL: ask 9645.221232 <= best bid 9999.990388
[BOOK WARN] Crossed book rejected for AAPL: ask 9636.902206 <= best bid 9999.990388
[BOOK WARN] Crossed book rejected for AAPL: ask 9638.427500 <= best bid 9999.990388
[BOOK WARN] Crossed book rejected for AAPL: ask 9617.965548 <= best bid 9999.990388
[BOOK WARN] Crossed book rejected for AAPL: ask 9623.934767 <= best bid 9999.990388
[BOOK WARN] Crossed book rejected for AAPL: ask 9638.840105 <= best bid 9999.990388
[BOOK WARN] Crossed book rejected for AAPL: ask 9650.511004 <= best bid 9999.990388
[BOOK WARN] Crossed book rejected for AAPL: ask 9633.396219 <= best bid 9999.990388
[BOOK WARN] Crossed book rejected for AAPL: ask 9618.645315 <= best bid 9999.990388
[BOOK WARN] Crossed book rejected for AAPL: ask 9617.454768 <= best bid 9999.990388
[BOOK WARN] Crossed book rejected for AAPL: ask 9620.899618 <= best bid 9999.990388
[BOOK WARN] Crossed book rejected for AAPL: ask 9594.046905 <= best bid 9999.990388
[BOOK WARN] Crossed book rejected for AAPL: ask 9589.688382 <= best bid 9999.990388
[BOOK WARN] Crossed book rejected for AAPL: ask 9593.444269 <= best bid 9999.990388
[BOOK WARN] Crossed book rejected for AAPL: ask 9610.549641 <= best bid 9999.990388
[BOOK WARN] Crossed book rejected for AAPL: ask 9600.852795 <= best bid 9999.990388
[BOOK WARN] Crossed book rejected for AAPL: ask 9602.867039 <= best bid 9999.990388
[BOOK WARN] Crossed book rejected for AAPL: ask 9597.957491 <= best bid 9999.990388
[BOOK WARN] Crossed book rejected for AAPL: ask 9603.039761 <= best bid 9999.990388
[BOOK WARN] Crossed book rejected for AAPL: ask 9601.447700 <= best bid 9999.990388
[BOOK WARN] Crossed book rejected for AAPL: ask 9585.681915 <= best bid 9999.990388
[BOOK WARN] Crossed book rejected for AAPL: ask 9578.865178 <= best bid 9999.990388
[BOOK WARN] Crossed book rejected for AAPL: ask 9572.338739 <= best bid 9999.990388
[BOOK WARN] Crossed book rejected for AAPL: ask 9556.565280 <= best bid 9999.990388
[BOOK WARN] Crossed book rejected for AAPL: ask 9568.178581 <= best bid 9999.990388
[BOOK WARN] Crossed book rejected for AAPL: ask 9548.421471 <= best bid 9999.990388
[BOOK WARN] Crossed book rejected for AAPL: ask 9566.131117 <= best bid 9999.990388
[BOOK WARN] Crossed book rejected for AAPL: ask 9565.514870 <= best bid 9999.990388
[BOOK WARN] Crossed book rejected for AAPL: ask 9556.522513 <= best bid 9999.990388
[BOOK WARN] Crossed book rejected for AAPL: ask 9544.964551 <= best bid 9999.990388
[BOOK WARN] Crossed book rejected for AAPL: ask 9537.765844 <= best bid 9999.990388
[BOOK WARN] Crossed book rejected for AAPL: ask 9521.773745 <= best bid 9999.990388
[BOOK WARN] Crossed book rejected for AAPL: ask 9527.901237 <= best bid 9999.990388
[BOOK WARN] Crossed book rejected for AAPL: ask 9519.775990 <= best bid 9999.990388
[BOOK WARN] Crossed book rejected for AAPL: ask 9505.469354 <= best bid 9999.990388
[BOOK WARN] Crossed book rejected for AAPL: ask 9507.410280 <= best bid 9999.990388
[BOOK WARN] Crossed book rejected for AAPL: ask 9499.702613 <= best bid 9999.990388
[BOOK WARN] Crossed book rejected for AAPL: ask 9510.895015 <= best bid 9999.990388
[BOOK WARN] Crossed book rejected for AAPL: ask 9506.094162 <= best bid 9999.990388
[BOOK WARN] Crossed book rejected for AAPL: ask 9506.606226 <= best bid 9999.990388
[BOOK WARN] Crossed book rejected for AAPL: ask 9503.620786 <= best bid 9999.990388
[BOOK WARN] Crossed book rejected for AAPL: ask 9500.438649 <= best bid 9999.990388
[BOOK WARN] Crossed book rejected for AAPL: ask 9503.838843 <= best bid 9999.990388
[BOOK WARN] Crossed book rejected for AAPL: ask 9509.617942 <= best bid 9999.990388
[BOOK WARN] Crossed book rejected for AAPL: ask 9523.524547 <= best bid 9999.990388
[BOOK WARN] Crossed book rejected for AAPL: ask 9524.073818 <= best bid 9999.990388
[BOOK WARN] Crossed book rejected for AAPL: ask 9511.213264 <= best bid 9999.990388
[BOOK WARN] Crossed book rejected for AAPL: ask 9506.778435 <= best bid 9999.990388
[BOOK WARN] Crossed book rejected for AAPL: ask 9503.395623 <= best bid 9999.990388
[BOOK WARN] Crossed book rejected for AAPL: ask 9497.851298 <= best bid 9999.990388
[BOOK WARN] Crossed book rejected for AAPL: ask 9497.039266 <= best bid 9999.990388
[BOOK WARN] Crossed book rejected for AAPL: ask 9491.311126 <= best bid 9999.990388
[BOOK WARN] Crossed book rejected for AAPL: ask 9497.032791 <= best bid 9999.990388
[BOOK WARN] Crossed book rejected for AAPL: ask 9498.638383 <= best bid 9999.990388
[BOOK WARN] Crossed book rejected for AAPL: ask 9487.251340 <= best bid 9999.990388
[BOOK WARN] Crossed book rejected for AAPL: ask 9478.228431 <= best bid 9999.990388
[BOOK WARN] Crossed book rejected for AAPL: ask 9466.069727 <= best bid 9999.990388
[BOOK WARN] Crossed book rejected for AAPL: ask 9467.681279 <= best bid 9999.990388
[BOOK WARN] Crossed book rejected for AAPL: ask 9460.102467 <= best bid 9999.990388
[BOOK WARN] Crossed book rejected for AAPL: ask 9459.863760 <= best bid 9999.990388
[BOOK WARN] Crossed book rejected for AAPL: ask 9458.351470 <= best bid 9999.990388
[BOOK WARN] Crossed book rejected for AAPL: ask 9450.449776 <= best bid 9999.990388
[BOOK WARN] Crossed book rejected for AAPL: ask 9435.025398 <= best bid 9999.990388
[BOOK WARN] Crossed book rejected for AAPL: ask 9451.660024 <= best bid 9999.990388
[BOOK WARN] Crossed book rejected for AAPL: ask 9456.060206 <= best bid 9999.990388
[BOOK WARN] Crossed book rejected for AAPL: ask 9463.698281 <= best bid 9999.990388
[BOOK WARN] Crossed book rejected for AAPL: ask 9460.611069 <= best bid 9999.990388
[BOOK WARN] Crossed book rejected for AAPL: ask 9465.905262 <= best bid 9999.990388
[BOOK WARN] Crossed book rejected for AAPL: ask 9463.762941 <= best bid 9999.990388
[BOOK WARN] Crossed book rejected for AAPL: ask 9454.296128 <= best bid 9999.990388
[BOOK WARN] Crossed book rejected for AAPL: ask 9457.890098 <= best bid 9999.990388
[BOOK WARN] Crossed book rejected for AAPL: ask 9460.879016 <= best bid 9999.990388
[BOOK WARN] Crossed book rejected for AAPL: ask 9455.979068 <= best bid 9999.990388
[BOOK WARN] Crossed book rejected for AAPL: ask 9449.206730 <= best bid 9999.990388
[BOOK WARN] Crossed book rejected for AAPL: ask 9447.456198 <= best bid 9999.990388
[BOOK WARN] Crossed book rejected for AAPL: ask 9444.499848 <= best bid 9999.990388
[BOOK WARN] Crossed book rejected for AAPL: ask 9439.387138 <= best bid 9999.990388
[BOOK WARN] Crossed book rejected for AAPL: ask 9426.582447 <= best bid 9999.990388
[BOOK WARN] Crossed book rejected for AAPL: ask 9420.576830 <= best bid 9999.990388
[BOOK WARN] Crossed book rejected for AAPL: ask 9421.225289 <= best bid 9999.990388
[BOOK WARN] Crossed book rejected for AAPL: ask 9422.023727 <= best bid 9999.990388
[BOOK WARN] Crossed book rejected for AAPL: ask 9403.722805 <= best bid 9999.990388
[BOOK WARN] Crossed book rejected for AAPL: ask 9409.609115 <= best bid 9999.990388
[BOOK WARN] Crossed book rejected for AAPL: ask 9406.719184 <= best bid 9999.990388
[BOOK WARN] Crossed book rejected for AAPL: ask 9404.536167 <= best bid 9999.990388
[BOOK WARN] Crossed book rejected for AAPL: ask 9411.312574 <= best bid 9999.990388
[BOOK WARN] Crossed book rejected for AAPL: ask 9409.855470 <= best bid 9999.990388
[BOOK WARN] Crossed book rejected for AAPL: ask 9408.523075 <= best bid 9999.990388
[BOOK WARN] Crossed book rejected for AAPL: ask 9398.980736 <= best bid 9999.990388
[BOOK WARN] Crossed book rejected for AAPL: ask 9397.551864 <= best bid 9999.990388
[BOOK WARN] Crossed book rejected for AAPL: ask 9384.969182 <= best bid 9999.990388
[BOOK WARN] Crossed book rejected for AAPL: ask 9409.033039 <= best bid 9999.990388
[BOOK WARN] Crossed book rejected for AAPL: ask 9416.365000 <= best bid 9999.990388
[BOOK WARN] Crossed book rejected for AAPL: ask 9408.725737 <= best bid 9999.990388
[BOOK WARN] Crossed book rejected for AAPL: ask 9395.284371 <= best bid 9999.990388
[BOOK WARN] Crossed book rejected for AAPL: ask 9386.474069 <= best bid 9999.990388
[BOOK WARN] Crossed book rejected for AAPL: ask 9362.508120 <= best bid 9999.990388
[BOOK WARN] Crossed book rejected for AAPL: ask 9370.214281 <= best bid 9999.990388
[BOOK WARN] Crossed book rejected for AAPL: ask 9378.739300 <= best bid 9999.990388
[BOOK WARN] Crossed book rejected for AAPL: ask 9378.449446 <= best bid 9999.990388
[BOOK WARN] Crossed book rejected for AAPL: ask 9372.000993 <= best bid 9999.990388
[BOOK WARN] Crossed book rejected for AAPL: ask 9361.175596 <= best bid 9999.990388
[BOOK WARN] Crossed book rejected for AAPL: ask 9373.543498 <= best bid 9999.990388
[BOOK WARN] Crossed book rejected for AAPL: ask 9362.253082 <= best bid 9999.990388
[BOOK WARN] Crossed book rejected for AAPL: ask 9377.461296 <= best bid 9999.990388
[BOOK WARN] Crossed book rejected for AAPL: ask 9382.811077 <= best bid 9999.990388
[BOOK WARN] Crossed book rejected for AAPL: ask 9371.266449 <= best bid 9999.990388
[BOOK WARN] Crossed book rejected for AAPL: ask 9357.740694 <= best bid 9999.990388
[BOOK WARN] Crossed book rejected for AAPL: ask 9351.605285 <= best bid 9999.990388
[BOOK WARN] Crossed book rejected for AAPL: ask 9349.826763 <= best bid 9999.990388
[BOOK WARN] Crossed book rejected for AAPL: ask 9332.993120 <= best bid 9999.990388
[BOOK WARN] Crossed book rejected for AAPL: ask 9341.405104 <= best bid 9999.990388
[BOOK WARN] Crossed book rejected for AAPL: ask 9340.798021 <= best bid 9999.990388
[BOOK WARN] Crossed book rejected for AAPL: ask 9346.192878 <= best bid 9999.990388
[BOOK WARN] Crossed book rejected for AAPL: ask 9347.704392 <= best bid 9999.990388
[BOOK WARN] Crossed book rejected for AAPL: ask 9345.915618 <= best bid 9999.990388
[BOOK WARN] Crossed book rejected for AAPL: ask 9346.326212 <= best bid 9999.990388
[BOOK WARN] Crossed book rejected for AAPL: ask 9330.220358 <= best bid 9999.990388
[BOOK WARN] Crossed book rejected for AAPL: ask 9345.827576 <= best bid 9999.990388
[BOOK WARN] Crossed book rejected for AAPL: ask 9339.306859 <= best bid 9999.990388
[BOOK WARN] Crossed book rejected for AAPL: ask 9331.590348 <= best bid 9999.990388
[BOOK WARN] Crossed book rejected for AAPL: ask 9336.876963 <= best bid 9999.990388
[BOOK WARN] Crossed book rejected for AAPL: ask 9320.446982 <= best bid 9999.990388
[BOOK WARN] Crossed book rejected for AAPL: ask 9313.066214 <= best bid 9999.990388
[BOOK WARN] Crossed book rejected for AAPL: ask 9298.001131 <= best bid 9999.990388
[BOOK WARN] Crossed book rejected for AAPL: ask 9306.832090 <= best bid 9999.990388
[BOOK WARN] Crossed book rejected for AAPL: ask 9316.667839 <= best bid 9999.990388
[BOOK WARN] Crossed book rejected for AAPL: ask 9317.453094 <= best bid 9999.990388
[BOOK WARN] Crossed book rejected for AAPL: ask 9325.474383 <= best bid 9999.990388
[BOOK WARN] Crossed book rejected for AAPL: ask 9338.801114 <= best bid 9999.990388
[BOOK WARN] Crossed book rejected for AAPL: ask 9336.109572 <= best bid 9999.990388
[BOOK WARN] Crossed book rejected for AAPL: ask 9337.805461 <= best bid 9999.990388
[BOOK WARN] Crossed book rejected for AAPL: ask 9344.710338 <= best bid 9999.990388
[BOOK WARN] Crossed book rejected for AAPL: ask 9349.189610 <= best bid 9999.990388
[BOOK WARN] Crossed book rejected for AAPL: ask 9351.581582 <= best bid 9999.990388
[BOOK WARN] Crossed book rejected for AAPL: ask 9360.338819 <= best bid 9999.990388
[BOOK WARN] Crossed book rejected for AAPL: ask 9359.127234 <= best bid 9999.990388
[BOOK WARN] Crossed book rejected for AAPL: ask 9351.930602 <= best bid 9999.990388
[BOOK WARN] Crossed book rejected for AAPL: ask 9372.650743 <= best bid 9999.990388
[BOOK WARN] Crossed book rejected for AAPL: ask 9370.667242 <= best bid 9999.990388
[BOOK WARN] Crossed book rejected for AAPL: ask 9359.185289 <= best bid 9999.990388
[BOOK WARN] Crossed book rejected for AAPL: ask 9344.008371 <= best bid 9999.990388
[BOOK WARN] Crossed book rejected for AAPL: ask 9339.256068 <= best bid 9999.990388
[BOOK WARN] Crossed book rejected for AAPL: ask 9344.108357 <= best bid 9999.990388
[BOOK WARN] Crossed book rejected for AAPL: ask 9340.949737 <= best bid 9999.990388
[BOOK WARN] Crossed book rejected for AAPL: ask 9329.983972 <= best bid 9999.990388
[BOOK WARN] Crossed book rejected for AAPL: ask 9328.902816 <= best bid 9999.990388
[BOOK WARN] Crossed book rejected for AAPL: ask 9328.428998 <= best bid 9999.990388
[BOOK WARN] Crossed book rejected for AAPL: ask 9323.689916 <= best bid 9999.990388
[BOOK WARN] Crossed book rejected for AAPL: ask 9320.147438 <= best bid 9999.990388
[BOOK WARN] Crossed book rejected for AAPL: ask 9327.507926 <= best bid 9999.990388
[BOOK WARN] Crossed book rejected for AAPL: ask 9324.117582 <= best bid 9999.990388
[BOOK WARN] Crossed book rejected for AAPL: ask 9314.360034 <= best bid 9999.990388
[BOOK WARN] Crossed book rejected for AAPL: ask 9315.554505 <= best bid 9999.990388
[BOOK WARN] Crossed book rejected for AAPL: ask 9315.301402 <= best bid 9999.990388
[BOOK WARN] Crossed book rejected for AAPL: ask 9327.416989 <= best bid 9999.990388
[BOOK WARN] Crossed book rejected for AAPL: ask 9328.443918 <= best bid 9999.990388
[BOOK WARN] Crossed book rejected for AAPL: ask 9322.614570 <= best bid 9999.990388
[BOOK WARN] Crossed book rejected for AAPL: ask 9317.688624 <= best bid 9999.990388
[BOOK WARN] Crossed book rejected for AAPL: ask 9331.961680 <= best bid 9999.990388
[BOOK WARN] Crossed book rejected for AAPL: ask 9330.881571 <= best bid 9999.990388
[BOOK WARN] Crossed book rejected for AAPL: ask 9336.395200 <= best bid 9999.990388
[BOOK WARN] Crossed book rejected for AAPL: ask 9358.786061 <= best bid 9999.990388
[BOOK WARN] Crossed book rejected for AAPL: ask 9360.052422 <= best bid 9999.990388
[BOOK WARN] Crossed book rejected for AAPL: ask 9374.694369 <= best bid 9999.990388
[BOOK WARN] Crossed book rejected for AAPL: ask 9380.433620 <= best bid 9999.990388
[BOOK WARN] Crossed book rejected for AAPL: ask 9379.008544 <= best bid 9999.990388
[BOOK WARN] Crossed book rejected for AAPL: ask 9385.912652 <= best bid 9999.990388
[BOOK WARN] Crossed book rejected for AAPL: ask 9381.994493 <= best bid 9999.990388
[BOOK WARN] Crossed book rejected for AAPL: ask 9387.922899 <= best bid 9999.990388
[BOOK WARN] Crossed book rejected for AAPL: ask 9383.381777 <= best bid 9999.990388
[BOOK WARN] Crossed book rejected for AAPL: ask 9393.561911 <= best bid 9999.990388
[BOOK WARN] Crossed book rejected for AAPL: ask 9401.435690 <= best bid 9999.990388
[BOOK WARN] Crossed book rejected for AAPL: ask 9418.634359 <= best bid 9999.990388
[BOOK WARN] Crossed book rejected for AAPL: ask 9421.055121 <= best bid 9999.990388
[BOOK WARN] Crossed book rejected for AAPL: ask 9413.994110 <= best bid 9999.990388
[BOOK WARN] Crossed book rejected for AAPL: ask 9415.178399 <= best bid 9999.990388
[BOOK WARN] Crossed book rejected for AAPL: ask 9408.103654 <= best bid 9999.990388
[BOOK WARN] Crossed book rejected for AAPL: ask 9411.705710 <= best bid 9999.990388
[BOOK WARN] Crossed book rejected for AAPL: ask 9402.546558 <= best bid 9999.990388
[BOOK WARN] Crossed book rejected for AAPL: ask 9416.906957 <= best bid 9999.990388
[BOOK WARN] Crossed book rejected for AAPL: ask 9424.558584 <= best bid 9999.990388
[BOOK WARN] Crossed book rejected for AAPL: ask 9408.291934 <= best bid 9999.990388
[BOOK WARN] Crossed book rejected for AAPL: ask 9404.480070 <= best bid 9999.990388
[BOOK WARN] Crossed book rejected for AAPL: ask 9403.146875 <= best bid 9999.990388
[BOOK WARN] Crossed book rejected for AAPL: ask 9394.695140 <= best bid 9999.990388
[BOOK WARN] Crossed book rejected for AAPL: ask 9392.237629 <= best bid 9999.990388
[BOOK WARN] Crossed book rejected for AAPL: ask 9389.844977 <= best bid 9999.990388
[BOOK WARN] Crossed book rejected for AAPL: ask 9384.029958 <= best bid 9999.990388
[BOOK WARN] Crossed book rejected for AAPL: ask 9395.964242 <= best bid 9999.990388
[BOOK WARN] Crossed book rejected for AAPL: ask 9378.274235 <= best bid 9999.990388
[BOOK WARN] Crossed book rejected for AAPL: ask 9364.566187 <= best bid 9999.990388
[BOOK WARN] Crossed book rejected for AAPL: ask 9359.408079 <= best bid 9999.990388
[BOOK WARN] Crossed book rejected for AAPL: ask 9359.984466 <= best bid 9999.990388
[BOOK WARN] Crossed book rejected for AAPL: ask 9373.804257 <= best bid 9999.990388
[BOOK WARN] Crossed book rejected for AAPL: ask 9375.617512 <= best bid 9999.990388
[BOOK WARN] Crossed book rejected for AAPL: ask 9396.689625 <= best bid 9999.990388
[BOOK WARN] Crossed book rejected for AAPL: ask 9385.140054 <= best bid 9999.990388
[BOOK WARN] Crossed book rejected for AAPL: ask 9372.424100 <= best bid 9999.990388
[BOOK WARN] Crossed book rejected for AAPL: ask 9375.689319 <= best bid 9999.990388
[BOOK WARN] Crossed book rejected for AAPL: ask 9378.674188 <= best bid 9999.990388
[BOOK WARN] Crossed book rejected for AAPL: ask 9393.426690 <= best bid 9999.990388
[BOOK WARN] Crossed book rejected for AAPL: ask 9399.084121 <= best bid 9999.990388
[BOOK WARN] Crossed book rejected for AAPL: ask 9389.536609 <= best bid 9999.990388
[BOOK WARN] Crossed book rejected for AAPL: ask 9395.290401 <= best bid 9999.990388
[BOOK WARN] Crossed book rejected for AAPL: ask 9410.607149 <= best bid 9999.990388
[BOOK WARN] Crossed book rejected for AAPL: ask 9415.415864 <= best bid 9999.990388
[BOOK WARN] Crossed book rejected for AAPL: ask 9412.313840 <= best bid 9999.990388
[BOOK WARN] Crossed book rejected for AAPL: ask 9417.064314 <= best bid 9999.990388
[BOOK WARN] Crossed book rejected for AAPL: ask 9409.603878 <= best bid 9999.990388
[BOOK WARN] Crossed book rejected for AAPL: ask 9424.845143 <= best bid 9999.990388
[BOOK WARN] Crossed book rejected for AAPL: ask 9433.417218 <= best bid 9999.990388
[BOOK WARN] Crossed book rejected for AAPL: ask 9436.640100 <= best bid 9999.990388
[BOOK WARN] Crossed book rejected for AAPL: ask 9425.260917 <= best bid 9999.990388
[BOOK WARN] Crossed book rejected for AAPL: ask 9424.150197 <= best bid 9999.990388
[BOOK WARN] Crossed book rejected for AAPL: ask 9439.784623 <= best bid 9999.990388
[BOOK WARN] Crossed book rejected for AAPL: ask 9429.592539 <= best bid 9999.990388
[BOOK WARN] Crossed book rejected for AAPL: ask 9435.837444 <= best bid 9999.990388
[BOOK WARN] Crossed book rejected for AAPL: ask 9429.817816 <= best bid 9999.990388
[BOOK WARN] Crossed book rejected for AAPL: ask 9410.793405 <= best bid 9999.990388
[BOOK WARN] Crossed book rejected for AAPL: ask 9398.700335 <= best bid 9999.990388
[BOOK WARN] Crossed book rejected for AAPL: ask 9398.341262 <= best bid 9999.990388
[BOOK WARN] Crossed book rejected for AAPL: ask 9402.595724 <= best bid 9999.990388
[BOOK WARN] Crossed book rejected for AAPL: ask 9420.097195 <= best bid 9999.990388
[BOOK WARN] Crossed book rejected for AAPL: ask 9414.828871 <= best bid 9999.990388
[BOOK WARN] Crossed book rejected for AAPL: ask 9417.828109 <= best bid 9999.990388
[BOOK WARN] Crossed book rejected for AAPL: ask 9422.631388 <= best bid 9999.990388
[BOOK WARN] Crossed book rejected for AAPL: ask 9423.069320 <= best bid 9999.990388
[BOOK WARN] Crossed book rejected for AAPL: ask 9424.991907 <= best bid 9999.990388
[BOOK WARN] Crossed book rejected for AAPL: ask 9429.524198 <= best bid 9999.990388
[BOOK WARN] Crossed book rejected for AAPL: ask 9416.079055 <= best bid 9999.990388
[BOOK WARN] Crossed book rejected for AAPL: ask 9393.139158 <= best bid 9999.990388
[BOOK WARN] Crossed book rejected for AAPL: ask 9393.073239 <= best bid 9999.990388
[BOOK WARN] Crossed book rejected for AAPL: ask 9391.940479 <= best bid 9999.990388
[BOOK WARN] Crossed book rejected for AAPL: ask 9392.705803 <= best bid 9999.990388
[BOOK WARN] Crossed book rejected for AAPL: ask 9390.936044 <= best bid 9999.990388
[BOOK WARN] Crossed book rejected for AAPL: ask 9381.853846 <= best bid 9999.990388
[BOOK WARN] Crossed book rejected for AAPL: ask 9386.597163 <= best bid 9999.990388
[BOOK WARN] Crossed book rejected for AAPL: ask 9392.454859 <= best bid 9999.990388
[BOOK WARN] Crossed book rejected for AAPL: ask 9403.415615 <= best bid 9999.990388
[BOOK WARN] Crossed book rejected for AAPL: ask 9393.418749 <= best bid 9999.990388
[BOOK WARN] Crossed book rejected for AAPL: ask 9399.487720 <= best bid 9999.990388
[BOOK WARN] Crossed book rejected for AAPL: ask 9378.576032 <= best bid 9999.990388
[BOOK WARN] Crossed book rejected for AAPL: ask 9364.767536 <= best bid 9999.990388
[BOOK WARN] Crossed book rejected for AAPL: ask 9368.692182 <= best bid 9999.990388
[BOOK WARN] Crossed book rejected for AAPL: ask 9350.626125 <= best bid 9999.990388
[BOOK WARN] Crossed book rejected for AAPL: ask 9340.602154 <= best bid 9999.990388
[BOOK WARN] Crossed book rejected for AAPL: ask 9357.709410 <= best bid 9999.990388
[BOOK WARN] Crossed book rejected for AAPL: ask 9350.757363 <= best bid 9999.990388
[BOOK WARN] Crossed book rejected for AAPL: ask 9353.812324 <= best bid 9999.990388
[BOOK WARN] Crossed book rejected for AAPL: ask 9356.086158 <= best bid 9999.990388
[BOOK WARN] Crossed book rejected for AAPL: ask 9358.006517 <= best bid 9999.990388
[BOOK WARN] Crossed book rejected for AAPL: ask 9359.751467 <= best bid 9999.990388
[BOOK WARN] Crossed book rejected for AAPL: ask 9362.662445 <= best bid 9999.990388
[BOOK WARN] Crossed book rejected for AAPL: ask 9360.432392 <= best bid 9999.990388
[BOOK WARN] Crossed book rejected for AAPL: ask 9383.425874 <= best bid 9999.990388
[BOOK WARN] Crossed book rejected for AAPL: ask 9391.554668 <= best bid 9999.990388
[BOOK WARN] Crossed book rejected for AAPL: ask 9380.525246 <= best bid 9999.990388
[BOOK WARN] Crossed book rejected for AAPL: ask 9388.099725 <= best bid 9999.990388
[BOOK WARN] Crossed book rejected for AAPL: ask 9385.239495 <= best bid 9999.990388
[BOOK WARN] Crossed book rejected for AAPL: ask 9375.336447 <= best bid 9999.990388
[BOOK WARN] Crossed book rejected for AAPL: ask 9364.534751 <= best bid 9999.990388
[BOOK WARN] Crossed book rejected for AAPL: ask 9344.592864 <= best bid 9999.990388
[BOOK WARN] Crossed book rejected for AAPL: ask 9347.208592 <= best bid 9999.990388
[BOOK WARN] Crossed book rejected for AAPL: ask 9360.690265 <= best bid 9999.990388
[BOOK WARN] Crossed book rejected for AAPL: ask 9351.021642 <= best bid 9999.990388
[BOOK WARN] Crossed book rejected for AAPL: ask 9364.176036 <= best bid 9999.990388
[BOOK WARN] Crossed book rejected for AAPL: ask 9361.774108 <= best bid 9999.990388
[BOOK WARN] Crossed book rejected for AAPL: ask 9360.347982 <= best bid 9999.990388
[BOOK WARN] Crossed book rejected for AAPL: ask 9371.012704 <= best bid 9999.990388
[BOOK WARN] Crossed book rejected for AAPL: ask 9373.285128 <= best bid 9999.990388
[BOOK WARN] Crossed book rejected for AAPL: ask 9372.355226 <= best bid 9999.990388
[BOOK WARN] Crossed book rejected for AAPL: ask 9353.955180 <= best bid 9999.990388
[BOOK WARN] Crossed book rejected for AAPL: ask 9359.720350 <= best bid 9999.990388
[BOOK WARN] Crossed book rejected for AAPL: ask 9366.644321 <= best bid 9999.990388
[BOOK WARN] Crossed book rejected for AAPL: ask 9378.656365 <= best bid 9999.990388
[BOOK WARN] Crossed book rejected for AAPL: ask 9385.463384 <= best bid 9999.990388
[BOOK WARN] Crossed book rejected for AAPL: ask 9380.988914 <= best bid 9999.990388
[BOOK WARN] Crossed book rejected for AAPL: ask 9378.759661 <= best bid 9999.990388
[BOOK WARN] Crossed book rejected for AAPL: ask 9384.934470 <= best bid 9999.990388
[BOOK WARN] Crossed book rejected for AAPL: ask 9387.314495 <= best bid 9999.990388
[BOOK WARN] Crossed book rejected for AAPL: ask 9387.806920 <= best bid 9999.990388
[BOOK WARN] Crossed book rejected for AAPL: ask 9395.973569 <= best bid 9999.990388
[BOOK WARN] Crossed book rejected for AAPL: ask 9393.845077 <= best bid 9999.990388
[BOOK WARN] Crossed book rejected for AAPL: ask 9399.687097 <= best bid 9999.990388
[BOOK WARN] Crossed book rejected for AAPL: ask 9392.162510 <= best bid 9999.990388
[BOOK WARN] Crossed book rejected for AAPL: ask 9383.216616 <= best bid 9999.990388
[BOOK WARN] Crossed book rejected for AAPL: ask 9377.965058 <= best bid 9999.990388
[BOOK WARN] Crossed book rejected for AAPL: ask 9368.711740 <= best bid 9999.990388
[BOOK WARN] Crossed book rejected for AAPL: ask 9370.417478 <= best bid 9999.990388
[BOOK WARN] Crossed book rejected for AAPL: ask 9356.818885 <= best bid 9999.990388
[BOOK WARN] Crossed book rejected for AAPL: ask 9367.877471 <= best bid 9999.990388
[BOOK WARN] Crossed book rejected for AAPL: ask 9376.011969 <= best bid 9999.990388
[BOOK WARN] Crossed book rejected for AAPL: ask 9371.290807 <= best bid 9999.990388
[BOOK WARN] Crossed book rejected for AAPL: ask 9359.291084 <= best bid 9999.990388
[BOOK WARN] Crossed book rejected for AAPL: ask 9369.873327 <= best bid 9999.990388
[BOOK WARN] Crossed book rejected for AAPL: ask 9379.397633 <= best bid 9999.990388
[BOOK WARN] Crossed book rejected for AAPL: ask 9378.476678 <= best bid 9999.990388
[BOOK WARN] Crossed book rejected for AAPL: ask 9384.843359 <= best bid 9999.990388
[BOOK WARN] Crossed book rejected for AAPL: ask 9361.264412 <= best bid 9999.990388
[BOOK WARN] Crossed book rejected for AAPL: ask 9357.725403 <= best bid 9999.990388
[BOOK WARN] Crossed book rejected for AAPL: ask 9361.603075 <= best bid 9999.990388
[BOOK WARN] Crossed book rejected for AAPL: ask 9368.473826 <= best bid 9999.990388
[BOOK WARN] Crossed book rejected for AAPL: ask 9366.187547 <= best bid 9999.990388
[BOOK WARN] Crossed book rejected for AAPL: ask 9363.899109 <= best bid 9999.990388
[BOOK WARN] Crossed book rejected for AAPL: ask 9354.322200 <= best bid 9999.990388
[BOOK WARN] Crossed book rejected for AAPL: ask 9355.688491 <= best bid 9999.990388
[BOOK WARN] Crossed book rejected for AAPL: ask 9349.284820 <= best bid 9999.990388
[BOOK WARN] Crossed book rejected for AAPL: ask 9346.292271 <= best bid 9999.990388
[BOOK WARN] Crossed book rejected for AAPL: ask 9357.688097 <= best bid 9999.990388
[BOOK WARN] Crossed book rejected for AAPL: ask 9354.315825 <= best bid 9999.990388
[BOOK WARN] Crossed book rejected for AAPL: ask 9357.292466 <= best bid 9999.990388
[BOOK WARN] Crossed book rejected for AAPL: ask 9360.695430 <= best bid 9999.990388
[BOOK WARN] Crossed book rejected for AAPL: ask 9358.516738 <= best bid 9999.990388
[BOOK WARN] Crossed book rejected for AAPL: ask 9381.355337 <= best bid 9999.990388
[BOOK WARN] Crossed book rejected for AAPL: ask 9382.027761 <= best bid 9999.990388
[BOOK WARN] Crossed book rejected for AAPL: ask 9366.114208 <= best bid 9999.990388
[BOOK WARN] Crossed book rejected for AAPL: ask 9367.956334 <= best bid 9999.990388
[BOOK WARN] Crossed book rejected for AAPL: ask 9357.113551 <= best bid 9999.990388
[BOOK WARN] Crossed book rejected for AAPL: ask 9347.951317 <= best bid 9999.990388
[BOOK WARN] Crossed book rejected for AAPL: ask 9356.751434 <= best bid 9999.990388
[BOOK WARN] Crossed book rejected for AAPL: ask 9365.120904 <= best bid 9999.990388
[BOOK WARN] Crossed book rejected for AAPL: ask 9361.433633 <= best bid 9999.990388
[BOOK WARN] Crossed book rejected for AAPL: ask 9364.546697 <= best bid 9999.990388
[BOOK WARN] Crossed book rejected for AAPL: ask 9356.544311 <= best bid 9999.990388
[BOOK WARN] Crossed book rejected for AAPL: ask 9368.558856 <= best bid 9999.990388
[BOOK WARN] Crossed book rejected for AAPL: ask 9378.028609 <= best bid 9999.990388
[BOOK WARN] Crossed book rejected for AAPL: ask 9361.433559 <= best bid 9999.990388
[BOOK WARN] Crossed book rejected for AAPL: ask 9359.744442 <= best bid 9999.990388
[BOOK WARN] Crossed book rejected for AAPL: ask 9348.594570 <= best bid 9999.990388
[BOOK WARN] Crossed book rejected for AAPL: ask 9351.230974 <= best bid 9999.990388
[BOOK WARN] Crossed book rejected for AAPL: ask 9348.521501 <= best bid 9999.990388
[BOOK WARN] Crossed book rejected for AAPL: ask 9333.440561 <= best bid 9999.990388
[BOOK WARN] Crossed book rejected for AAPL: ask 9315.548232 <= best bid 9999.990388
[BOOK WARN] Crossed book rejected for AAPL: ask 9317.762570 <= best bid 9999.990388
[BOOK WARN] Crossed book rejected for AAPL: ask 9311.482279 <= best bid 9999.990388
[BOOK WARN] Crossed book rejected for AAPL: ask 9313.525803 <= best bid 9999.990388
[BOOK WARN] Crossed book rejected for AAPL: ask 9304.768429 <= best bid 9999.990388
[BOOK WARN] Crossed book rejected for AAPL: ask 9310.417229 <= best bid 9999.990388
[BOOK WARN] Crossed book rejected for AAPL: ask 9289.910821 <= best bid 9999.990388
[BOOK WARN] Crossed book rejected for AAPL: ask 9304.825966 <= best bid 9999.990388
[BOOK WARN] Crossed book rejected for AAPL: ask 9305.010058 <= best bid 9999.990388
[BOOK WARN] Crossed book rejected for AAPL: ask 9315.512778 <= best bid 9999.990388
[BOOK WARN] Crossed book rejected for AAPL: ask 9321.061389 <= best bid 9999.990388
[BOOK WARN] Crossed book rejected for AAPL: ask 9316.333576 <= best bid 9999.990388
[BOOK WARN] Crossed book rejected for AAPL: ask 9311.578822 <= best bid 9999.990388
[BOOK WARN] Crossed book rejected for AAPL: ask 9313.001051 <= best bid 9999.990388
[BOOK WARN] Crossed book rejected for AAPL: ask 9307.274651 <= best bid 9999.990388
[BOOK WARN] Crossed book rejected for AAPL: ask 9306.912537 <= best bid 9999.990388
[BOOK WARN] Crossed book rejected for AAPL: ask 9298.835731 <= best bid 9999.990388
[BOOK WARN] Crossed book rejected for AAPL: ask 9302.605221 <= best bid 9999.990388
[BOOK WARN] Crossed book rejected for AAPL: ask 9305.454103 <= best bid 9999.990388
[BOOK WARN] Crossed book rejected for AAPL: ask 9320.244034 <= best bid 9999.990388
[BOOK WARN] Crossed book rejected for AAPL: ask 9336.966526 <= best bid 9999.990388
[BOOK WARN] Crossed book rejected for AAPL: ask 9354.002603 <= best bid 9999.990388
[BOOK WARN] Crossed book rejected for AAPL: ask 9361.366225 <= best bid 9999.990388
[BOOK WARN] Crossed book rejected for AAPL: ask 9370.670465 <= best bid 9999.990388
[BOOK WARN] Crossed book rejected for AAPL: ask 9382.678364 <= best bid 9999.990388
[BOOK WARN] Crossed book rejected for AAPL: ask 9384.332009 <= best bid 9999.990388
[BOOK WARN] Crossed book rejected for AAPL: ask 9367.183817 <= best bid 9999.990388
[BOOK WARN] Crossed book rejected for AAPL: ask 9372.905123 <= best bid 9999.990388
[BOOK WARN] Crossed book rejected for AAPL: ask 9372.322463 <= best bid 9999.990388
[BOOK WARN] Crossed book rejected for AAPL: ask 9370.898857 <= best bid 9999.990388
[BOOK WARN] Crossed book rejected for AAPL: ask 9360.471503 <= best bid 9999.990388
[BOOK WARN] Crossed book rejected for AAPL: ask 9368.915568 <= best bid 9999.990388
[BOOK WARN] Crossed book rejected for AAPL: ask 9372.703021 <= best bid 9999.990388
[BOOK WARN] Crossed book rejected for AAPL: ask 9367.034663 <= best bid 9999.990388
[BOOK WARN] Crossed book rejected for AAPL: ask 9376.028651 <= best bid 9999.990388
[BOOK WARN] Crossed book rejected for AAPL: ask 9369.635647 <= best bid 9999.990388
[BOOK WARN] Crossed book rejected for AAPL: ask 9364.513687 <= best bid 9999.990388
[BOOK WARN] Crossed book rejected for AAPL: ask 9362.488139 <= best bid 9999.990388
[BOOK WARN] Crossed book rejected for AAPL: ask 9339.855099 <= best bid 9999.990388
[BOOK WARN] Crossed book rejected for AAPL: ask 9331.033384 <= best bid 9999.990388
[BOOK WARN] Crossed book rejected for AAPL: ask 9342.294255 <= best bid 9999.990388
[BOOK WARN] Crossed book rejected for AAPL: ask 9344.700332 <= best bid 9999.990388
[BOOK WARN] Crossed book rejected for AAPL: ask 9349.888181 <= best bid 9999.990388
[BOOK WARN] Crossed book rejected for AAPL: ask 9350.488191 <= best bid 9999.990388
[BOOK WARN] Crossed book rejected for AAPL: ask 9351.198723 <= best bid 9999.990388
[BOOK WARN] Crossed book rejected for AAPL: ask 9346.347838 <= best bid 9999.990388
[BOOK WARN] Crossed book rejected for AAPL: ask 9342.317689 <= best bid 9999.990388
[BOOK WARN] Crossed book rejected for AAPL: ask 9346.172674 <= best bid 9999.990388
[BOOK WARN] Crossed book rejected for AAPL: ask 9348.373447 <= best bid 9999.990388
[BOOK WARN] Crossed book rejected for AAPL: ask 9360.646475 <= best bid 9999.990388
[BOOK WARN] Crossed book rejected for AAPL: ask 9352.481635 <= best bid 9999.990388
[BOOK WARN] Crossed book rejected for AAPL: ask 9351.190532 <= best bid 9999.990388
[BOOK WARN] Crossed book rejected for AAPL: ask 9348.024185 <= best bid 9999.990388
[BOOK WARN] Crossed book rejected for AAPL: ask 9354.421404 <= best bid 9999.990388
[BOOK WARN] Crossed book rejected for AAPL: ask 9360.612022 <= best bid 9999.990388
[BOOK WARN] Crossed book rejected for AAPL: ask 9362.164792 <= best bid 9999.990388
[BOOK WARN] Crossed book rejected for AAPL: ask 9364.243503 <= best bid 9999.990388
[BOOK WARN] Crossed book rejected for AAPL: ask 9368.896451 <= best bid 9999.990388
[BOOK WARN] Crossed book rejected for AAPL: ask 9368.813345 <= best bid 9999.990388
[BOOK WARN] Crossed book rejected for AAPL: ask 9370.870817 <= best bid 9999.990388
[BOOK WARN] Crossed book rejected for AAPL: ask 9380.363373 <= best bid 9999.990388
[BOOK WARN] Crossed book rejected for AAPL: ask 9380.134383 <= best bid 9999.990388
[BOOK WARN] Crossed book rejected for AAPL: ask 9371.587285 <= best bid 9999.990388
[BOOK WARN] Crossed book rejected for AAPL: ask 9360.680604 <= best bid 9999.990388
[BOOK WARN] Crossed book rejected for AAPL: ask 9355.714298 <= best bid 9999.990388
[BOOK WARN] Crossed book rejected for AAPL: ask 9362.464301 <= best bid 9999.990388
[BOOK WARN] Crossed book rejected for AAPL: ask 9360.857087 <= best bid 9999.990388
[BOOK WARN] Crossed book rejected for AAPL: ask 9368.747365 <= best bid 9999.990388
[BOOK WARN] Crossed book rejected for AAPL: ask 9371.642113 <= best bid 9999.990388
[BOOK WARN] Crossed book rejected for AAPL: ask 9361.706937 <= best bid 9999.990388
[BOOK WARN] Crossed book rejected for AAPL: ask 9374.687431 <= best bid 9999.990388
[BOOK WARN] Crossed book rejected for AAPL: ask 9374.878066 <= best bid 9999.990388
[BOOK WARN] Crossed book rejected for AAPL: ask 9389.198388 <= best bid 9999.990388
[BOOK WARN] Crossed book rejected for AAPL: ask 9395.451071 <= best bid 9999.990388
[BOOK WARN] Crossed book rejected for AAPL: ask 9386.493824 <= best bid 9999.990388
[BOOK WARN] Crossed book rejected for AAPL: ask 9400.279805 <= best bid 9999.990388
[BOOK WARN] Crossed book rejected for AAPL: ask 9407.251090 <= best bid 9999.990388
[BOOK WARN] Crossed book rejected for AAPL: ask 9403.143030 <= best bid 9999.990388
[BOOK WARN] Crossed book rejected for AAPL: ask 9405.442206 <= best bid 9999.990388
[BOOK WARN] Crossed book rejected for AAPL: ask 9410.866969 <= best bid 9999.990388
[BOOK WARN] Crossed book rejected for AAPL: ask 9418.131356 <= best bid 9999.990388
[BOOK WARN] Crossed book rejected for AAPL: ask 9413.092260 <= best bid 9999.990388
[BOOK WARN] Crossed book rejected for AAPL: ask 9408.467369 <= best bid 9999.990388
[BOOK WARN] Crossed book rejected for AAPL: ask 9406.167157 <= best bid 9999.990388
[BOOK WARN] Crossed book rejected for AAPL: ask 9404.587967 <= best bid 9999.990388
[BOOK WARN] Crossed book rejected for AAPL: ask 9407.153079 <= best bid 9999.990388
[BOOK WARN] Crossed book rejected for AAPL: ask 9405.149657 <= best bid 9999.990388
[BOOK WARN] Crossed book rejected for AAPL: ask 9396.134373 <= best bid 9999.990388
[BOOK WARN] Crossed book rejected for AAPL: ask 9387.480899 <= best bid 9999.990388
[BOOK WARN] Crossed book rejected for AAPL: ask 9373.372026 <= best bid 9999.990388
[BOOK WARN] Crossed book rejected for AAPL: ask 9366.125045 <= best bid 9999.990388
[BOOK WARN] Crossed book rejected for AAPL: ask 9363.148512 <= best bid 9999.990388
[BOOK WARN] Crossed book rejected for AAPL: ask 9357.980026 <= best bid 9999.990388
[BOOK WARN] Crossed book rejected for AAPL: ask 9348.388068 <= best bid 9999.990388
[BOOK WARN] Crossed book rejected for AAPL: ask 9337.883288 <= best bid 9999.990388
[BOOK WARN] Crossed book rejected for AAPL: ask 9342.280471 <= best bid 9999.990388
[BOOK WARN] Crossed book rejected for AAPL: ask 9335.432078 <= best bid 9999.990388
[BOOK WARN] Crossed book rejected for AAPL: ask 9328.368708 <= best bid 9999.990388
[BOOK WARN] Crossed book rejected for AAPL: ask 9322.381241 <= best bid 9999.990388
[BOOK WARN] Crossed book rejected for AAPL: ask 9336.600681 <= best bid 9999.990388
[BOOK WARN] Crossed book rejected for AAPL: ask 9319.568767 <= best bid 9999.990388
[BOOK WARN] Crossed book rejected for AAPL: ask 9328.375632 <= best bid 9999.990388
[BOOK WARN] Crossed book rejected for AAPL: ask 9328.148878 <= best bid 9999.990388
[BOOK WARN] Crossed book rejected for AAPL: ask 9320.471268 <= best bid 9999.990388
[BOOK WARN] Crossed book rejected for AAPL: ask 9311.135732 <= best bid 9999.990388
[BOOK WARN] Crossed book rejected for AAPL: ask 9313.274215 <= best bid 9999.990388
[BOOK WARN] Crossed book rejected for AAPL: ask 9318.516126 <= best bid 9999.990388
[BOOK WARN] Crossed book rejected for AAPL: ask 9308.922986 <= best bid 9999.990388
[BOOK WARN] Crossed book rejected for AAPL: ask 9305.699802 <= best bid 9999.990388
[BOOK WARN] Crossed book rejected for AAPL: ask 9309.133386 <= best bid 9999.990388
[BOOK WARN] Crossed book rejected for AAPL: ask 9313.979184 <= best bid 9999.990388
[BOOK WARN] Crossed book rejected for AAPL: ask 9302.373360 <= best bid 9999.990388
[BOOK WARN] Crossed book rejected for AAPL: ask 9290.348520 <= best bid 9999.990388
[BOOK WARN] Crossed book rejected for AAPL: ask 9292.534231 <= best bid 9999.990388
[BOOK WARN] Crossed book rejected for AAPL: ask 9285.577776 <= best bid 9999.990388
[BOOK WARN] Crossed book rejected for AAPL: ask 9281.788667 <= best bid 9999.990388
[BOOK WARN] Crossed book rejected for AAPL: ask 9271.421980 <= best bid 9999.990388
[BOOK WARN] Crossed book rejected for AAPL: ask 9278.750796 <= best bid 9999.990388
[BOOK WARN] Crossed book rejected for AAPL: ask 9274.744385 <= best bid 9999.990388
[BOOK WARN] Crossed book rejected for AAPL: ask 9285.225140 <= best bid 9999.990388
[BOOK WARN] Crossed book rejected for AAPL: ask 9279.161024 <= best bid 9999.990388
[BOOK WARN] Crossed book rejected for AAPL: ask 9267.078863 <= best bid 9999.990388
[BOOK WARN] Crossed book rejected for AAPL: ask 9266.383888 <= best bid 9999.990388
[BOOK WARN] Crossed book rejected for AAPL: ask 9266.257163 <= best bid 9999.990388
[BOOK WARN] Crossed book rejected for AAPL: ask 9255.985975 <= best bid 9999.990388
[BOOK WARN] Crossed book rejected for AAPL: ask 9262.935122 <= best bid 9999.990388
[BOOK WARN] Crossed book rejected for AAPL: ask 9273.885372 <= best bid 9999.990388
[BOOK WARN] Crossed book rejected for AAPL: ask 9271.469437 <= best bid 9999.990388
[BOOK WARN] Crossed book rejected for AAPL: ask 9272.962440 <= best bid 9999.990388
[BOOK WARN] Crossed book rejected for AAPL: ask 9272.082620 <= best bid 9999.990388
[BOOK WARN] Crossed book rejected for AAPL: ask 9281.864457 <= best bid 9999.990388
[BOOK WARN] Crossed book rejected for AAPL: ask 9289.407570 <= best bid 9999.990388
[BOOK WARN] Crossed book rejected for AAPL: ask 9293.675649 <= best bid 9999.990388
[BOOK WARN] Crossed book rejected for AAPL: ask 9283.438801 <= best bid 9999.990388
[BOOK WARN] Crossed book rejected for AAPL: ask 9291.321914 <= best bid 9999.990388
[BOOK WARN] Crossed book rejected for AAPL: ask 9292.902974 <= best bid 9999.990388
[BOOK WARN] Crossed book rejected for AAPL: ask 9308.306547 <= best bid 9999.990388
[BOOK WARN] Crossed book rejected for AAPL: ask 9306.651936 <= best bid 9999.990388
[BOOK WARN] Crossed book rejected for AAPL: ask 9299.672810 <= best bid 9999.990388
[BOOK WARN] Crossed book rejected for AAPL: ask 9287.177510 <= best bid 9999.990388
[BOOK WARN] Crossed book rejected for AAPL: ask 9300.124156 <= best bid 9999.990388
[BOOK WARN] Crossed book rejected for AAPL: ask 9294.686843 <= best bid 9999.990388
[BOOK WARN] Crossed book rejected for AAPL: ask 9296.406707 <= best bid 9999.990388
[BOOK WARN] Crossed book rejected for AAPL: ask 9299.949595 <= best bid 9999.990388
[BOOK WARN] Crossed book rejected for AAPL: ask 9306.973447 <= best bid 9999.990388
[BOOK WARN] Crossed book rejected for AAPL: ask 9304.009829 <= best bid 9999.990388
[BOOK WARN] Crossed book rejected for AAPL: ask 9299.590491 <= best bid 9999.990388
[BOOK WARN] Crossed book rejected for AAPL: ask 9302.114504 <= best bid 9999.990388
[BOOK WARN] Crossed book rejected for AAPL: ask 9309.345782 <= best bid 9999.990388
[BOOK WARN] Crossed book rejected for AAPL: ask 9313.047422 <= best bid 9999.990388
[BOOK WARN] Crossed book rejected for AAPL: ask 9315.911326 <= best bid 9999.990388
[BOOK WARN] Crossed book rejected for AAPL: ask 9337.883200 <= best bid 9999.990388
[BOOK WARN] Crossed book rejected for AAPL: ask 9336.130549 <= best bid 9999.990388
[BOOK WARN] Crossed book rejected for AAPL: ask 9322.248886 <= best bid 9999.990388
[BOOK WARN] Crossed book rejected for AAPL: ask 9317.712013 <= best bid 9999.990388
[BOOK WARN] Crossed book rejected for AAPL: ask 9327.002632 <= best bid 9999.990388
[BOOK WARN] Crossed book rejected for AAPL: ask 9337.052356 <= best bid 9999.990388
[BOOK WARN] Crossed book rejected for AAPL: ask 9334.110315 <= best bid 9999.990388
[BOOK WARN] Crossed book rejected for AAPL: ask 9340.045972 <= best bid 9999.990388
[BOOK WARN] Crossed book rejected for AAPL: ask 9336.694237 <= best bid 9999.990388
[BOOK WARN] Crossed book rejected for AAPL: ask 9339.019778 <= best bid 9999.990388
[BOOK WARN] Crossed book rejected for AAPL: ask 9345.007914 <= best bid 9999.990388
[BOOK WARN] Crossed book rejected for AAPL: ask 9331.456953 <= best bid 9999.990388
[BOOK WARN] Crossed book rejected for AAPL: ask 9324.273269 <= best bid 9999.990388
[BOOK WARN] Crossed book rejected for AAPL: ask 9317.227296 <= best bid 9999.990388
[BOOK WARN] Crossed book rejected for AAPL: ask 9298.899385 <= best bid 9999.990388
[BOOK WARN] Crossed book rejected for AAPL: ask 9295.584028 <= best bid 9999.990388
[BOOK WARN] Crossed book rejected for AAPL: ask 9309.811360 <= best bid 9999.990388
[BOOK WARN] Crossed book rejected for AAPL: ask 9308.766697 <= best bid 9999.990388
[BOOK WARN] Crossed book rejected for AAPL: ask 9300.078834 <= best bid 9999.990388
[BOOK WARN] Crossed book rejected for AAPL: ask 9302.206808 <= best bid 9999.990388
[BOOK WARN] Crossed book rejected for AAPL: ask 9314.297953 <= best bid 9999.990388
[BOOK WARN] Crossed book rejected for AAPL: ask 9319.658526 <= best bid 9999.990388
[BOOK WARN] Crossed book rejected for AAPL: ask 9324.451076 <= best bid 9999.990388
[BOOK WARN] Crossed book rejected for AAPL: ask 9339.835921 <= best bid 9999.990388
[BOOK WARN] Crossed book rejected for AAPL: ask 9342.002943 <= best bid 9999.990388
[BOOK WARN] Crossed book rejected for AAPL: ask 9350.990089 <= best bid 9999.990388
[BOOK WARN] Crossed book rejected for AAPL: ask 9357.306703 <= best bid 9999.990388
[BOOK WARN] Crossed book rejected for AAPL: ask 9352.637098 <= best bid 9999.990388
[BOOK WARN] Crossed book rejected for AAPL: ask 9371.684671 <= best bid 9999.990388
[BOOK WARN] Crossed book rejected for AAPL: ask 9376.104487 <= best bid 9999.990388
[BOOK WARN] Crossed book rejected for AAPL: ask 9400.038564 <= best bid 9999.990388
[BOOK WARN] Crossed book rejected for AAPL: ask 9402.555733 <= best bid 9999.990388
[BOOK WARN] Crossed book rejected for AAPL: ask 9392.156379 <= best bid 9999.990388
[BOOK WARN] Crossed book rejected for AAPL: ask 9398.683210 <= best bid 9999.990388
[BOOK WARN] Crossed book rejected for AAPL: ask 9409.796529 <= best bid 9999.990388
[BOOK WARN] Crossed book rejected for AAPL: ask 9408.653413 <= best bid 9999.990388
[BOOK WARN] Crossed book rejected for AAPL: ask 9401.946506 <= best bid 9999.990388
[BOOK WARN] Crossed book rejected for AAPL: ask 9389.421031 <= best bid 9999.990388
[BOOK WARN] Crossed book rejected for AAPL: ask 9372.421741 <= best bid 9999.990388
[BOOK WARN] Crossed book rejected for AAPL: ask 9361.142266 <= best bid 9999.990388
[BOOK WARN] Crossed book rejected for AAPL: ask 9361.958367 <= best bid 9999.990388
[BOOK WARN] Crossed book rejected for AAPL: ask 9374.130983 <= best bid 9999.990388
[BOOK WARN] Crossed book rejected for AAPL: ask 9369.950308 <= best bid 9999.990388
[BOOK WARN] Crossed book rejected for AAPL: ask 9379.774430 <= best bid 9999.990388
[BOOK WARN] Crossed book rejected for AAPL: ask 9384.712251 <= best bid 9999.990388
[BOOK WARN] Crossed book rejected for AAPL: ask 9378.668967 <= best bid 9999.990388
[BOOK WARN] Crossed book rejected for AAPL: ask 9374.451560 <= best bid 9999.990388
[BOOK WARN] Crossed book rejected for AAPL: ask 9365.485505 <= best bid 9999.990388
[BOOK WARN] Crossed book rejected for AAPL: ask 9368.253561 <= best bid 9999.990388
[BOOK WARN] Crossed book rejected for AAPL: ask 9353.053001 <= best bid 9999.990388
[BOOK WARN] Crossed book rejected for AAPL: ask 9354.837140 <= best bid 9999.990388
[BOOK WARN] Crossed book rejected for AAPL: ask 9362.964568 <= best bid 9999.990388
[BOOK WARN] Crossed book rejected for AAPL: ask 9351.286843 <= best bid 9999.990388
[BOOK WARN] Crossed book rejected for AAPL: ask 9348.432666 <= best bid 9999.990388
[BOOK WARN] Crossed book rejected for AAPL: ask 9351.841711 <= best bid 9999.990388
[BOOK WARN] Crossed book rejected for AAPL: ask 9342.359762 <= best bid 9999.990388
[BOOK WARN] Crossed book rejected for AAPL: ask 9339.731753 <= best bid 9999.990388
[BOOK WARN] Crossed book rejected for AAPL: ask 9335.622925 <= best bid 9999.990388
[BOOK WARN] Crossed book rejected for AAPL: ask 9319.520116 <= best bid 9999.990388
[BOOK WARN] Crossed book rejected for AAPL: ask 9302.838837 <= best bid 9999.990388
[BOOK WARN] Crossed book rejected for AAPL: ask 9294.501758 <= best bid 9999.990388
[BOOK WARN] Crossed book rejected for AAPL: ask 9292.552194 <= best bid 9999.990388
[BOOK WARN] Crossed book rejected for AAPL: ask 9283.528732 <= best bid 9999.990388
[BOOK WARN] Crossed book rejected for AAPL: ask 9288.839889 <= best bid 9999.990388
[BOOK WARN] Crossed book rejected for AAPL: ask 9287.150527 <= best bid 9999.990388
[BOOK WARN] Crossed book rejected for AAPL: ask 9296.003610 <= best bid 9999.990388
[BOOK WARN] Crossed book rejected for AAPL: ask 9287.486837 <= best bid 9999.990388
[BOOK WARN] Crossed book rejected for AAPL: ask 9275.406405 <= best bid 9999.990388
[BOOK WARN] Crossed book rejected for AAPL: ask 9267.192237 <= best bid 9999.990388
[BOOK WARN] Crossed book rejected for AAPL: ask 9266.795787 <= best bid 9999.990388
[BOOK WARN] Crossed book rejected for AAPL: ask 9269.815156 <= best bid 9999.990388
[BOOK WARN] Crossed book rejected for AAPL: ask 9267.522024 <= best bid 9999.990388
[BOOK WARN] Crossed book rejected for AAPL: ask 9267.752190 <= best bid 9999.990388
[BOOK WARN] Crossed book rejected for AAPL: ask 9265.220077 <= best bid 9999.990388
[BOOK WARN] Crossed book rejected for AAPL: ask 9250.242923 <= best bid 9999.990388
[BOOK WARN] Crossed book rejected for AAPL: ask 9241.332686 <= best bid 9999.990388
[BOOK WARN] Crossed book rejected for AAPL: ask 9233.469900 <= best bid 9999.990388
[BOOK WARN] Crossed book rejected for AAPL: ask 9241.612698 <= best bid 9999.990388
[BOOK WARN] Crossed book rejected for AAPL: ask 9248.992095 <= best bid 9999.990388
[BOOK WARN] Crossed book rejected for AAPL: ask 9251.201225 <= best bid 9999.990388
[BOOK WARN] Crossed book rejected for AAPL: ask 9270.878002 <= best bid 9999.990388
[BOOK WARN] Crossed book rejected for AAPL: ask 9273.380615 <= best bid 9999.990388
[BOOK WARN] Crossed book rejected for AAPL: ask 9279.171770 <= best bid 9999.990388
[BOOK WARN] Crossed book rejected for AAPL: ask 9263.190321 <= best bid 9999.990388
[BOOK WARN] Crossed book rejected for AAPL: ask 9273.528711 <= best bid 9999.990388
[BOOK WARN] Crossed book rejected for AAPL: ask 9277.176867 <= best bid 9999.990388
[BOOK WARN] Crossed book rejected for AAPL: ask 9275.383270 <= best bid 9999.990388
[BOOK WARN] Crossed book rejected for AAPL: ask 9279.506520 <= best bid 9999.990388
[BOOK WARN] Crossed book rejected for AAPL: ask 9284.265973 <= best bid 9999.990388
[BOOK WARN] Crossed book rejected for AAPL: ask 9283.755679 <= best bid 9999.990388
[BOOK WARN] Crossed book rejected for AAPL: ask 9285.658270 <= best bid 9999.990388
[BOOK WARN] Crossed book rejected for AAPL: ask 9272.550660 <= best bid 9999.990388
[BOOK WARN] Crossed book rejected for AAPL: ask 9284.530690 <= best bid 9999.990388
[BOOK WARN] Crossed book rejected for AAPL: ask 9287.440462 <= best bid 9999.990388
[BOOK WARN] Crossed book rejected for AAPL: ask 9291.860648 <= best bid 9999.990388
[BOOK WARN] Crossed book rejected for AAPL: ask 9297.515713 <= best bid 9999.990388
[BOOK WARN] Crossed book rejected for AAPL: ask 9288.926488 <= best bid 9999.990388
[BOOK WARN] Crossed book rejected for AAPL: ask 9279.809164 <= best bid 9999.990388
[BOOK WARN] Crossed book rejected for AAPL: ask 9280.513290 <= best bid 9999.990388
[BOOK WARN] Crossed book rejected for AAPL: ask 9267.055568 <= best bid 9999.990388
[BOOK WARN] Crossed book rejected for AAPL: ask 9248.301956 <= best bid 9999.990388
[BOOK WARN] Crossed book rejected for AAPL: ask 9223.571822 <= best bid 9999.990388
[BOOK WARN] Crossed book rejected for AAPL: ask 9216.210380 <= best bid 9999.990388
[BOOK WARN] Crossed book rejected for AAPL: ask 9213.445992 <= best bid 9999.990388
[BOOK WARN] Crossed book rejected for AAPL: ask 9225.505413 <= best bid 9999.990388
[BOOK WARN] Crossed book rejected for AAPL: ask 9200.174489 <= best bid 9999.990388
[BOOK WARN] Crossed book rejected for AAPL: ask 9199.674912 <= best bid 9999.990388
[BOOK WARN] Crossed book rejected for AAPL: ask 9188.247500 <= best bid 9999.990388
[BOOK WARN] Crossed book rejected for AAPL: ask 9201.124567 <= best bid 9999.990388
[BOOK WARN] Crossed book rejected for AAPL: ask 9193.300524 <= best bid 9999.990388
[BOOK WARN] Crossed book rejected for AAPL: ask 9198.842650 <= best bid 9999.990388
[BOOK WARN] Crossed book rejected for AAPL: ask 9202.174621 <= best bid 9999.990388
[BOOK WARN] Crossed book rejected for AAPL: ask 9192.075965 <= best bid 9999.990388
[BOOK WARN] Crossed book rejected for AAPL: ask 9196.386534 <= best bid 9999.990388
[BOOK WARN] Crossed book rejected for AAPL: ask 9175.754799 <= best bid 9999.990388
[BOOK WARN] Crossed book rejected for AAPL: ask 9171.448159 <= best bid 9999.990388
[BOOK WARN] Crossed book rejected for AAPL: ask 9172.451500 <= best bid 9999.990388
[BOOK WARN] Crossed book rejected for AAPL: ask 9179.042019 <= best bid 9999.990388
[BOOK WARN] Crossed book rejected for AAPL: ask 9182.965760 <= best bid 9999.990388
[BOOK WARN] Crossed book rejected for AAPL: ask 9184.423369 <= best bid 9999.990388
[BOOK WARN] Crossed book rejected for AAPL: ask 9191.375147 <= best bid 9999.990388
[BOOK WARN] Crossed book rejected for AAPL: ask 9207.011667 <= best bid 9999.990388
[BOOK WARN] Crossed book rejected for AAPL: ask 9200.784393 <= best bid 9999.990388
[BOOK WARN] Crossed book rejected for AAPL: ask 9190.607157 <= best bid 9999.990388
[BOOK WARN] Crossed book rejected for AAPL: ask 9188.875798 <= best bid 9999.990388
[BOOK WARN] Crossed book rejected for AAPL: ask 9169.078958 <= best bid 9999.990388
[BOOK WARN] Crossed book rejected for AAPL: ask 9155.405785 <= best bid 9999.990388
[BOOK WARN] Crossed book rejected for AAPL: ask 9155.199917 <= best bid 9999.990388
[BOOK WARN] Crossed book rejected for AAPL: ask 9159.526019 <= best bid 9999.990388
[BOOK WARN] Crossed book rejected for AAPL: ask 9148.338513 <= best bid 9999.990388
[BOOK WARN] Crossed book rejected for AAPL: ask 9130.113216 <= best bid 9999.990388
[BOOK WARN] Crossed book rejected for AAPL: ask 9116.323293 <= best bid 9999.990388
[BOOK WARN] Crossed book rejected for AAPL: ask 9115.789820 <= best bid 9999.990388
[BOOK WARN] Crossed book rejected for AAPL: ask 9122.938317 <= best bid 9999.990388
[BOOK WARN] Crossed book rejected for AAPL: ask 9127.979583 <= best bid 9999.990388
[BOOK WARN] Crossed book rejected for AAPL: ask 9130.503248 <= best bid 9999.990388
[BOOK WARN] Crossed book rejected for AAPL: ask 9132.338520 <= best bid 9999.990388
[BOOK WARN] Crossed book rejected for AAPL: ask 9126.195718 <= best bid 9999.990388
[BOOK WARN] Crossed book rejected for AAPL: ask 9122.727816 <= best bid 9999.990388
[BOOK WARN] Crossed book rejected for AAPL: ask 9113.209678 <= best bid 9999.990388
[BOOK WARN] Crossed book rejected for AAPL: ask 9122.188699 <= best bid 9999.990388
[BOOK WARN] Crossed book rejected for AAPL: ask 9124.323769 <= best bid 9999.990388
[BOOK WARN] Crossed book rejected for AAPL: ask 9129.635424 <= best bid 9999.990388
[BOOK WARN] Crossed book rejected for AAPL: ask 9124.763712 <= best bid 9999.990388
[BOOK WARN] Crossed book rejected for AAPL: ask 9127.928175 <= best bid 9999.990388
[BOOK WARN] Crossed book rejected for AAPL: ask 9119.030048 <= best bid 9999.990388
[BOOK WARN] Crossed book rejected for AAPL: ask 9108.932666 <= best bid 9999.990388
[BOOK WARN] Crossed book rejected for AAPL: ask 9117.523811 <= best bid 9999.990388
[BOOK WARN] Crossed book rejected for AAPL: ask 9114.058729 <= best bid 9999.990388
[BOOK WARN] Crossed book rejected for AAPL: ask 9123.477109 <= best bid 9999.990388
[BOOK WARN] Crossed book rejected for AAPL: ask 9113.309119 <= best bid 9999.990388
[BOOK WARN] Crossed book rejected for AAPL: ask 9107.082878 <= best bid 9999.990388
[BOOK WARN] Crossed book rejected for AAPL: ask 9108.307682 <= best bid 9999.990388
[BOOK WARN] Crossed book rejected for AAPL: ask 9105.731645 <= best bid 9999.990388
[BOOK WARN] Crossed book rejected for AAPL: ask 9101.129391 <= best bid 9999.990388
[BOOK WARN] Crossed book rejected for AAPL: ask 9103.966812 <= best bid 9999.990388
[BOOK WARN] Crossed book rejected for AAPL: ask 9113.957948 <= best bid 9999.990388
[BOOK WARN] Crossed book rejected for AAPL: ask 9129.174979 <= best bid 9999.990388
[BOOK WARN] Crossed book rejected for AAPL: ask 9140.942477 <= best bid 9999.990388
[BOOK WARN] Crossed book rejected for AAPL: ask 9141.502977 <= best bid 9999.990388
[BOOK WARN] Crossed book rejected for AAPL: ask 9144.435276 <= best bid 9999.990388
[BOOK WARN] Crossed book rejected for AAPL: ask 9153.893005 <= best bid 9999.990388
[BOOK WARN] Crossed book rejected for AAPL: ask 9154.105929 <= best bid 9999.990388
[BOOK WARN] Crossed book rejected for AAPL: ask 9139.731574 <= best bid 9999.990388
[BOOK WARN] Crossed book rejected for AAPL: ask 9145.945064 <= best bid 9999.990388
[BOOK WARN] Crossed book rejected for AAPL: ask 9146.626797 <= best bid 9999.990388
[BOOK WARN] Crossed book rejected for AAPL: ask 9129.331771 <= best bid 9999.990388
[BOOK WARN] Crossed book rejected for AAPL: ask 9123.808570 <= best bid 9999.990388
[BOOK WARN] Crossed book rejected for AAPL: ask 9123.612916 <= best bid 9999.990388
[BOOK WARN] Crossed book rejected for AAPL: ask 9122.596060 <= best bid 9999.990388
[BOOK WARN] Crossed book rejected for AAPL: ask 9101.871261 <= best bid 9999.990388
[BOOK WARN] Crossed book rejected for AAPL: ask 9118.696698 <= best bid 9999.990388
[BOOK WARN] Crossed book rejected for AAPL: ask 9126.085005 <= best bid 9999.990388
[BOOK WARN] Crossed book rejected for AAPL: ask 9119.982506 <= best bid 9999.990388
[BOOK WARN] Crossed book rejected for AAPL: ask 9124.230984 <= best bid 9999.990388
[BOOK WARN] Crossed book rejected for AAPL: ask 9118.654081 <= best bid 9999.990388
[BOOK WARN] Crossed book rejected for AAPL: ask 9122.716994 <= best bid 9999.990388
[BOOK WARN] Crossed book rejected for AAPL: ask 9114.189727 <= best bid 9999.990388
[BOOK WARN] Crossed book rejected for AAPL: ask 9118.255203 <= best bid 9999.990388
[BOOK WARN] Crossed book rejected for AAPL: ask 9120.843470 <= best bid 9999.990388
[BOOK WARN] Crossed book rejected for AAPL: ask 9127.123751 <= best bid 9999.990388
[BOOK WARN] Crossed book rejected for AAPL: ask 9128.272022 <= best bid 9999.990388
[BOOK WARN] Crossed book rejected for AAPL: ask 9145.027840 <= best bid 9999.990388
[BOOK WARN] Crossed book rejected for AAPL: ask 9163.807543 <= best bid 9999.990388
[BOOK WARN] Crossed book rejected for AAPL: ask 9167.845024 <= best bid 9999.990388
[BOOK WARN] Crossed book rejected for AAPL: ask 9166.547384 <= best bid 9999.990388
[BOOK WARN] Crossed book rejected for AAPL: ask 9157.391473 <= best bid 9999.990388
[BOOK WARN] Crossed book rejected for AAPL: ask 9165.283248 <= best bid 9999.990388
[BOOK WARN] Crossed book rejected for AAPL: ask 9166.624996 <= best bid 9999.990388
[BOOK WARN] Crossed book rejected for AAPL: ask 9183.237722 <= best bid 9999.990388
[BOOK WARN] Crossed book rejected for AAPL: ask 9179.104605 <= best bid 9999.990388
[BOOK WARN] Crossed book rejected for AAPL: ask 9189.646237 <= best bid 9999.990388
[BOOK WARN] Crossed book rejected for AAPL: ask 9193.973505 <= best bid 9999.990388
[BOOK WARN] Crossed book rejected for AAPL: ask 9191.896039 <= best bid 9999.990388
[BOOK WARN] Crossed book rejected for AAPL: ask 9203.696426 <= best bid 9999.990388
[BOOK WARN] Crossed book rejected for AAPL: ask 9201.433759 <= best bid 9999.990388
[BOOK WARN] Crossed book rejected for AAPL: ask 9203.703094 <= best bid 9999.990388
[BOOK WARN] Crossed book rejected for AAPL: ask 9192.220411 <= best bid 9999.990388
[BOOK WARN] Crossed book rejected for AAPL: ask 9211.678447 <= best bid 9999.990388
[BOOK WARN] Crossed book rejected for AAPL: ask 9213.255871 <= best bid 9999.990388
[BOOK WARN] Crossed book rejected for AAPL: ask 9210.455381 <= best bid 9999.990388
[BOOK WARN] Crossed book rejected for AAPL: ask 9224.700992 <= best bid 9999.990388
[BOOK WARN] Crossed book rejected for AAPL: ask 9202.765052 <= best bid 9999.990388
[BOOK WARN] Crossed book rejected for AAPL: ask 9202.876576 <= best bid 9999.990388
[BOOK WARN] Crossed book rejected for AAPL: ask 9202.081941 <= best bid 9999.990388
[BOOK WARN] Crossed book rejected for AAPL: ask 9208.482919 <= best bid 9999.990388
[BOOK WARN] Crossed book rejected for AAPL: ask 9213.700499 <= best bid 9999.990388
[BOOK WARN] Crossed book rejected for AAPL: ask 9215.391402 <= best bid 9999.990388
[BOOK WARN] Crossed book rejected for AAPL: ask 9226.998940 <= best bid 9999.990388
[BOOK WARN] Crossed book rejected for AAPL: ask 9233.320096 <= best bid 9999.990388
[BOOK WARN] Crossed book rejected for AAPL: ask 9238.228097 <= best bid 9999.990388
[BOOK WARN] Crossed book rejected for AAPL: ask 9243.651190 <= best bid 9999.990388
[BOOK WARN] Crossed book rejected for AAPL: ask 9236.827881 <= best bid 9999.990388
[BOOK WARN] Crossed book rejected for AAPL: ask 9237.535038 <= best bid 9999.990388
[BOOK WARN] Crossed book rejected for AAPL: ask 9236.837745 <= best bid 9999.990388
[BOOK WARN] Crossed book rejected for AAPL: ask 9238.801563 <= best bid 9999.990388
[BOOK WARN] Crossed book rejected for AAPL: ask 9237.192582 <= best bid 9999.990388
[BOOK WARN] Crossed book rejected for AAPL: ask 9243.541874 <= best bid 9999.990388
[BOOK WARN] Crossed book rejected for AAPL: ask 9254.299935 <= best bid 9999.990388
[BOOK WARN] Crossed book rejected for AAPL: ask 9256.439686 <= best bid 9999.990388
[BOOK WARN] Crossed book rejected for AAPL: ask 9245.899426 <= best bid 9999.990388
[BOOK WARN] Crossed book rejected for AAPL: ask 9237.503369 <= best bid 9999.990388
[BOOK WARN] Crossed book rejected for AAPL: ask 9238.884449 <= best bid 9999.990388
[BOOK WARN] Crossed book rejected for AAPL: ask 9243.740439 <= best bid 9999.990388
[BOOK WARN] Crossed book rejected for AAPL: ask 9233.504607 <= best bid 9999.990388
[BOOK WARN] Crossed book rejected for AAPL: ask 9232.769673 <= best bid 9999.990388
[BOOK WARN] Crossed book rejected for AAPL: ask 9226.604175 <= best bid 9999.990388
[BOOK WARN] Crossed book rejected for AAPL: ask 9227.851552 <= best bid 9999.990388
[BOOK WARN] Crossed book rejected for AAPL: ask 9238.624006 <= best bid 9999.990388
[BOOK WARN] Crossed book rejected for AAPL: ask 9240.846045 <= best bid 9999.990388
[BOOK WARN] Crossed book rejected for AAPL: ask 9237.392351 <= best bid 9999.990388
[BOOK WARN] Crossed book rejected for AAPL: ask 9236.985521 <= best bid 9999.990388
[BOOK WARN] Crossed book rejected for AAPL: ask 9245.472993 <= best bid 9999.990388
[BOOK WARN] Crossed book rejected for AAPL: ask 9263.537667 <= best bid 9999.990388
[BOOK WARN] Crossed book rejected for AAPL: ask 9241.526124 <= best bid 9999.990388
[BOOK WARN] Crossed book rejected for AAPL: ask 9224.731146 <= best bid 9999.990388
[BOOK WARN] Crossed book rejected for AAPL: ask 9208.848757 <= best bid 9999.990388
[BOOK WARN] Crossed book rejected for AAPL: ask 9217.080151 <= best bid 9999.990388
[BOOK WARN] Crossed book rejected for AAPL: ask 9223.943511 <= best bid 9999.990388
[BOOK WARN] Crossed book rejected for AAPL: ask 9227.687308 <= best bid 9999.990388
[BOOK WARN] Crossed book rejected for AAPL: ask 9222.735298 <= best bid 9999.990388
[BOOK WARN] Crossed book rejected for AAPL: ask 9230.126268 <= best bid 9999.990388
[BOOK WARN] Crossed book rejected for AAPL: ask 9242.519403 <= best bid 9999.990388
[BOOK WARN] Crossed book rejected for AAPL: ask 9230.495146 <= best bid 9999.990388
[BOOK WARN] Crossed book rejected for AAPL: ask 9238.212845 <= best bid 9999.990388
[BOOK WARN] Crossed book rejected for AAPL: ask 9245.562734 <= best bid 9999.990388
[BOOK WARN] Crossed book rejected for AAPL: ask 9249.135221 <= best bid 9999.990388
[BOOK WARN] Crossed book rejected for AAPL: ask 9259.763545 <= best bid 9999.990388
[BOOK WARN] Crossed book rejected for AAPL: ask 9257.597912 <= best bid 9999.990388
[BOOK WARN] Crossed book rejected for AAPL: ask 9242.944965 <= best bid 9999.990388
[BOOK WARN] Crossed book rejected for AAPL: ask 9244.511113 <= best bid 9999.990388
[BOOK WARN] Crossed book rejected for AAPL: ask 9250.125950 <= best bid 9999.990388
[BOOK WARN] Crossed book rejected for AAPL: ask 9265.360998 <= best bid 9999.990388
[BOOK WARN] Crossed book rejected for AAPL: ask 9241.503984 <= best bid 9999.990388
[BOOK WARN] Crossed book rejected for AAPL: ask 9245.240240 <= best bid 9999.990388
[BOOK WARN] Crossed book rejected for AAPL: ask 9262.705986 <= best bid 9999.990388
[BOOK WARN] Crossed book rejected for AAPL: ask 9232.751778 <= best bid 9999.990388
[BOOK WARN] Crossed book rejected for AAPL: ask 9229.097651 <= best bid 9999.990388
[BOOK WARN] Crossed book rejected for AAPL: ask 9220.563290 <= best bid 9999.990388
[BOOK WARN] Crossed book rejected for AAPL: ask 9225.843087 <= best bid 9999.990388
[BOOK WARN] Crossed book rejected for AAPL: ask 9210.359830 <= best bid 9999.990388
[BOOK WARN] Crossed book rejected for AAPL: ask 9200.928847 <= best bid 9999.990388
[BOOK WARN] Crossed book rejected for AAPL: ask 9194.330679 <= best bid 9999.990388
[BOOK WARN] Crossed book rejected for AAPL: ask 9198.033741 <= best bid 9999.990388
[BOOK WARN] Crossed book rejected for AAPL: ask 9192.869987 <= best bid 9999.990388
[BOOK WARN] Crossed book rejected for AAPL: ask 9184.412581 <= best bid 9999.990388
[BOOK WARN] Crossed book rejected for AAPL: ask 9190.634816 <= best bid 9999.990388
[BOOK WARN] Crossed book rejected for AAPL: ask 9177.338598 <= best bid 9999.990388
[BOOK WARN] Crossed book rejected for AAPL: ask 9171.007522 <= best bid 9999.990388
[BOOK WARN] Crossed book rejected for AAPL: ask 9166.602168 <= best bid 9999.990388
[BOOK WARN] Crossed book rejected for AAPL: ask 9172.194399 <= best bid 9999.990388
[BOOK WARN] Crossed book rejected for AAPL: ask 9170.335910 <= best bid 9999.990388
[BOOK WARN] Crossed book rejected for AAPL: ask 9161.474858 <= best bid 9999.990388
[BOOK WARN] Crossed book rejected for AAPL: ask 9146.828624 <= best bid 9999.990388
[BOOK WARN] Crossed book rejected for AAPL: ask 9136.872386 <= best bid 9999.990388
[BOOK WARN] Crossed book rejected for AAPL: ask 9130.901994 <= best bid 9999.990388
[BOOK WARN] Crossed book rejected for AAPL: ask 9143.049452 <= best bid 9999.990388
[BOOK WARN] Crossed book rejected for AAPL: ask 9144.520025 <= best bid 9999.990388
[BOOK WARN] Crossed book rejected for AAPL: ask 9151.036859 <= best bid 9999.990388
[BOOK WARN] Crossed book rejected for AAPL: ask 9147.703561 <= best bid 9999.990388
[BOOK WARN] Crossed book rejected for AAPL: ask 9169.734076 <= best bid 9999.990388
[BOOK WARN] Crossed book rejected for AAPL: ask 9157.116706 <= best bid 9999.990388
[BOOK WARN] Crossed book rejected for AAPL: ask 9162.883657 <= best bid 9999.990388
[BOOK WARN] Crossed book rejected for AAPL: ask 9165.482793 <= best bid 9999.990388
[BOOK WARN] Crossed book rejected for AAPL: ask 9164.201258 <= best bid 9999.990388
[BOOK WARN] Crossed book rejected for AAPL: ask 9160.673460 <= best bid 9999.990388
[BOOK WARN] Crossed book rejected for AAPL: ask 9152.292501 <= best bid 9999.990388
[BOOK WARN] Crossed book rejected for AAPL: ask 9156.499807 <= best bid 9999.990388
[BOOK WARN] Crossed book rejected for AAPL: ask 9150.664046 <= best bid 9999.990388
[BOOK WARN] Crossed book rejected for AAPL: ask 9145.808083 <= best bid 9999.990388
[BOOK WARN] Crossed book rejected for AAPL: ask 9138.626228 <= best bid 9999.990388
[BOOK WARN] Crossed book rejected for AAPL: ask 9137.239744 <= best bid 9999.990388
[BOOK WARN] Crossed book rejected for AAPL: ask 9129.399359 <= best bid 9999.990388
[BOOK WARN] Crossed book rejected for AAPL: ask 9117.599206 <= best bid 9999.990388
[BOOK WARN] Crossed book rejected for AAPL: ask 9116.541447 <= best bid 9999.990388
[BOOK WARN] Crossed book rejected for AAPL: ask 9129.635555 <= best bid 9999.990388
[BOOK WARN] Crossed book rejected for AAPL: ask 9144.040042 <= best bid 9999.990388
[BOOK WARN] Crossed book rejected for AAPL: ask 9146.770249 <= best bid 9999.990388
[BOOK WARN] Crossed book rejected for AAPL: ask 9137.781858 <= best bid 9999.990388
[BOOK WARN] Crossed book rejected for AAPL: ask 9131.276184 <= best bid 9999.990388
[BOOK WARN] Crossed book rejected for AAPL: ask 9121.160470 <= best bid 9999.990388
[BOOK WARN] Crossed book rejected for AAPL: ask 9104.356448 <= best bid 9999.990388
[BOOK WARN] Crossed book rejected for AAPL: ask 9099.593396 <= best bid 9999.990388
[BOOK WARN] Crossed book rejected for AAPL: ask 9110.423599 <= best bid 9999.990388
[BOOK WARN] Crossed book rejected for AAPL: ask 9103.369945 <= best bid 9999.990388
[BOOK WARN] Crossed book rejected for AAPL: ask 9089.757461 <= best bid 9999.990388
[BOOK WARN] Crossed book rejected for AAPL: ask 9084.023250 <= best bid 9999.990388
[BOOK WARN] Crossed book rejected for AAPL: ask 9090.608155 <= best bid 9999.990388
[BOOK WARN] Crossed book rejected for AAPL: ask 9093.545798 <= best bid 9999.990388
[BOOK WARN] Crossed book rejected for AAPL: ask 9115.142919 <= best bid 9999.990388
[BOOK WARN] Crossed book rejected for AAPL: ask 9113.341588 <= best bid 9999.990388
[BOOK WARN] Crossed book rejected for AAPL: ask 9120.079602 <= best bid 9999.990388
[BOOK WARN] Crossed book rejected for AAPL: ask 9129.993200 <= best bid 9999.990388
[BOOK WARN] Crossed book rejected for AAPL: ask 9123.793208 <= best bid 9999.990388
[BOOK WARN] Crossed book rejected for AAPL: ask 9127.096194 <= best bid 9999.990388
[BOOK WARN] Crossed book rejected for AAPL: ask 9135.621585 <= best bid 9999.990388
[BOOK WARN] Crossed book rejected for AAPL: ask 9118.089669 <= best bid 9999.990388
[BOOK WARN] Crossed book rejected for AAPL: ask 9110.356024 <= best bid 9999.990388
[BOOK WARN] Crossed book rejected for AAPL: ask 9116.286518 <= best bid 9999.990388
[BOOK WARN] Crossed book rejected for AAPL: ask 9113.984329 <= best bid 9999.990388
[BOOK WARN] Crossed book rejected for AAPL: ask 9108.800444 <= best bid 9999.990388
[BOOK WARN] Crossed book rejected for AAPL: ask 9110.412405 <= best bid 9999.990388
[BOOK WARN] Crossed book rejected for AAPL: ask 9112.277797 <= best bid 9999.990388
[BOOK WARN] Crossed book rejected for AAPL: ask 9107.857691 <= best bid 9999.990388
[BOOK WARN] Crossed book rejected for AAPL: ask 9124.797568 <= best bid 9999.990388
[BOOK WARN] Crossed book rejected for AAPL: ask 9120.491029 <= best bid 9999.990388
[BOOK WARN] Crossed book rejected for AAPL: ask 9111.686045 <= best bid 9999.990388
[BOOK WARN] Crossed book rejected for AAPL: ask 9113.512964 <= best bid 9999.990388
[BOOK WARN] Crossed book rejected for AAPL: ask 9102.919430 <= best bid 9999.990388
[BOOK WARN] Crossed book rejected for AAPL: ask 9104.707965 <= best bid 9999.990388
[BOOK WARN] Crossed book rejected for AAPL: ask 9102.016258 <= best bid 9999.990388
[BOOK WARN] Crossed book rejected for AAPL: ask 9114.936493 <= best bid 9999.990388
[BOOK WARN] Crossed book rejected for AAPL: ask 9135.531803 <= best bid 9999.990388
[BOOK WARN] Crossed book rejected for AAPL: ask 9126.393930 <= best bid 9999.990388
[BOOK WARN] Crossed book rejected for AAPL: ask 9129.251648 <= best bid 9999.990388
[BOOK WARN] Crossed book rejected for AAPL: ask 9126.137723 <= best bid 9999.990388
[BOOK WARN] Crossed book rejected for AAPL: ask 9122.291138 <= best bid 9999.990388
[BOOK WARN] Crossed book rejected for AAPL: ask 9135.959080 <= best bid 9999.990388
[BOOK WARN] Crossed book rejected for AAPL: ask 9145.762991 <= best bid 9999.990388
[BOOK WARN] Crossed book rejected for AAPL: ask 9129.674494 <= best bid 9999.990388
[BOOK WARN] Crossed book rejected for AAPL: ask 9125.880980 <= best bid 9999.990388
[BOOK WARN] Crossed book rejected for AAPL: ask 9124.759401 <= best bid 9999.990388
[BOOK WARN] Crossed book rejected for AAPL: ask 9124.382404 <= best bid 9999.990388
[BOOK WARN] Crossed book rejected for AAPL: ask 9115.484105 <= best bid 9999.990388
[BOOK WARN] Crossed book rejected for AAPL: ask 9117.148521 <= best bid 9999.990388
[BOOK WARN] Crossed book rejected for AAPL: ask 9119.202216 <= best bid 9999.990388
[BOOK WARN] Crossed book rejected for AAPL: ask 9113.892768 <= best bid 9999.990388
[BOOK WARN] Crossed book rejected for AAPL: ask 9106.680353 <= best bid 9999.990388
[BOOK WARN] Crossed book rejected for AAPL: ask 9114.336651 <= best bid 9999.990388
[BOOK WARN] Crossed book rejected for AAPL: ask 9111.746948 <= best bid 9999.990388
[BOOK WARN] Crossed book rejected for AAPL: ask 9096.070831 <= best bid 9999.990388
[BOOK WARN] Crossed book rejected for AAPL: ask 9097.425241 <= best bid 9999.990388
[BOOK WARN] Crossed book rejected for AAPL: ask 9094.517716 <= best bid 9999.990388
[BOOK WARN] Crossed book rejected for AAPL: ask 9076.294560 <= best bid 9999.990388
[BOOK WARN] Crossed book rejected for AAPL: ask 9071.760406 <= best bid 9999.990388
[BOOK WARN] Crossed book rejected for AAPL: ask 9051.790452 <= best bid 9999.990388
[BOOK WARN] Crossed book rejected for AAPL: ask 9044.486898 <= best bid 9999.990388
[BOOK WARN] Crossed book rejected for AAPL: ask 9045.842335 <= best bid 9999.990388
[BOOK WARN] Crossed book rejected for AAPL: ask 9047.398003 <= best bid 9999.990388
[BOOK WARN] Crossed book rejected for AAPL: ask 9051.308506 <= best bid 9999.990388
[BOOK WARN] Crossed book rejected for AAPL: ask 9064.626391 <= best bid 9999.990388
[BOOK WARN] Crossed book rejected for AAPL: ask 9058.310267 <= best bid 9999.990388
[BOOK WARN] Crossed book rejected for AAPL: ask 9058.834909 <= best bid 9999.990388
[BOOK WARN] Crossed book rejected for AAPL: ask 9065.452925 <= best bid 9999.990388
[BOOK WARN] Crossed book rejected for AAPL: ask 9060.019293 <= best bid 9999.990388
[BOOK WARN] Crossed book rejected for AAPL: ask 9061.906133 <= best bid 9999.990388
[BOOK WARN] Crossed book rejected for AAPL: ask 9052.508167 <= best bid 9999.990388
[BOOK WARN] Crossed book rejected for AAPL: ask 9047.309703 <= best bid 9999.990388
[BOOK WARN] Crossed book rejected for AAPL: ask 9060.215812 <= best bid 9999.990388
[BOOK WARN] Crossed book rejected for AAPL: ask 9062.366299 <= best bid 9999.990388
[BOOK WARN] Crossed book rejected for AAPL: ask 9058.943702 <= best bid 9999.990388
[BOOK WARN] Crossed book rejected for AAPL: ask 9047.245717 <= best bid 9999.990388
[BOOK WARN] Crossed book rejected for AAPL: ask 9055.917430 <= best bid 9999.990388
[BOOK WARN] Crossed book rejected for AAPL: ask 9085.899070 <= best bid 9999.990388
[BOOK WARN] Crossed book rejected for AAPL: ask 9088.980516 <= best bid 9999.990388
[BOOK WARN] Crossed book rejected for AAPL: ask 9097.946848 <= best bid 9999.990388
[BOOK WARN] Crossed book rejected for AAPL: ask 9082.808699 <= best bid 9999.990388
[BOOK WARN] Crossed book rejected for AAPL: ask 9075.946090 <= best bid 9999.990388
[BOOK WARN] Crossed book rejected for AAPL: ask 9077.301648 <= best bid 9999.990388
[BOOK WARN] Crossed book rejected for AAPL: ask 9078.614374 <= best bid 9999.990388
[BOOK WARN] Crossed book rejected for AAPL: ask 9076.464499 <= best bid 9999.990388
[BOOK WARN] Crossed book rejected for AAPL: ask 9067.129588 <= best bid 9999.990388
[BOOK WARN] Crossed book rejected for AAPL: ask 9063.310883 <= best bid 9999.990388
[BOOK WARN] Crossed book rejected for AAPL: ask 9059.166137 <= best bid 9999.990388
[BOOK WARN] Crossed book rejected for AAPL: ask 9057.310808 <= best bid 9999.990388
[BOOK WARN] Crossed book rejected for AAPL: ask 9065.057696 <= best bid 9999.990388
[BOOK WARN] Crossed book rejected for AAPL: ask 9080.039520 <= best bid 9999.990388
[BOOK WARN] Crossed book rejected for AAPL: ask 9079.737519 <= best bid 9999.990388
[BOOK WARN] Crossed book rejected for AAPL: ask 9077.162294 <= best bid 9999.990388
[BOOK WARN] Crossed book rejected for AAPL: ask 9089.122784 <= best bid 9999.990388
[BOOK WARN] Crossed book rejected for AAPL: ask 9082.735613 <= best bid 9999.990388
[BOOK WARN] Crossed book rejected for AAPL: ask 9096.101993 <= best bid 9999.990388
[BOOK WARN] Crossed book rejected for AAPL: ask 9107.195706 <= best bid 9999.990388
[BOOK WARN] Crossed book rejected for AAPL: ask 9114.685076 <= best bid 9999.990388
[BOOK WARN] Crossed book rejected for AAPL: ask 9112.081495 <= best bid 9999.990388
[BOOK WARN] Crossed book rejected for AAPL: ask 9112.843446 <= best bid 9999.990388
[BOOK WARN] Crossed book rejected for AAPL: ask 9112.444542 <= best bid 9999.990388
[BOOK WARN] Crossed book rejected for AAPL: ask 9101.109676 <= best bid 9999.990388
[BOOK WARN] Crossed book rejected for AAPL: ask 9104.323723 <= best bid 9999.990388
[BOOK WARN] Crossed book rejected for AAPL: ask 9119.374750 <= best bid 9999.990388
[BOOK WARN] Crossed book rejected for AAPL: ask 9118.940988 <= best bid 9999.990388
[BOOK WARN] Crossed book rejected for AAPL: ask 9128.650760 <= best bid 9999.990388
[BOOK WARN] Crossed book rejected for AAPL: ask 9128.475261 <= best bid 9999.990388
[BOOK WARN] Crossed book rejected for AAPL: ask 9126.269989 <= best bid 9999.990388
[BOOK WARN] Crossed book rejected for AAPL: ask 9123.786434 <= best bid 9999.990388
[BOOK WARN] Crossed book rejected for AAPL: ask 9117.892277 <= best bid 9999.990388
[BOOK WARN] Crossed book rejected for AAPL: ask 9114.011239 <= best bid 9999.990388
[BOOK WARN] Crossed book rejected for AAPL: ask 9136.396930 <= best bid 9999.990388
[BOOK WARN] Crossed book rejected for AAPL: ask 9120.395478 <= best bid 9999.990388
[BOOK WARN] Crossed book rejected for AAPL: ask 9104.599204 <= best bid 9999.990388
[BOOK WARN] Crossed book rejected for AAPL: ask 9094.906773 <= best bid 9999.990388
[BOOK WARN] Crossed book rejected for AAPL: ask 9097.102178 <= best bid 9999.990388
[BOOK WARN] Crossed book rejected for AAPL: ask 9088.753623 <= best bid 9999.990388
[BOOK WARN] Crossed book rejected for AAPL: ask 9088.239725 <= best bid 9999.990388
[BOOK WARN] Crossed book rejected for AAPL: ask 9091.694804 <= best bid 9999.990388
[BOOK WARN] Crossed book rejected for AAPL: ask 9097.977290 <= best bid 9999.990388
[BOOK WARN] Crossed book rejected for AAPL: ask 9090.017565 <= best bid 9999.990388
[BOOK WARN] Crossed book rejected for AAPL: ask 9084.445407 <= best bid 9999.990388
[BOOK WARN] Crossed book rejected for AAPL: ask 9084.843383 <= best bid 9999.990388
[BOOK WARN] Crossed book rejected for AAPL: ask 9082.456446 <= best bid 9999.990388
[BOOK WARN] Crossed book rejected for AAPL: ask 9089.449153 <= best bid 9999.990388
[BOOK WARN] Crossed book rejected for AAPL: ask 9072.180318 <= best bid 9999.990388
[BOOK WARN] Crossed book rejected for AAPL: ask 9059.259354 <= best bid 9999.990388
[BOOK WARN] Crossed book rejected for AAPL: ask 9060.871663 <= best bid 9999.990388
[BOOK WARN] Crossed book rejected for AAPL: ask 9064.146031 <= best bid 9999.990388
[BOOK WARN] Crossed book rejected for AAPL: ask 9068.721441 <= best bid 9999.990388
[BOOK WARN] Crossed book rejected for AAPL: ask 9088.146673 <= best bid 9999.990388
[BOOK WARN] Crossed book rejected for AAPL: ask 9095.047307 <= best bid 9999.990388
[BOOK WARN] Crossed book rejected for AAPL: ask 9080.361594 <= best bid 9999.990388
[BOOK WARN] Crossed book rejected for AAPL: ask 9082.331839 <= best bid 9999.990388
[BOOK WARN] Crossed book rejected for AAPL: ask 9092.447532 <= best bid 9999.990388
[BOOK WARN] Crossed book rejected for AAPL: ask 9085.130157 <= best bid 9999.990388
[BOOK WARN] Crossed book rejected for AAPL: ask 9094.393778 <= best bid 9999.990388
[BOOK WARN] Crossed book rejected for AAPL: ask 9094.216340 <= best bid 9999.990388
[BOOK WARN] Crossed book rejected for AAPL: ask 9096.706345 <= best bid 9999.990388
[BOOK WARN] Crossed book rejected for AAPL: ask 9089.422968 <= best bid 9999.990388
[BOOK WARN] Crossed book rejected for AAPL: ask 9096.212554 <= best bid 9999.990388
[BOOK WARN] Crossed book rejected for AAPL: ask 9097.560924 <= best bid 9999.990388
[BOOK WARN] Crossed book rejected for AAPL: ask 9092.988496 <= best bid 9999.990388
[BOOK WARN] Crossed book rejected for AAPL: ask 9081.992027 <= best bid 9999.990388
[BOOK WARN] Crossed book rejected for AAPL: ask 9093.830877 <= best bid 9999.990388
[BOOK WARN] Crossed book rejected for AAPL: ask 9086.125232 <= best bid 9999.990388
[BOOK WARN] Crossed book rejected for AAPL: ask 9079.618695 <= best bid 9999.990388
[BOOK WARN] Crossed book rejected for AAPL: ask 9084.010176 <= best bid 9999.990388
[BOOK WARN] Crossed book rejected for AAPL: ask 9074.862670 <= best bid 9999.990388
[BOOK WARN] Crossed book rejected for AAPL: ask 9087.895780 <= best bid 9999.990388
[BOOK WARN] Crossed book rejected for AAPL: ask 9076.283429 <= best bid 9999.990388
[BOOK WARN] Crossed book rejected for AAPL: ask 9080.170606 <= best bid 9999.990388
[BOOK WARN] Crossed book rejected for AAPL: ask 9064.205793 <= best bid 9999.990388
[BOOK WARN] Crossed book rejected for AAPL: ask 9073.039143 <= best bid 9999.990388
[BOOK WARN] Crossed book rejected for AAPL: ask 9065.466088 <= best bid 9999.990388
[BOOK WARN] Crossed book rejected for AAPL: ask 9061.388503 <= best bid 9999.990388
[BOOK WARN] Crossed book rejected for AAPL: ask 9060.092407 <= best bid 9999.990388
[BOOK WARN] Crossed book rejected for AAPL: ask 9052.804388 <= best bid 9999.990388
[BOOK WARN] Crossed book rejected for AAPL: ask 9048.815325 <= best bid 9999.990388
[BOOK WARN] Crossed book rejected for AAPL: ask 9048.687130 <= best bid 9999.990388
[BOOK WARN] Crossed book rejected for AAPL: ask 9040.825907 <= best bid 9999.990388
[BOOK WARN] Crossed book rejected for AAPL: ask 9049.076637 <= best bid 9999.990388
[BOOK WARN] Crossed book rejected for AAPL: ask 9047.521853 <= best bid 9999.990388
[BOOK WARN] Crossed book rejected for AAPL: ask 9040.555029 <= best bid 9999.990388
[BOOK WARN] Crossed book rejected for AAPL: ask 9043.666378 <= best bid 9999.990388
[BOOK WARN] Crossed book rejected for AAPL: ask 9025.645878 <= best bid 9999.990388
[BOOK WARN] Crossed book rejected for AAPL: ask 9013.789695 <= best bid 9999.990388
[BOOK WARN] Crossed book rejected for AAPL: ask 9030.397067 <= best bid 9999.990388
[BOOK WARN] Crossed book rejected for AAPL: ask 9028.492926 <= best bid 9999.990388
[BOOK WARN] Crossed book rejected for AAPL: ask 9037.065666 <= best bid 9999.990388
[BOOK WARN] Crossed book rejected for AAPL: ask 9036.947827 <= best bid 9999.990388
[BOOK WARN] Crossed book rejected for AAPL: ask 9039.579498 <= best bid 9999.990388
[BOOK WARN] Crossed book rejected for AAPL: ask 9043.592369 <= best bid 9999.990388
[BOOK WARN] Crossed book rejected for AAPL: ask 9043.301067 <= best bid 9999.990388
[BOOK WARN] Crossed book rejected for AAPL: ask 9061.758512 <= best bid 9999.990388
[BOOK WARN] Crossed book rejected for AAPL: ask 9066.812961 <= best bid 9999.990388
[BOOK WARN] Crossed book rejected for AAPL: ask 9062.027273 <= best bid 9999.990388
[BOOK WARN] Crossed book rejected for AAPL: ask 9046.964580 <= best bid 9999.990388
[BOOK WARN] Crossed book rejected for AAPL: ask 9046.962443 <= best bid 9999.990388
[BOOK WARN] Crossed book rejected for AAPL: ask 9058.134426 <= best bid 9999.990388
[BOOK WARN] Crossed book rejected for AAPL: ask 9044.871838 <= best bid 9999.990388
[BOOK WARN] Crossed book rejected for AAPL: ask 9050.202428 <= best bid 9999.990388
[BOOK WARN] Crossed book rejected for AAPL: ask 9054.963553 <= best bid 9999.990388
[BOOK WARN] Crossed book rejected for AAPL: ask 9051.815654 <= best bid 9999.990388
[BOOK WARN] Crossed book rejected for AAPL: ask 9051.045519 <= best bid 9999.990388
[BOOK WARN] Crossed book rejected for AAPL: ask 9038.443952 <= best bid 9999.990388
[BOOK WARN] Crossed book rejected for AAPL: ask 9054.885486 <= best bid 9999.990388
[BOOK WARN] Crossed book rejected for AAPL: ask 9066.257577 <= best bid 9999.990388
[BOOK WARN] Crossed book rejected for AAPL: ask 9071.887001 <= best bid 9999.990388
[BOOK WARN] Crossed book rejected for AAPL: ask 9062.387002 <= best bid 9999.990388
[BOOK WARN] Crossed book rejected for AAPL: ask 9052.848539 <= best bid 9999.990388
[BOOK WARN] Crossed book rejected for AAPL: ask 9052.277771 <= best bid 9999.990388
[BOOK WARN] Crossed book rejected for AAPL: ask 9036.115403 <= best bid 9999.990388
[BOOK WARN] Crossed book rejected for AAPL: ask 9045.045327 <= best bid 9999.990388
[BOOK WARN] Crossed book rejected for AAPL: ask 9027.164846 <= best bid 9999.990388
[BOOK WARN] Crossed book rejected for AAPL: ask 9028.887702 <= best bid 9999.990388
[BOOK WARN] Crossed book rejected for AAPL: ask 9023.054017 <= best bid 9999.990388
[BOOK WARN] Crossed book rejected for AAPL: ask 9032.968205 <= best bid 9999.990388
[BOOK WARN] Crossed book rejected for AAPL: ask 9018.595843 <= best bid 9999.990388
[BOOK WARN] Crossed book rejected for AAPL: ask 9035.110537 <= best bid 9999.990388
[BOOK WARN] Crossed book rejected for AAPL: ask 9034.299144 <= best bid 9999.990388
[BOOK WARN] Crossed book rejected for AAPL: ask 9052.637311 <= best bid 9999.990388
[BOOK WARN] Crossed book rejected for AAPL: ask 9056.806087 <= best bid 9999.990388
[BOOK WARN] Crossed book rejected for AAPL: ask 9066.772336 <= best bid 9999.990388
[BOOK WARN] Crossed book rejected for AAPL: ask 9064.627352 <= best bid 9999.990388
[BOOK WARN] Crossed book rejected for AAPL: ask 9057.955374 <= best bid 9999.990388
[BOOK WARN] Crossed book rejected for AAPL: ask 9059.169236 <= best bid 9999.990388
[BOOK WARN] Crossed book rejected for AAPL: ask 9057.663443 <= best bid 9999.990388
[BOOK WARN] Crossed book rejected for AAPL: ask 9057.276898 <= best bid 9999.990388
[BOOK WARN] Crossed book rejected for AAPL: ask 9063.510598 <= best bid 9999.990388
[BOOK WARN] Crossed book rejected for AAPL: ask 9068.043093 <= best bid 9999.990388
[BOOK WARN] Crossed book rejected for AAPL: ask 9066.372498 <= best bid 9999.990388
[BOOK WARN] Crossed book rejected for AAPL: ask 9065.007903 <= best bid 9999.990388
[BOOK WARN] Crossed book rejected for AAPL: ask 9066.708892 <= best bid 9999.990388
[BOOK WARN] Crossed book rejected for AAPL: ask 9076.458079 <= best bid 9999.990388
[BOOK WARN] Crossed book rejected for AAPL: ask 9086.411459 <= best bid 9999.990388
[BOOK WARN] Crossed book rejected for AAPL: ask 9084.855341 <= best bid 9999.990388
[BOOK WARN] Crossed book rejected for AAPL: ask 9088.851688 <= best bid 9999.990388
[BOOK WARN] Crossed book rejected for AAPL: ask 9081.787598 <= best bid 9999.990388
[BOOK WARN] Crossed book rejected for AAPL: ask 9082.588298 <= best bid 9999.990388
[BOOK WARN] Crossed book rejected for AAPL: ask 9091.865137 <= best bid 9999.990388
[BOOK WARN] Crossed book rejected for AAPL: ask 9101.186663 <= best bid 9999.990388
[BOOK WARN] Crossed book rejected for AAPL: ask 9084.040257 <= best bid 9999.990388
[BOOK WARN] Crossed book rejected for AAPL: ask 9089.723219 <= best bid 9999.990388
[BOOK WARN] Crossed book rejected for AAPL: ask 9092.664968 <= best bid 9999.990388
[BOOK WARN] Crossed book rejected for AAPL: ask 9096.027059 <= best bid 9999.990388
[BOOK WARN] Crossed book rejected for AAPL: ask 9097.866631 <= best bid 9999.990388
[BOOK WARN] Crossed book rejected for AAPL: ask 9094.438720 <= best bid 9999.990388
[BOOK WARN] Crossed book rejected for AAPL: ask 9080.916304 <= best bid 9999.990388
[BOOK WARN] Crossed book rejected for AAPL: ask 9086.122086 <= best bid 9999.990388
[BOOK WARN] Crossed book rejected for AAPL: ask 9088.883510 <= best bid 9999.990388
[BOOK WARN] Crossed book rejected for AAPL: ask 9079.435847 <= best bid 9999.990388
[BOOK WARN] Crossed book rejected for AAPL: ask 9079.235157 <= best bid 9999.990388
[BOOK WARN] Crossed book rejected for AAPL: ask 9080.423345 <= best bid 9999.990388
[BOOK WARN] Crossed book rejected for AAPL: ask 9075.260438 <= best bid 9999.990388
[BOOK WARN] Crossed book rejected for AAPL: ask 9086.028565 <= best bid 9999.990388
[BOOK WARN] Crossed book rejected for AAPL: ask 9082.407020 <= best bid 9999.990388
[BOOK WARN] Crossed book rejected for AAPL: ask 9086.539385 <= best bid 9999.990388
[BOOK WARN] Crossed book rejected for AAPL: ask 9093.790344 <= best bid 9999.990388
[BOOK WARN] Crossed book rejected for AAPL: ask 9098.540841 <= best bid 9999.990388
[BOOK WARN] Crossed book rejected for AAPL: ask 9109.406097 <= best bid 9999.990388
[BOOK WARN] Crossed book rejected for AAPL: ask 9103.886819 <= best bid 9999.990388
[BOOK WARN] Crossed book rejected for AAPL: ask 9104.875073 <= best bid 9999.990388
[BOOK WARN] Crossed book rejected for AAPL: ask 9113.850697 <= best bid 9999.990388
[BOOK WARN] Crossed book rejected for AAPL: ask 9116.560835 <= best bid 9999.990388
[BOOK WARN] Crossed book rejected for AAPL: ask 9119.814712 <= best bid 9999.990388
[BOOK WARN] Crossed book rejected for AAPL: ask 9120.671068 <= best bid 9999.990388
[BOOK WARN] Crossed book rejected for AAPL: ask 9119.077354 <= best bid 9999.990388
[BOOK WARN] Crossed book rejected for AAPL: ask 9122.633152 <= best bid 9999.990388
[BOOK WARN] Crossed book rejected for AAPL: ask 9122.318034 <= best bid 9999.990388
[BOOK WARN] Crossed book rejected for AAPL: ask 9131.770574 <= best bid 9999.990388
[BOOK WARN] Crossed book rejected for AAPL: ask 9144.144817 <= best bid 9999.990388
[BOOK WARN] Crossed book rejected for AAPL: ask 9134.888123 <= best bid 9999.990388
[BOOK WARN] Crossed book rejected for AAPL: ask 9121.054481 <= best bid 9999.990388
[BOOK WARN] Crossed book rejected for AAPL: ask 9125.923633 <= best bid 9999.990388
[BOOK WARN] Crossed book rejected for AAPL: ask 9122.283623 <= best bid 9999.990388
[BOOK WARN] Crossed book rejected for AAPL: ask 9112.279715 <= best bid 9999.990388
[BOOK WARN] Crossed book rejected for AAPL: ask 9123.326568 <= best bid 9999.990388
[BOOK WARN] Crossed book rejected for AAPL: ask 9116.340673 <= best bid 9999.990388
[BOOK WARN] Crossed book rejected for AAPL: ask 9119.140496 <= best bid 9999.990388
[BOOK WARN] Crossed book rejected for AAPL: ask 9122.429162 <= best bid 9999.990388
[BOOK WARN] Crossed book rejected for AAPL: ask 9134.065830 <= best bid 9999.990388
[BOOK WARN] Crossed book rejected for AAPL: ask 9129.001486 <= best bid 9999.990388
[BOOK WARN] Crossed book rejected for AAPL: ask 9120.552830 <= best bid 9999.990388
[BOOK WARN] Crossed book rejected for AAPL: ask 9115.692381 <= best bid 9999.990388
[BOOK WARN] Crossed book rejected for AAPL: ask 9117.019845 <= best bid 9999.990388
[BOOK WARN] Crossed book rejected for AAPL: ask 9117.990779 <= best bid 9999.990388
[BOOK WARN] Crossed book rejected for AAPL: ask 9107.580050 <= best bid 9999.990388
[BOOK WARN] Crossed book rejected for AAPL: ask 9115.031083 <= best bid 9999.990388
[BOOK WARN] Crossed book rejected for AAPL: ask 9105.766120 <= best bid 9999.990388
[BOOK WARN] Crossed book rejected for AAPL: ask 9103.842591 <= best bid 9999.990388
[BOOK WARN] Crossed book rejected for AAPL: ask 9108.381637 <= best bid 9999.990388
[BOOK WARN] Crossed book rejected for AAPL: ask 9097.936902 <= best bid 9999.990388
[BOOK WARN] Crossed book rejected for AAPL: ask 9092.411913 <= best bid 9999.990388
[BOOK WARN] Crossed book rejected for AAPL: ask 9100.554384 <= best bid 9999.990388
[BOOK WARN] Crossed book rejected for AAPL: ask 9111.505940 <= best bid 9999.990388
[BOOK WARN] Crossed book rejected for AAPL: ask 9132.661894 <= best bid 9999.990388
[BOOK WARN] Crossed book rejected for AAPL: ask 9119.743107 <= best bid 9999.990388
[BOOK WARN] Crossed book rejected for AAPL: ask 9119.062606 <= best bid 9999.990388
[BOOK WARN] Crossed book rejected for AAPL: ask 9097.024488 <= best bid 9999.990388
[BOOK WARN] Crossed book rejected for AAPL: ask 9094.861837 <= best bid 9999.990388
[BOOK WARN] Crossed book rejected for AAPL: ask 9107.409682 <= best bid 9999.990388
[BOOK WARN] Crossed book rejected for AAPL: ask 9107.581931 <= best bid 9999.990388
[BOOK WARN] Crossed book rejected for AAPL: ask 9106.558706 <= best bid 9999.990388
[BOOK WARN] Crossed book rejected for AAPL: ask 9116.731939 <= best bid 9999.990388
[BOOK WARN] Crossed book rejected for AAPL: ask 9106.788845 <= best bid 9999.990388
[BOOK WARN] Crossed book rejected for AAPL: ask 9111.017849 <= best bid 9999.990388
[BOOK WARN] Crossed book rejected for AAPL: ask 9122.954375 <= best bid 9999.990388
[BOOK WARN] Crossed book rejected for AAPL: ask 9112.385655 <= best bid 9999.990388
[BOOK WARN] Crossed book rejected for AAPL: ask 9096.543712 <= best bid 9999.990388
[BOOK WARN] Crossed book rejected for AAPL: ask 9095.865411 <= best bid 9999.990388
[BOOK WARN] Crossed book rejected for AAPL: ask 9103.935142 <= best bid 9999.990388
[BOOK WARN] Crossed book rejected for AAPL: ask 9098.796530 <= best bid 9999.990388
[BOOK WARN] Crossed book rejected for AAPL: ask 9093.445623 <= best bid 9999.990388
[BOOK WARN] Crossed book rejected for AAPL: ask 9094.857208 <= best bid 9999.990388
[BOOK WARN] Crossed book rejected for AAPL: ask 9092.164246 <= best bid 9999.990388
[BOOK WARN] Crossed book rejected for AAPL: ask 9094.338509 <= best bid 9999.990388
[BOOK WARN] Crossed book rejected for AAPL: ask 9103.815837 <= best bid 9999.990388
[BOOK WARN] Crossed book rejected for AAPL: ask 9106.045414 <= best bid 9999.990388
[BOOK WARN] Crossed book rejected for AAPL: ask 9090.963376 <= best bid 9999.990388
[BOOK WARN] Crossed book rejected for AAPL: ask 9085.685859 <= best bid 9999.990388
[BOOK WARN] Crossed book rejected for AAPL: ask 9086.495298 <= best bid 9999.990388
[BOOK WARN] Crossed book rejected for AAPL: ask 9085.763963 <= best bid 9999.990388
[BOOK WARN] Crossed book rejected for AAPL: ask 9104.916128 <= best bid 9999.990388
[BOOK WARN] Crossed book rejected for AAPL: ask 9113.620835 <= best bid 9999.990388
[BOOK WARN] Crossed book rejected for AAPL: ask 9121.293673 <= best bid 9999.990388
[BOOK WARN] Crossed book rejected for AAPL: ask 9125.070981 <= best bid 9999.990388
[BOOK WARN] Crossed book rejected for AAPL: ask 9110.042276 <= best bid 9999.990388
[BOOK WARN] Crossed book rejected for AAPL: ask 9106.994142 <= best bid 9999.990388
[BOOK WARN] Crossed book rejected for AAPL: ask 9118.835073 <= best bid 9999.990388
[BOOK WARN] Crossed book rejected for AAPL: ask 9111.270465 <= best bid 9999.990388
[BOOK WARN] Crossed book rejected for AAPL: ask 9109.826946 <= best bid 9999.990388
[BOOK WARN] Crossed book rejected for AAPL: ask 9102.581475 <= best bid 9999.990388
[BOOK WARN] Crossed book rejected for AAPL: ask 9111.337563 <= best bid 9999.990388
[BOOK WARN] Crossed book rejected for AAPL: ask 9108.143832 <= best bid 9999.990388
[BOOK WARN] Crossed book rejected for AAPL: ask 9123.623290 <= best bid 9999.990388
[BOOK WARN] Crossed book rejected for AAPL: ask 9135.865298 <= best bid 9999.990388
[BOOK WARN] Crossed book rejected for AAPL: ask 9143.088287 <= best bid 9999.990388
[BOOK WARN] Crossed book rejected for AAPL: ask 9144.012519 <= best bid 9999.990388
[BOOK WARN] Crossed book rejected for AAPL: ask 9133.380808 <= best bid 9999.990388
[BOOK WARN] Crossed book rejected for AAPL: ask 9133.279656 <= best bid 9999.990388
[BOOK WARN] Crossed book rejected for AAPL: ask 9134.169656 <= best bid 9999.990388
[BOOK WARN] Crossed book rejected for AAPL: ask 9137.952537 <= best bid 9999.990388
[BOOK WARN] Crossed book rejected for AAPL: ask 9122.461980 <= best bid 9999.990388
[BOOK WARN] Crossed book rejected for AAPL: ask 9119.704800 <= best bid 9999.990388
[BOOK WARN] Crossed book rejected for AAPL: ask 9115.123458 <= best bid 9999.990388
[BOOK WARN] Crossed book rejected for AAPL: ask 9115.493392 <= best bid 9999.990388
[BOOK WARN] Crossed book rejected for AAPL: ask 9116.123725 <= best bid 9999.990388
[BOOK WARN] Crossed book rejected for AAPL: ask 9099.361276 <= best bid 9999.990388
[BOOK WARN] Crossed book rejected for AAPL: ask 9096.914856 <= best bid 9999.990388
[BOOK WARN] Crossed book rejected for AAPL: ask 9095.761237 <= best bid 9999.990388
[BOOK WARN] Crossed book rejected for AAPL: ask 9112.602139 <= best bid 9999.990388
[BOOK WARN] Crossed book rejected for AAPL: ask 9112.064842 <= best bid 9999.990388
[BOOK WARN] Crossed book rejected for AAPL: ask 9120.561244 <= best bid 9999.990388
[BOOK WARN] Crossed book rejected for AAPL: ask 9107.573669 <= best bid 9999.990388
[BOOK WARN] Crossed book rejected for AAPL: ask 9101.158972 <= best bid 9999.990388
[BOOK WARN] Crossed book rejected for AAPL: ask 9100.524508 <= best bid 9999.990388
[BOOK WARN] Crossed book rejected for AAPL: ask 9109.431961 <= best bid 9999.990388
[BOOK WARN] Crossed book rejected for AAPL: ask 9096.172774 <= best bid 9999.990388
[BOOK WARN] Crossed book rejected for AAPL: ask 9098.875623 <= best bid 9999.990388
[BOOK WARN] Crossed book rejected for AAPL: ask 9107.903644 <= best bid 9999.990388
[BOOK WARN] Crossed book rejected for AAPL: ask 9101.232162 <= best bid 9999.990388
[BOOK WARN] Crossed book rejected for AAPL: ask 9105.396036 <= best bid 9999.990388
[BOOK WARN] Crossed book rejected for AAPL: ask 9112.736000 <= best bid 9999.990388
[BOOK WARN] Crossed book rejected for AAPL: ask 9125.207675 <= best bid 9999.990388
[BOOK WARN] Crossed book rejected for AAPL: ask 9104.145772 <= best bid 9999.990388
[BOOK WARN] Crossed book rejected for AAPL: ask 9097.856984 <= best bid 9999.990388
[BOOK WARN] Crossed book rejected for AAPL: ask 9100.725111 <= best bid 9999.990388
[BOOK WARN] Crossed book rejected for AAPL: ask 9108.375997 <= best bid 9999.990388
[BOOK WARN] Crossed book rejected for AAPL: ask 9104.223836 <= best bid 9999.990388
[BOOK WARN] Crossed book rejected for AAPL: ask 9105.419021 <= best bid 9999.990388
[BOOK WARN] Crossed book rejected for AAPL: ask 9119.595144 <= best bid 9999.990388
[BOOK WARN] Crossed book rejected for AAPL: ask 9119.207457 <= best bid 9999.990388
[BOOK WARN] Crossed book rejected for AAPL: ask 9128.947057 <= best bid 9999.990388
[BOOK WARN] Crossed book rejected for AAPL: ask 9141.669933 <= best bid 9999.990388
[BOOK WARN] Crossed book rejected for AAPL: ask 9134.636179 <= best bid 9999.990388
[BOOK WARN] Crossed book rejected for AAPL: ask 9131.369367 <= best bid 9999.990388
[BOOK WARN] Crossed book rejected for AAPL: ask 9136.473086 <= best bid 9999.990388
[BOOK WARN] Crossed book rejected for AAPL: ask 9115.217342 <= best bid 9999.990388
[BOOK WARN] Crossed book rejected for AAPL: ask 9123.569254 <= best bid 9999.990388
[BOOK WARN] Crossed book rejected for AAPL: ask 9127.575823 <= best bid 9999.990388
[BOOK WARN] Crossed book rejected for AAPL: ask 9115.171607 <= best bid 9999.990388
[BOOK WARN] Crossed book rejected for AAPL: ask 9098.553005 <= best bid 9999.990388
[BOOK WARN] Crossed book rejected for AAPL: ask 9092.960996 <= best bid 9999.990388
[BOOK WARN] Crossed book rejected for AAPL: ask 9101.454439 <= best bid 9999.990388
[BOOK WARN] Crossed book rejected for AAPL: ask 9111.955664 <= best bid 9999.990388
[BOOK WARN] Crossed book rejected for AAPL: ask 9116.882635 <= best bid 9999.990388
[BOOK WARN] Crossed book rejected for AAPL: ask 9119.629378 <= best bid 9999.990388
[BOOK WARN] Crossed book rejected for AAPL: ask 9117.400754 <= best bid 9999.990388
[BOOK WARN] Crossed book rejected for AAPL: ask 9128.393048 <= best bid 9999.990388
[BOOK WARN] Crossed book rejected for AAPL: ask 9114.957428 <= best bid 9999.990388
[BOOK WARN] Crossed book rejected for AAPL: ask 9123.434920 <= best bid 9999.990388
[BOOK WARN] Crossed book rejected for AAPL: ask 9136.653517 <= best bid 9999.990388
[BOOK WARN] Crossed book rejected for AAPL: ask 9120.630187 <= best bid 9999.990388
[BOOK WARN] Crossed book rejected for AAPL: ask 9125.769905 <= best bid 9999.990388
[BOOK WARN] Crossed book rejected for AAPL: ask 9125.714474 <= best bid 9999.990388
[BOOK WARN] Crossed book rejected for AAPL: ask 9120.213484 <= best bid 9999.990388
[BOOK WARN] Crossed book rejected for AAPL: ask 9124.289946 <= best bid 9999.990388
[BOOK WARN] Crossed book rejected for AAPL: ask 9139.642340 <= best bid 9999.990388
[BOOK WARN] Crossed book rejected for AAPL: ask 9129.489367 <= best bid 9999.990388
[BOOK WARN] Crossed book rejected for AAPL: ask 9128.374528 <= best bid 9999.990388
[BOOK WARN] Crossed book rejected for AAPL: ask 9124.123500 <= best bid 9999.990388
[BOOK WARN] Crossed book rejected for AAPL: ask 9138.673977 <= best bid 9999.990388
[BOOK WARN] Crossed book rejected for AAPL: ask 9133.925836 <= best bid 9999.990388
[BOOK WARN] Crossed book rejected for AAPL: ask 9128.159753 <= best bid 9999.990388
[BOOK WARN] Crossed book rejected for AAPL: ask 9118.975756 <= best bid 9999.990388
[BOOK WARN] Crossed book rejected for AAPL: ask 9117.403067 <= best bid 9999.990388
[BOOK WARN] Crossed book rejected for AAPL: ask 9121.446210 <= best bid 9999.990388
[BOOK WARN] Crossed book rejected for AAPL: ask 9119.797411 <= best bid 9999.990388
[BOOK WARN] Crossed book rejected for AAPL: ask 9123.106640 <= best bid 9999.990388
[BOOK WARN] Crossed book rejected for AAPL: ask 9122.934229 <= best bid 9999.990388
[BOOK WARN] Crossed book rejected for AAPL: ask 9132.768226 <= best bid 9999.990388
[BOOK WARN] Crossed book rejected for AAPL: ask 9143.692657 <= best bid 9999.990388
[BOOK WARN] Crossed book rejected for AAPL: ask 9147.537385 <= best bid 9999.990388
[BOOK WARN] Crossed book rejected for AAPL: ask 9158.194443 <= best bid 9999.990388
[BOOK WARN] Crossed book rejected for AAPL: ask 9150.410660 <= best bid 9999.990388
[BOOK WARN] Crossed book rejected for AAPL: ask 9152.618805 <= best bid 9999.990388
[BOOK WARN] Crossed book rejected for AAPL: ask 9146.651689 <= best bid 9999.990388
[BOOK WARN] Crossed book rejected for AAPL: ask 9139.666699 <= best bid 9999.990388
[BOOK WARN] Crossed book rejected for AAPL: ask 9139.112792 <= best bid 9999.990388
[BOOK WARN] Crossed book rejected for AAPL: ask 9144.063803 <= best bid 9999.990388
[BOOK WARN] Crossed book rejected for AAPL: ask 9134.347208 <= best bid 9999.990388
[BOOK WARN] Crossed book rejected for AAPL: ask 9140.485260 <= best bid 9999.990388
[BOOK WARN] Crossed book rejected for AAPL: ask 9148.518340 <= best bid 9999.990388
[BOOK WARN] Crossed book rejected for AAPL: ask 9140.200351 <= best bid 9999.990388
[BOOK WARN] Crossed book rejected for AAPL: ask 9150.447859 <= best bid 9999.990388
[BOOK WARN] Crossed book rejected for AAPL: ask 9173.007974 <= best bid 9999.990388
[BOOK WARN] Crossed book rejected for AAPL: ask 9180.781507 <= best bid 9999.990388
[BOOK WARN] Crossed book rejected for AAPL: ask 9187.137720 <= best bid 9999.990388
[BOOK WARN] Crossed book rejected for AAPL: ask 9192.139960 <= best bid 9999.990388
[BOOK WARN] Crossed book rejected for AAPL: ask 9189.985347 <= best bid 9999.990388
[BOOK WARN] Crossed book rejected for AAPL: ask 9190.899180 <= best bid 9999.990388
[BOOK WARN] Crossed book rejected for AAPL: ask 9187.115110 <= best bid 9999.990388
[BOOK WARN] Crossed book rejected for AAPL: ask 9188.696633 <= best bid 9999.990388
[BOOK WARN] Crossed book rejected for AAPL: ask 9196.447829 <= best bid 9999.990388
[BOOK WARN] Crossed book rejected for AAPL: ask 9194.569724 <= best bid 9999.990388
[BOOK WARN] Crossed book rejected for AAPL: ask 9209.104252 <= best bid 9999.990388
[BOOK WARN] Crossed book rejected for AAPL: ask 9201.101039 <= best bid 9999.990388
[BOOK WARN] Crossed book rejected for AAPL: ask 9202.032138 <= best bid 9999.990388
[BOOK WARN] Crossed book rejected for AAPL: ask 9213.164901 <= best bid 9999.990388
[BOOK WARN] Crossed book rejected for AAPL: ask 9219.778494 <= best bid 9999.990388
[BOOK WARN] Crossed book rejected for AAPL: ask 9216.913392 <= best bid 9999.990388
[BOOK WARN] Crossed book rejected for AAPL: ask 9206.821196 <= best bid 9999.990388
[BOOK WARN] Crossed book rejected for AAPL: ask 9202.225786 <= best bid 9999.990388
[BOOK WARN] Crossed book rejected for AAPL: ask 9200.736316 <= best bid 9999.990388
[BOOK WARN] Crossed book rejected for AAPL: ask 9192.850702 <= best bid 9999.990388
[BOOK WARN] Crossed book rejected for AAPL: ask 9199.119540 <= best bid 9999.990388
[BOOK WARN] Crossed book rejected for AAPL: ask 9201.284065 <= best bid 9999.990388
[BOOK WARN] Crossed book rejected for AAPL: ask 9207.462583 <= best bid 9999.990388
[BOOK WARN] Crossed book rejected for AAPL: ask 9192.157926 <= best bid 9999.990388
[BOOK WARN] Crossed book rejected for AAPL: ask 9195.002465 <= best bid 9999.990388
[BOOK WARN] Crossed book rejected for AAPL: ask 9191.324650 <= best bid 9999.990388
[BOOK WARN] Crossed book rejected for AAPL: ask 9173.822603 <= best bid 9999.990388
[BOOK WARN] Crossed book rejected for AAPL: ask 9174.695692 <= best bid 9999.990388
[BOOK WARN] Crossed book rejected for AAPL: ask 9167.268664 <= best bid 9999.990388
[BOOK WARN] Crossed book rejected for AAPL: ask 9163.629981 <= best bid 9999.990388
[BOOK WARN] Crossed book rejected for AAPL: ask 9174.773689 <= best bid 9999.990388
[BOOK WARN] Crossed book rejected for AAPL: ask 9170.141070 <= best bid 9999.990388
[BOOK WARN] Crossed book rejected for AAPL: ask 9160.783099 <= best bid 9999.990388
[BOOK WARN] Crossed book rejected for AAPL: ask 9151.928602 <= best bid 9999.990388
[BOOK WARN] Crossed book rejected for AAPL: ask 9150.080701 <= best bid 9999.990388
[BOOK WARN] Crossed book rejected for AAPL: ask 9150.237710 <= best bid 9999.990388
[BOOK WARN] Crossed book rejected for AAPL: ask 9148.942619 <= best bid 9999.990388
[BOOK WARN] Crossed book rejected for AAPL: ask 9159.921136 <= best bid 9999.990388
[BOOK WARN] Crossed book rejected for AAPL: ask 9163.116827 <= best bid 9999.990388
[BOOK WARN] Crossed book rejected for AAPL: ask 9163.710707 <= best bid 9999.990388
[BOOK WARN] Crossed book rejected for AAPL: ask 9154.868107 <= best bid 9999.990388
[BOOK WARN] Crossed book rejected for AAPL: ask 9154.643521 <= best bid 9999.990388
[BOOK WARN] Crossed book rejected for AAPL: ask 9161.110364 <= best bid 9999.990388
[BOOK WARN] Crossed book rejected for AAPL: ask 9170.662166 <= best bid 9999.990388
[BOOK WARN] Crossed book rejected for AAPL: ask 9170.096153 <= best bid 9999.990388
[BOOK WARN] Crossed book rejected for AAPL: ask 9175.475126 <= best bid 9999.990388
[BOOK WARN] Crossed book rejected for AAPL: ask 9164.194473 <= best bid 9999.990388
[BOOK WARN] Crossed book rejected for AAPL: ask 9176.296420 <= best bid 9999.990388
[BOOK WARN] Crossed book rejected for AAPL: ask 9176.702300 <= best bid 9999.990388
[BOOK WARN] Crossed book rejected for AAPL: ask 9172.770831 <= best bid 9999.990388
[BOOK WARN] Crossed book rejected for AAPL: ask 9188.058909 <= best bid 9999.990388
[BOOK WARN] Crossed book rejected for AAPL: ask 9208.891689 <= best bid 9999.990388
[BOOK WARN] Crossed book rejected for AAPL: ask 9198.525543 <= best bid 9999.990388
[BOOK WARN] Crossed book rejected for AAPL: ask 9196.088766 <= best bid 9999.990388
[BOOK WARN] Crossed book rejected for AAPL: ask 9189.580296 <= best bid 9999.990388
[BOOK WARN] Crossed book rejected for AAPL: ask 9201.862051 <= best bid 9999.990388
[BOOK WARN] Crossed book rejected for AAPL: ask 9210.700709 <= best bid 9999.990388
[BOOK WARN] Crossed book rejected for AAPL: ask 9207.999473 <= best bid 9999.990388
[BOOK WARN] Crossed book rejected for AAPL: ask 9202.653802 <= best bid 9999.990388
[BOOK WARN] Crossed book rejected for AAPL: ask 9211.318658 <= best bid 9999.990388
[BOOK WARN] Crossed book rejected for AAPL: ask 9216.090846 <= best bid 9999.990388
[BOOK WARN] Crossed book rejected for AAPL: ask 9213.115705 <= best bid 9999.990388
[BOOK WARN] Crossed book rejected for AAPL: ask 9204.955182 <= best bid 9999.990388
[BOOK WARN] Crossed book rejected for AAPL: ask 9203.251931 <= best bid 9999.990388
[BOOK WARN] Crossed book rejected for AAPL: ask 9209.643449 <= best bid 9999.990388
[BOOK WARN] Crossed book rejected for AAPL: ask 9222.800905 <= best bid 9999.990388
[BOOK WARN] Crossed book rejected for AAPL: ask 9219.272272 <= best bid 9999.990388
[BOOK WARN] Crossed book rejected for AAPL: ask 9220.953064 <= best bid 9999.990388
[BOOK WARN] Crossed book rejected for AAPL: ask 9206.128682 <= best bid 9999.990388
[BOOK WARN] Crossed book rejected for AAPL: ask 9209.831079 <= best bid 9999.990388
[BOOK WARN] Crossed book rejected for AAPL: ask 9214.899453 <= best bid 9999.990388
[BOOK WARN] Crossed book rejected for AAPL: ask 9212.949327 <= best bid 9999.990388
[BOOK WARN] Crossed book rejected for AAPL: ask 9213.055573 <= best bid 9999.990388
[BOOK WARN] Crossed book rejected for AAPL: ask 9210.807072 <= best bid 9999.990388
[BOOK WARN] Crossed book rejected for AAPL: ask 9216.963255 <= best bid 9999.990388
[BOOK WARN] Crossed book rejected for AAPL: ask 9211.503207 <= best bid 9999.990388
[BOOK WARN] Crossed book rejected for AAPL: ask 9187.506086 <= best bid 9999.990388
[BOOK WARN] Crossed book rejected for AAPL: ask 9180.262590 <= best bid 9999.990388
[BOOK WARN] Crossed book rejected for AAPL: ask 9169.506830 <= best bid 9999.990388
[BOOK WARN] Crossed book rejected for AAPL: ask 9146.521765 <= best bid 9999.990388
[BOOK WARN] Crossed book rejected for AAPL: ask 9137.820300 <= best bid 9999.990388
[BOOK WARN] Crossed book rejected for AAPL: ask 9137.392743 <= best bid 9999.990388
[BOOK WARN] Crossed book rejected for AAPL: ask 9134.648755 <= best bid 9999.990388
[BOOK WARN] Crossed book rejected for AAPL: ask 9138.306570 <= best bid 9999.990388
[BOOK WARN] Crossed book rejected for AAPL: ask 9138.683858 <= best bid 9999.990388
[BOOK WARN] Crossed book rejected for AAPL: ask 9149.112373 <= best bid 9999.990388
[BOOK WARN] Crossed book rejected for AAPL: ask 9136.671892 <= best bid 9999.990388
[BOOK WARN] Crossed book rejected for AAPL: ask 9144.394706 <= best bid 9999.990388
[BOOK WARN] Crossed book rejected for AAPL: ask 9147.046598 <= best bid 9999.990388
[BOOK WARN] Crossed book rejected for AAPL: ask 9132.333016 <= best bid 9999.990388
[BOOK WARN] Crossed book rejected for AAPL: ask 9134.170480 <= best bid 9999.990388
[BOOK WARN] Crossed book rejected for AAPL: ask 9140.381560 <= best bid 9999.990388
[BOOK WARN] Crossed book rejected for AAPL: ask 9157.035018 <= best bid 9999.990388
[BOOK WARN] Crossed book rejected for AAPL: ask 9154.405207 <= best bid 9999.990388
[BOOK WARN] Crossed book rejected for AAPL: ask 9164.206744 <= best bid 9999.990388
[BOOK WARN] Crossed book rejected for AAPL: ask 9167.203393 <= best bid 9999.990388
[BOOK WARN] Crossed book rejected for AAPL: ask 9174.056399 <= best bid 9999.990388
[BOOK WARN] Crossed book rejected for AAPL: ask 9191.632144 <= best bid 9999.990388
[BOOK WARN] Crossed book rejected for AAPL: ask 9192.566361 <= best bid 9999.990388
[BOOK WARN] Crossed book rejected for AAPL: ask 9178.502350 <= best bid 9999.990388
[BOOK WARN] Crossed book rejected for AAPL: ask 9160.999446 <= best bid 9999.990388
[BOOK WARN] Crossed book rejected for AAPL: ask 9159.789343 <= best bid 9999.990388
[BOOK WARN] Crossed book rejected for AAPL: ask 9146.151944 <= best bid 9999.990388
[BOOK WARN] Crossed book rejected for AAPL: ask 9125.411686 <= best bid 9999.990388
[BOOK WARN] Crossed book rejected for AAPL: ask 9114.491099 <= best bid 9999.990388
[BOOK WARN] Crossed book rejected for AAPL: ask 9117.732461 <= best bid 9999.990388
[BOOK WARN] Crossed book rejected for AAPL: ask 9116.103158 <= best bid 9999.990388
[BOOK WARN] Crossed book rejected for AAPL: ask 9121.021218 <= best bid 9999.990388
[BOOK WARN] Crossed book rejected for AAPL: ask 9127.747407 <= best bid 9999.990388
[BOOK WARN] Crossed book rejected for AAPL: ask 9111.633067 <= best bid 9999.990388
[BOOK WARN] Crossed book rejected for AAPL: ask 9114.263371 <= best bid 9999.990388
[BOOK WARN] Crossed book rejected for AAPL: ask 9129.164743 <= best bid 9999.990388
[BOOK WARN] Crossed book rejected for AAPL: ask 9125.276485 <= best bid 9999.990388
[BOOK WARN] Crossed book rejected for AAPL: ask 9116.640967 <= best bid 9999.990388
[BOOK WARN] Crossed book rejected for AAPL: ask 9104.552673 <= best bid 9999.990388
[BOOK WARN] Crossed book rejected for AAPL: ask 9103.512874 <= best bid 9999.990388
[BOOK WARN] Crossed book rejected for AAPL: ask 9108.395009 <= best bid 9999.990388
[BOOK WARN] Crossed book rejected for AAPL: ask 9105.559969 <= best bid 9999.990388
[BOOK WARN] Crossed book rejected for AAPL: ask 9120.478047 <= best bid 9999.990388
[BOOK WARN] Crossed book rejected for AAPL: ask 9132.868833 <= best bid 9999.990388
[BOOK WARN] Crossed book rejected for AAPL: ask 9123.021630 <= best bid 9999.990388
[BOOK WARN] Crossed book rejected for AAPL: ask 9110.033014 <= best bid 9999.990388
[BOOK WARN] Crossed book rejected for AAPL: ask 9113.567774 <= best bid 9999.990388
[BOOK WARN] Crossed book rejected for AAPL: ask 9112.341132 <= best bid 9999.990388
[BOOK WARN] Crossed book rejected for AAPL: ask 9124.941589 <= best bid 9999.990388
[BOOK WARN] Crossed book rejected for AAPL: ask 9109.205769 <= best bid 9999.990388
[BOOK WARN] Crossed book rejected for AAPL: ask 9109.738119 <= best bid 9999.990388
[BOOK WARN] Crossed book rejected for AAPL: ask 9099.876808 <= best bid 9999.990388
[BOOK WARN] Crossed book rejected for AAPL: ask 9105.120966 <= best bid 9999.990388
[BOOK WARN] Crossed book rejected for AAPL: ask 9089.140421 <= best bid 9999.990388
[BOOK WARN] Crossed book rejected for AAPL: ask 9090.675330 <= best bid 9999.990388
[BOOK WARN] Crossed book rejected for AAPL: ask 9097.223610 <= best bid 9999.990388
[BOOK WARN] Crossed book rejected for AAPL: ask 9098.242733 <= best bid 9999.990388
[BOOK WARN] Crossed book rejected for AAPL: ask 9096.042035 <= best bid 9999.990388
[BOOK WARN] Crossed book rejected for AAPL: ask 9095.450345 <= best bid 9999.990388
[BOOK WARN] Crossed book rejected for AAPL: ask 9091.922493 <= best bid 9999.990388
[BOOK WARN] Crossed book rejected for AAPL: ask 9086.855669 <= best bid 9999.990388
[BOOK WARN] Crossed book rejected for AAPL: ask 9080.222118 <= best bid 9999.990388
[BOOK WARN] Crossed book rejected for AAPL: ask 9081.124306 <= best bid 9999.990388
[BOOK WARN] Crossed book rejected for AAPL: ask 9078.704941 <= best bid 9999.990388
[BOOK WARN] Crossed book rejected for AAPL: ask 9075.300817 <= best bid 9999.990388
[BOOK WARN] Crossed book rejected for AAPL: ask 9086.839787 <= best bid 9999.990388
[BOOK WARN] Crossed book rejected for AAPL: ask 9088.753643 <= best bid 9999.990388
[BOOK WARN] Crossed book rejected for AAPL: ask 9078.351152 <= best bid 9999.990388
[BOOK WARN] Crossed book rejected for AAPL: ask 9073.865886 <= best bid 9999.990388
[BOOK WARN] Crossed book rejected for AAPL: ask 9058.464272 <= best bid 9999.990388
[BOOK WARN] Crossed book rejected for AAPL: ask 9039.214365 <= best bid 9999.990388
[BOOK WARN] Crossed book rejected for AAPL: ask 9036.506968 <= best bid 9999.990388
[BOOK WARN] Crossed book rejected for AAPL: ask 9044.885496 <= best bid 9999.990388
[BOOK WARN] Crossed book rejected for AAPL: ask 9041.428157 <= best bid 9999.990388
[BOOK WARN] Crossed book rejected for AAPL: ask 9021.659528 <= best bid 9999.990388
[BOOK WARN] Crossed book rejected for AAPL: ask 9018.014958 <= best bid 9999.990388
[BOOK WARN] Crossed book rejected for AAPL: ask 9023.911893 <= best bid 9999.990388
[BOOK WARN] Crossed book rejected for AAPL: ask 9029.053396 <= best bid 9999.990388
[BOOK WARN] Crossed book rejected for AAPL: ask 9031.632481 <= best bid 9999.990388
[BOOK WARN] Crossed book rejected for AAPL: ask 9029.660788 <= best bid 9999.990388
[BOOK WARN] Crossed book rejected for AAPL: ask 9021.936580 <= best bid 9999.990388
[BOOK WARN] Crossed book rejected for AAPL: ask 9017.993269 <= best bid 9999.990388
[BOOK WARN] Crossed book rejected for AAPL: ask 9012.800578 <= best bid 9999.990388
[BOOK WARN] Crossed book rejected for AAPL: ask 9022.927286 <= best bid 9999.990388
[BOOK WARN] Crossed book rejected for AAPL: ask 9006.282075 <= best bid 9999.990388
[BOOK WARN] Crossed book rejected for AAPL: ask 9006.245060 <= best bid 9999.990388
[BOOK WARN] Crossed book rejected for AAPL: ask 9014.992968 <= best bid 9999.990388
[BOOK WARN] Crossed book rejected for AAPL: ask 9003.711556 <= best bid 9999.990388
[BOOK WARN] Crossed book rejected for AAPL: ask 8997.740521 <= best bid 9999.990388
[BOOK WARN] Crossed book rejected for AAPL: ask 8994.411793 <= best bid 9999.990388
[BOOK WARN] Crossed book rejected for AAPL: ask 9004.107678 <= best bid 9999.990388
[BOOK WARN] Crossed book rejected for AAPL: ask 9012.441566 <= best bid 9999.990388
[BOOK WARN] Crossed book rejected for AAPL: ask 9012.402010 <= best bid 9999.990388
[BOOK WARN] Crossed book rejected for AAPL: ask 8993.377799 <= best bid 9999.990388
[BOOK WARN] Crossed book rejected for AAPL: ask 9010.093403 <= best bid 9999.990388
[BOOK WARN] Crossed book rejected for AAPL: ask 9012.091650 <= best bid 9999.990388
[BOOK WARN] Crossed book rejected for AAPL: ask 9004.463152 <= best bid 9999.990388
[BOOK WARN] Crossed book rejected for AAPL: ask 9019.086839 <= best bid 9999.990388
[BOOK WARN] Crossed book rejected for AAPL: ask 9009.871952 <= best bid 9999.990388
[BOOK WARN] Crossed book rejected for AAPL: ask 8993.780568 <= best bid 9999.990388
[BOOK WARN] Crossed book rejected for AAPL: ask 8990.903311 <= best bid 9999.990388
[BOOK WARN] Crossed book rejected for AAPL: ask 8986.000074 <= best bid 9999.990388
[BOOK WARN] Crossed book rejected for AAPL: ask 8977.583153 <= best bid 9999.990388
[BOOK WARN] Crossed book rejected for AAPL: ask 8984.041215 <= best bid 9999.990388
[BOOK WARN] Crossed book rejected for AAPL: ask 9003.267268 <= best bid 9999.990388
[BOOK WARN] Crossed book rejected for AAPL: ask 9013.963635 <= best bid 9999.990388
[BOOK WARN] Crossed book rejected for AAPL: ask 9014.305927 <= best bid 9999.990388
[BOOK WARN] Crossed book rejected for AAPL: ask 9022.306453 <= best bid 9999.990388
[BOOK WARN] Crossed book rejected for AAPL: ask 9009.893992 <= best bid 9999.990388
[BOOK WARN] Crossed book rejected for AAPL: ask 8990.885912 <= best bid 9999.990388
[BOOK WARN] Crossed book rejected for AAPL: ask 8987.381553 <= best bid 9999.990388
[BOOK WARN] Crossed book rejected for AAPL: ask 8988.375476 <= best bid 9999.990388
[BOOK WARN] Crossed book rejected for AAPL: ask 8990.883279 <= best bid 9999.990388
[BOOK WARN] Crossed book rejected for AAPL: ask 9002.673839 <= best bid 9999.990388
[BOOK WARN] Crossed book rejected for AAPL: ask 8995.908377 <= best bid 9999.990388
[BOOK WARN] Crossed book rejected for AAPL: ask 8998.377071 <= best bid 9999.990388
[BOOK WARN] Crossed book rejected for AAPL: ask 8999.482509 <= best bid 9999.990388
[BOOK WARN] Crossed book rejected for AAPL: ask 8993.678671 <= best bid 9999.990388
[BOOK WARN] Crossed book rejected for AAPL: ask 9003.331727 <= best bid 9999.990388
[BOOK WARN] Crossed book rejected for AAPL: ask 9013.996127 <= best bid 9999.990388
[BOOK WARN] Crossed book rejected for AAPL: ask 9007.963149 <= best bid 9999.990388
[BOOK WARN] Crossed book rejected for AAPL: ask 9011.797458 <= best bid 9999.990388
[BOOK WARN] Crossed book rejected for AAPL: ask 9011.249176 <= best bid 9999.990388
[BOOK WARN] Crossed book rejected for AAPL: ask 9013.697368 <= best bid 9999.990388
[BOOK WARN] Crossed book rejected for AAPL: ask 9008.050450 <= best bid 9999.990388
[BOOK WARN] Crossed book rejected for AAPL: ask 9009.720047 <= best bid 9999.990388
[BOOK WARN] Crossed book rejected for AAPL: ask 9012.665054 <= best bid 9999.990388
[BOOK WARN] Crossed book rejected for AAPL: ask 9002.249147 <= best bid 9999.990388
[BOOK WARN] Crossed book rejected for AAPL: ask 8997.639386 <= best bid 9999.990388
[BOOK WARN] Crossed book rejected for AAPL: ask 9008.822057 <= best bid 9999.990388
[BOOK WARN] Crossed book rejected for AAPL: ask 9014.140908 <= best bid 9999.990388
[BOOK WARN] Crossed book rejected for AAPL: ask 9028.049047 <= best bid 9999.990388
[BOOK WARN] Crossed book rejected for AAPL: ask 9008.465629 <= best bid 9999.990388
[BOOK WARN] Crossed book rejected for AAPL: ask 8999.690867 <= best bid 9999.990388
[BOOK WARN] Crossed book rejected for AAPL: ask 8996.229473 <= best bid 9999.990388
[BOOK WARN] Crossed book rejected for AAPL: ask 8994.097439 <= best bid 9999.990388
[BOOK WARN] Crossed book rejected for AAPL: ask 8991.532328 <= best bid 9999.990388
[BOOK WARN] Crossed book rejected for AAPL: ask 8998.694683 <= best bid 9999.990388
[BOOK WARN] Crossed book rejected for AAPL: ask 8995.171402 <= best bid 9999.990388
[BOOK WARN] Crossed book rejected for AAPL: ask 8991.093175 <= best bid 9999.990388
[BOOK WARN] Crossed book rejected for AAPL: ask 8996.057499 <= best bid 9999.990388
[BOOK WARN] Crossed book rejected for AAPL: ask 9012.348904 <= best bid 9999.990388
[BOOK WARN] Crossed book rejected for AAPL: ask 9008.770286 <= best bid 9999.990388
[BOOK WARN] Crossed book rejected for AAPL: ask 8996.731379 <= best bid 9999.990388
[BOOK WARN] Crossed book rejected for AAPL: ask 9003.444729 <= best bid 9999.990388
[BOOK WARN] Crossed book rejected for AAPL: ask 9021.614267 <= best bid 9999.990388
[BOOK WARN] Crossed book rejected for AAPL: ask 9036.574531 <= best bid 9999.990388
[BOOK WARN] Crossed book rejected for AAPL: ask 9027.223534 <= best bid 9999.990388
[BOOK WARN] Crossed book rejected for AAPL: ask 9022.761724 <= best bid 9999.990388
[BOOK WARN] Crossed book rejected for AAPL: ask 9027.563757 <= best bid 9999.990388
[BOOK WARN] Crossed book rejected for AAPL: ask 9020.042674 <= best bid 9999.990388
[BOOK WARN] Crossed book rejected for AAPL: ask 9003.388343 <= best bid 9999.990388
[BOOK WARN] Crossed book rejected for AAPL: ask 9017.344689 <= best bid 9999.990388
[BOOK WARN] Crossed book rejected for AAPL: ask 9024.923230 <= best bid 9999.990388
[BOOK WARN] Crossed book rejected for AAPL: ask 9006.148394 <= best bid 9999.990388
[BOOK WARN] Crossed book rejected for AAPL: ask 9002.474564 <= best bid 9999.990388
[BOOK WARN] Crossed book rejected for AAPL: ask 8986.411315 <= best bid 9999.990388
[BOOK WARN] Crossed book rejected for AAPL: ask 8996.110612 <= best bid 9999.990388
[BOOK WARN] Crossed book rejected for AAPL: ask 9002.855392 <= best bid 9999.990388
[BOOK WARN] Crossed book rejected for AAPL: ask 8991.154891 <= best bid 9999.990388
[BOOK WARN] Crossed book rejected for AAPL: ask 9004.010949 <= best bid 9999.990388
[BOOK WARN] Crossed book rejected for AAPL: ask 9007.321111 <= best bid 9999.990388
[BOOK WARN] Crossed book rejected for AAPL: ask 9010.234358 <= best bid 9999.990388
[BOOK WARN] Crossed book rejected for AAPL: ask 8997.688386 <= best bid 9999.990388
[BOOK WARN] Crossed book rejected for AAPL: ask 9012.458540 <= best bid 9999.990388
[BOOK WARN] Crossed book rejected for AAPL: ask 9006.268948 <= best bid 9999.990388
[BOOK WARN] Crossed book rejected for AAPL: ask 9000.023932 <= best bid 9999.990388
[BOOK WARN] Crossed book rejected for AAPL: ask 9004.210768 <= best bid 9999.990388
[BOOK WARN] Crossed book rejected for AAPL: ask 9009.279778 <= best bid 9999.990388
[BOOK WARN] Crossed book rejected for AAPL: ask 9012.170060 <= best bid 9999.990388
[BOOK WARN] Crossed book rejected for AAPL: ask 8995.349949 <= best bid 9999.990388
[BOOK WARN] Crossed book rejected for AAPL: ask 8992.095465 <= best bid 9999.990388
[BOOK WARN] Crossed book rejected for AAPL: ask 8988.436720 <= best bid 9999.990388
[BOOK WARN] Crossed book rejected for AAPL: ask 8987.470420 <= best bid 9999.990388
[BOOK WARN] Crossed book rejected for AAPL: ask 8994.304314 <= best bid 9999.990388
[BOOK WARN] Crossed book rejected for AAPL: ask 9005.559547 <= best bid 9999.990388
[BOOK WARN] Crossed book rejected for AAPL: ask 9001.985739 <= best bid 9999.990388
[BOOK WARN] Crossed book rejected for AAPL: ask 9003.418621 <= best bid 9999.990388
[BOOK WARN] Crossed book rejected for AAPL: ask 9012.271362 <= best bid 9999.990388
[BOOK WARN] Crossed book rejected for AAPL: ask 9023.323248 <= best bid 9999.990388
[BOOK WARN] Crossed book rejected for AAPL: ask 9029.237872 <= best bid 9999.990388
[BOOK WARN] Crossed book rejected for AAPL: ask 9047.971429 <= best bid 9999.990388
[BOOK WARN] Crossed book rejected for AAPL: ask 9047.331956 <= best bid 9999.990388
[BOOK WARN] Crossed book rejected for AAPL: ask 9042.765545 <= best bid 9999.990388
[BOOK WARN] Crossed book rejected for AAPL: ask 9046.680793 <= best bid 9999.990388
[BOOK WARN] Crossed book rejected for AAPL: ask 9053.390386 <= best bid 9999.990388
[BOOK WARN] Crossed book rejected for AAPL: ask 9050.058451 <= best bid 9999.990388
[BOOK WARN] Crossed book rejected for AAPL: ask 9057.932884 <= best bid 9999.990388
[BOOK WARN] Crossed book rejected for AAPL: ask 9054.039500 <= best bid 9999.990388
[BOOK WARN] Crossed book rejected for AAPL: ask 9064.173734 <= best bid 9999.990388
[BOOK WARN] Crossed book rejected for AAPL: ask 9055.671053 <= best bid 9999.990388
[BOOK WARN] Crossed book rejected for AAPL: ask 9050.994816 <= best bid 9999.990388
[BOOK WARN] Crossed book rejected for AAPL: ask 9036.662746 <= best bid 9999.990388
[BOOK WARN] Crossed book rejected for AAPL: ask 9045.153964 <= best bid 9999.990388
[BOOK WARN] Crossed book rejected for AAPL: ask 9030.567920 <= best bid 9999.990388
[BOOK WARN] Crossed book rejected for AAPL: ask 9036.576237 <= best bid 9999.990388
[BOOK WARN] Crossed book rejected for AAPL: ask 9026.851639 <= best bid 9999.990388
[BOOK WARN] Crossed book rejected for AAPL: ask 9020.203417 <= best bid 9999.990388
[BOOK WARN] Crossed book rejected for AAPL: ask 9014.751039 <= best bid 9999.990388
[BOOK WARN] Crossed book rejected for AAPL: ask 9013.972365 <= best bid 9999.990388
[BOOK WARN] Crossed book rejected for AAPL: ask 9002.078345 <= best bid 9999.990388
[BOOK WARN] Crossed book rejected for AAPL: ask 9005.947777 <= best bid 9999.990388
[BOOK WARN] Crossed book rejected for AAPL: ask 9005.202343 <= best bid 9999.990388
[BOOK WARN] Crossed book rejected for AAPL: ask 8992.125202 <= best bid 9999.990388
[BOOK WARN] Crossed book rejected for AAPL: ask 9004.499422 <= best bid 9999.990388
[BOOK WARN] Crossed book rejected for AAPL: ask 9025.349853 <= best bid 9999.990388
[BOOK WARN] Crossed book rejected for AAPL: ask 9034.064679 <= best bid 9999.990388
[BOOK WARN] Crossed book rejected for AAPL: ask 9018.746867 <= best bid 9999.990388
[BOOK WARN] Crossed book rejected for AAPL: ask 9020.729260 <= best bid 9999.990388
[BOOK WARN] Crossed book rejected for AAPL: ask 9005.495321 <= best bid 9999.990388
[BOOK WARN] Crossed book rejected for AAPL: ask 9006.407484 <= best bid 9999.990388
[BOOK WARN] Crossed book rejected for AAPL: ask 9011.362732 <= best bid 9999.990388
[BOOK WARN] Crossed book rejected for AAPL: ask 8994.400337 <= best bid 9999.990388
[BOOK WARN] Crossed book rejected for AAPL: ask 8990.731339 <= best bid 9999.990388
[BOOK WARN] Crossed book rejected for AAPL: ask 8995.611911 <= best bid 9999.990388
[BOOK WARN] Crossed book rejected for AAPL: ask 9000.190438 <= best bid 9999.990388
[BOOK WARN] Crossed book rejected for AAPL: ask 8997.331967 <= best bid 9999.990388
[BOOK WARN] Crossed book rejected for AAPL: ask 9006.261505 <= best bid 9999.990388
[BOOK WARN] Crossed book rejected for AAPL: ask 9001.572530 <= best bid 9999.990388
[BOOK WARN] Crossed book rejected for AAPL: ask 9000.199731 <= best bid 9999.990388
[BOOK WARN] Crossed book rejected for AAPL: ask 8989.343938 <= best bid 9999.990388
[BOOK WARN] Crossed book rejected for AAPL: ask 8987.408706 <= best bid 9999.990388
[BOOK WARN] Crossed book rejected for AAPL: ask 8991.804030 <= best bid 9999.990388
[BOOK WARN] Crossed book rejected for AAPL: ask 8983.085127 <= best bid 9999.990388
[BOOK WARN] Crossed book rejected for AAPL: ask 8989.149447 <= best bid 9999.990388
[BOOK WARN] Crossed book rejected for AAPL: ask 8988.653301 <= best bid 9999.990388
[BOOK WARN] Crossed book rejected for AAPL: ask 8974.131256 <= best bid 9999.990388
[BOOK WARN] Crossed book rejected for AAPL: ask 8980.117434 <= best bid 9999.990388
[BOOK WARN] Crossed book rejected for AAPL: ask 8980.686444 <= best bid 9999.990388
[BOOK WARN] Crossed book rejected for AAPL: ask 8965.099100 <= best bid 9999.990388
[BOOK WARN] Crossed book rejected for AAPL: ask 8969.208814 <= best bid 9999.990388
[BOOK WARN] Crossed book rejected for AAPL: ask 8977.691519 <= best bid 9999.990388
[BOOK WARN] Crossed book rejected for AAPL: ask 8971.319215 <= best bid 9999.990388
[BOOK WARN] Crossed book rejected for AAPL: ask 8987.824538 <= best bid 9999.990388
[BOOK WARN] Crossed book rejected for AAPL: ask 8993.568339 <= best bid 9999.990388
[BOOK WARN] Crossed book rejected for AAPL: ask 9000.065571 <= best bid 9999.990388
[BOOK WARN] Crossed book rejected for AAPL: ask 9013.131274 <= best bid 9999.990388
[BOOK WARN] Crossed book rejected for AAPL: ask 9018.583823 <= best bid 9999.990388
[BOOK WARN] Crossed book rejected for AAPL: ask 9020.667136 <= best bid 9999.990388
[BOOK WARN] Crossed book rejected for AAPL: ask 9010.145355 <= best bid 9999.990388
[BOOK WARN] Crossed book rejected for AAPL: ask 9001.356476 <= best bid 9999.990388
[BOOK WARN] Crossed book rejected for AAPL: ask 9002.709720 <= best bid 9999.990388
[BOOK WARN] Crossed book rejected for AAPL: ask 9000.966725 <= best bid 9999.990388
[BOOK WARN] Crossed book rejected for AAPL: ask 9002.823938 <= best bid 9999.990388
[BOOK WARN] Crossed book rejected for AAPL: ask 8994.984080 <= best bid 9999.990388
[BOOK WARN] Crossed book rejected for AAPL: ask 8986.544711 <= best bid 9999.990388
[BOOK WARN] Crossed book rejected for AAPL: ask 8986.901098 <= best bid 9999.990388
[BOOK WARN] Crossed book rejected for AAPL: ask 8974.834896 <= best bid 9999.990388
[BOOK WARN] Crossed book rejected for AAPL: ask 8992.235483 <= best bid 9999.990388
[BOOK WARN] Crossed book rejected for AAPL: ask 8984.615044 <= best bid 9999.990388
[BOOK WARN] Crossed book rejected for AAPL: ask 8997.168215 <= best bid 9999.990388
[BOOK WARN] Crossed book rejected for AAPL: ask 9000.601113 <= best bid 9999.990388
[BOOK WARN] Crossed book rejected for AAPL: ask 9007.908544 <= best bid 9999.990388
[BOOK WARN] Crossed book rejected for AAPL: ask 9008.409137 <= best bid 9999.990388
[BOOK WARN] Crossed book rejected for AAPL: ask 9000.870417 <= best bid 9999.990388
[BOOK WARN] Crossed book rejected for AAPL: ask 8990.992100 <= best bid 9999.990388
[BOOK WARN] Crossed book rejected for AAPL: ask 8997.834919 <= best bid 9999.990388
[BOOK WARN] Crossed book rejected for AAPL: ask 8998.495462 <= best bid 9999.990388
[BOOK WARN] Crossed book rejected for AAPL: ask 8992.471473 <= best bid 9999.990388
[BOOK WARN] Crossed book rejected for AAPL: ask 8985.226428 <= best bid 9999.990388
[BOOK WARN] Crossed book rejected for AAPL: ask 8982.387717 <= best bid 9999.990388
[BOOK WARN] Crossed book rejected for AAPL: ask 8993.726241 <= best bid 9999.990388
[BOOK WARN] Crossed book rejected for AAPL: ask 9000.032975 <= best bid 9999.990388
[BOOK WARN] Crossed book rejected for AAPL: ask 9018.859511 <= best bid 9999.990388
[BOOK WARN] Crossed book rejected for AAPL: ask 9014.286013 <= best bid 9999.990388
[BOOK WARN] Crossed book rejected for AAPL: ask 9011.676659 <= best bid 9999.990388
[BOOK WARN] Crossed book rejected for AAPL: ask 9003.423587 <= best bid 9999.990388
[BOOK WARN] Crossed book rejected for AAPL: ask 8997.495877 <= best bid 9999.990388
[BOOK WARN] Crossed book rejected for AAPL: ask 9004.197826 <= best bid 9999.990388
[BOOK WARN] Crossed book rejected for AAPL: ask 9008.667265 <= best bid 9999.990388
[BOOK WARN] Crossed book rejected for AAPL: ask 9011.487631 <= best bid 9999.990388
[BOOK WARN] Crossed book rejected for AAPL: ask 9007.420439 <= best bid 9999.990388
[BOOK WARN] Crossed book rejected for AAPL: ask 9000.654868 <= best bid 9999.990388
[BOOK WARN] Crossed book rejected for AAPL: ask 9007.117765 <= best bid 9999.990388
[BOOK WARN] Crossed book rejected for AAPL: ask 9013.069930 <= best bid 9999.990388
[BOOK WARN] Crossed book rejected for AAPL: ask 9005.914731 <= best bid 9999.990388
[BOOK WARN] Crossed book rejected for AAPL: ask 9002.542075 <= best bid 9999.990388
[BOOK WARN] Crossed book rejected for AAPL: ask 9000.311524 <= best bid 9999.990388
[BOOK WARN] Crossed book rejected for AAPL: ask 9003.569730 <= best bid 9999.990388
[BOOK WARN] Crossed book rejected for AAPL: ask 9010.354601 <= best bid 9999.990388
[BOOK WARN] Crossed book rejected for AAPL: ask 9010.533609 <= best bid 9999.990388
[BOOK WARN] Crossed book rejected for AAPL: ask 9004.222879 <= best bid 9999.990388
[BOOK WARN] Crossed book rejected for AAPL: ask 9001.096828 <= best bid 9999.990388
[BOOK WARN] Crossed book rejected for AAPL: ask 8997.037285 <= best bid 9999.990388
[BOOK WARN] Crossed book rejected for AAPL: ask 9009.675649 <= best bid 9999.990388
[BOOK WARN] Crossed book rejected for AAPL: ask 9027.926127 <= best bid 9999.990388
[BOOK WARN] Crossed book rejected for AAPL: ask 9026.402161 <= best bid 9999.990388
[BOOK WARN] Crossed book rejected for AAPL: ask 9035.794091 <= best bid 9999.990388
[BOOK WARN] Crossed book rejected for AAPL: ask 9042.865125 <= best bid 9999.990388
[BOOK WARN] Crossed book rejected for AAPL: ask 9041.647061 <= best bid 9999.990388
[BOOK WARN] Crossed book rejected for AAPL: ask 9063.361264 <= best bid 9999.990388
[BOOK WARN] Crossed book rejected for AAPL: ask 9072.515928 <= best bid 9999.990388
[BOOK WARN] Crossed book rejected for AAPL: ask 9069.826362 <= best bid 9999.990388
[BOOK WARN] Crossed book rejected for AAPL: ask 9074.207618 <= best bid 9999.990388
[BOOK WARN] Crossed book rejected for AAPL: ask 9085.744949 <= best bid 9999.990388
[BOOK WARN] Crossed book rejected for AAPL: ask 9097.394255 <= best bid 9999.990388
[BOOK WARN] Crossed book rejected for AAPL: ask 9111.870718 <= best bid 9999.990388
[BOOK WARN] Crossed book rejected for AAPL: ask 9112.396951 <= best bid 9999.990388
[BOOK WARN] Crossed book rejected for AAPL: ask 9113.811016 <= best bid 9999.990388
[BOOK WARN] Crossed book rejected for AAPL: ask 9098.555101 <= best bid 9999.990388
[BOOK WARN] Crossed book rejected for AAPL: ask 9090.520095 <= best bid 9999.990388
[BOOK WARN] Crossed book rejected for AAPL: ask 9093.450468 <= best bid 9999.990388
[BOOK WARN] Crossed book rejected for AAPL: ask 9099.650429 <= best bid 9999.990388
[BOOK WARN] Crossed book rejected for AAPL: ask 9095.087160 <= best bid 9999.990388
[BOOK WARN] Crossed book rejected for AAPL: ask 9111.194154 <= best bid 9999.990388
[BOOK WARN] Crossed book rejected for AAPL: ask 9123.633085 <= best bid 9999.990388
[BOOK WARN] Crossed book rejected for AAPL: ask 9134.103898 <= best bid 9999.990388
[BOOK WARN] Crossed book rejected for AAPL: ask 9126.967200 <= best bid 9999.990388
[BOOK WARN] Crossed book rejected for AAPL: ask 9120.187629 <= best bid 9999.990388
[BOOK WARN] Crossed book rejected for AAPL: ask 9128.692080 <= best bid 9999.990388
[BOOK WARN] Crossed book rejected for AAPL: ask 9133.234171 <= best bid 9999.990388
[BOOK WARN] Crossed book rejected for AAPL: ask 9133.399046 <= best bid 9999.990388
[BOOK WARN] Crossed book rejected for AAPL: ask 9136.126693 <= best bid 9999.990388
[BOOK WARN] Crossed book rejected for AAPL: ask 9132.232049 <= best bid 9999.990388
[BOOK WARN] Crossed book rejected for AAPL: ask 9133.643483 <= best bid 9999.990388
[BOOK WARN] Crossed book rejected for AAPL: ask 9134.984194 <= best bid 9999.990388
[BOOK WARN] Crossed book rejected for AAPL: ask 9130.365947 <= best bid 9999.990388
[BOOK WARN] Crossed book rejected for AAPL: ask 9113.799740 <= best bid 9999.990388
[BOOK WARN] Crossed book rejected for AAPL: ask 9131.458253 <= best bid 9999.990388
[BOOK WARN] Crossed book rejected for AAPL: ask 9135.659219 <= best bid 9999.990388
[BOOK WARN] Crossed book rejected for AAPL: ask 9124.439746 <= best bid 9999.990388
[BOOK WARN] Crossed book rejected for AAPL: ask 9110.074566 <= best bid 9999.990388
[BOOK WARN] Crossed book rejected for AAPL: ask 9105.207177 <= best bid 9999.990388
[BOOK WARN] Crossed book rejected for AAPL: ask 9117.259379 <= best bid 9999.990388
[BOOK WARN] Crossed book rejected for AAPL: ask 9113.760292 <= best bid 9999.990388
[BOOK WARN] Crossed book rejected for AAPL: ask 9108.628014 <= best bid 9999.990388
[BOOK WARN] Crossed book rejected for AAPL: ask 9109.112689 <= best bid 9999.990388
[BOOK WARN] Crossed book rejected for AAPL: ask 9114.126860 <= best bid 9999.990388
[BOOK WARN] Crossed book rejected for AAPL: ask 9128.001338 <= best bid 9999.990388
[BOOK WARN] Crossed book rejected for AAPL: ask 9135.499014 <= best bid 9999.990388
[BOOK WARN] Crossed book rejected for AAPL: ask 9138.569734 <= best bid 9999.990388
[BOOK WARN] Crossed book rejected for AAPL: ask 9134.379765 <= best bid 9999.990388
[BOOK WARN] Crossed book rejected for AAPL: ask 9147.873418 <= best bid 9999.990388
[BOOK WARN] Crossed book rejected for AAPL: ask 9148.423792 <= best bid 9999.990388
[BOOK WARN] Crossed book rejected for AAPL: ask 9155.317420 <= best bid 9999.990388
[BOOK WARN] Crossed book rejected for AAPL: ask 9154.842407 <= best bid 9999.990388
[BOOK WARN] Crossed book rejected for AAPL: ask 9150.799231 <= best bid 9999.990388
[BOOK WARN] Crossed book rejected for AAPL: ask 9141.884543 <= best bid 9999.990388
[BOOK WARN] Crossed book rejected for AAPL: ask 9136.542992 <= best bid 9999.990388
[BOOK WARN] Crossed book rejected for AAPL: ask 9128.025356 <= best bid 9999.990388
[BOOK WARN] Crossed book rejected for AAPL: ask 9114.336433 <= best bid 9999.990388
[BOOK WARN] Crossed book rejected for AAPL: ask 9116.921064 <= best bid 9999.990388
[BOOK WARN] Crossed book rejected for AAPL: ask 9119.830272 <= best bid 9999.990388
[BOOK WARN] Crossed book rejected for AAPL: ask 9117.262335 <= best bid 9999.990388
[BOOK WARN] Crossed book rejected for AAPL: ask 9124.087645 <= best bid 9999.990388
[BOOK WARN] Crossed book rejected for AAPL: ask 9122.661071 <= best bid 9999.990388
[BOOK WARN] Crossed book rejected for AAPL: ask 9110.358230 <= best bid 9999.990388
[BOOK WARN] Crossed book rejected for AAPL: ask 9114.148201 <= best bid 9999.990388
[BOOK WARN] Crossed book rejected for AAPL: ask 9107.424776 <= best bid 9999.990388
[BOOK WARN] Crossed book rejected for AAPL: ask 9104.856136 <= best bid 9999.990388
[BOOK WARN] Crossed book rejected for AAPL: ask 9079.181470 <= best bid 9999.990388
[BOOK WARN] Crossed book rejected for AAPL: ask 9077.307218 <= best bid 9999.990388
[BOOK WARN] Crossed book rejected for AAPL: ask 9071.737717 <= best bid 9999.990388
[BOOK WARN] Crossed book rejected for AAPL: ask 9066.658037 <= best bid 9999.990388
[BOOK WARN] Crossed book rejected for AAPL: ask 9075.248838 <= best bid 9999.990388
[BOOK WARN] Crossed book rejected for AAPL: ask 9066.406988 <= best bid 9999.990388
[BOOK WARN] Crossed book rejected for AAPL: ask 9062.997938 <= best bid 9999.990388
[BOOK WARN] Crossed book rejected for AAPL: ask 9068.389766 <= best bid 9999.990388
[BOOK WARN] Crossed book rejected for AAPL: ask 9085.183041 <= best bid 9999.990388
[BOOK WARN] Crossed book rejected for AAPL: ask 9083.955209 <= best bid 9999.990388
[BOOK WARN] Crossed book rejected for AAPL: ask 9086.942634 <= best bid 9999.990388
[BOOK WARN] Crossed book rejected for AAPL: ask 9084.689454 <= best bid 9999.990388
[BOOK WARN] Crossed book rejected for AAPL: ask 9072.130727 <= best bid 9999.990388
[BOOK WARN] Crossed book rejected for AAPL: ask 9076.226396 <= best bid 9999.990388
[BOOK WARN] Crossed book rejected for AAPL: ask 9066.698862 <= best bid 9999.990388
[BOOK WARN] Crossed book rejected for AAPL: ask 9066.877746 <= best bid 9999.990388
[BOOK WARN] Crossed book rejected for AAPL: ask 9066.044386 <= best bid 9999.990388
[BOOK WARN] Crossed book rejected for AAPL: ask 9077.524909 <= best bid 9999.990388
[BOOK WARN] Crossed book rejected for AAPL: ask 9081.059141 <= best bid 9999.990388
[BOOK WARN] Crossed book rejected for AAPL: ask 9060.475229 <= best bid 9999.990388
[BOOK WARN] Crossed book rejected for AAPL: ask 9054.860355 <= best bid 9999.990388
[BOOK WARN] Crossed book rejected for AAPL: ask 9050.392992 <= best bid 9999.990388
[BOOK WARN] Crossed book rejected for AAPL: ask 9052.392868 <= best bid 9999.990388
[BOOK WARN] Crossed book rejected for AAPL: ask 9058.200441 <= best bid 9999.990388
[BOOK WARN] Crossed book rejected for AAPL: ask 9041.822548 <= best bid 9999.990388
[BOOK WARN] Crossed book rejected for AAPL: ask 9050.549334 <= best bid 9999.990388
[BOOK WARN] Crossed book rejected for AAPL: ask 9050.308757 <= best bid 9999.990388
[BOOK WARN] Crossed book rejected for AAPL: ask 9061.920759 <= best bid 9999.990388
[BOOK WARN] Crossed book rejected for AAPL: ask 9057.953496 <= best bid 9999.990388
[BOOK WARN] Crossed book rejected for AAPL: ask 9056.079057 <= best bid 9999.990388
[BOOK WARN] Crossed book rejected for AAPL: ask 9052.908896 <= best bid 9999.990388
[BOOK WARN] Crossed book rejected for AAPL: ask 9059.102866 <= best bid 9999.990388
[BOOK WARN] Crossed book rejected for AAPL: ask 9052.497186 <= best bid 9999.990388
[BOOK WARN] Crossed book rejected for AAPL: ask 9049.273161 <= best bid 9999.990388
[BOOK WARN] Crossed book rejected for AAPL: ask 9053.855351 <= best bid 9999.990388
[BOOK WARN] Crossed book rejected for AAPL: ask 9068.101133 <= best bid 9999.990388
[BOOK WARN] Crossed book rejected for AAPL: ask 9066.923861 <= best bid 9999.990388
[BOOK WARN] Crossed book rejected for AAPL: ask 9080.102082 <= best bid 9999.990388
[BOOK WARN] Crossed book rejected for AAPL: ask 9060.373382 <= best bid 9999.990388
[BOOK WARN] Crossed book rejected for AAPL: ask 9043.929465 <= best bid 9999.990388
[BOOK WARN] Crossed book rejected for AAPL: ask 9042.956596 <= best bid 9999.990388
[BOOK WARN] Crossed book rejected for AAPL: ask 9045.851740 <= best bid 9999.990388
[BOOK WARN] Crossed book rejected for AAPL: ask 9034.649634 <= best bid 9999.990388
[BOOK WARN] Crossed book rejected for AAPL: ask 9050.252840 <= best bid 9999.990388
[BOOK WARN] Crossed book rejected for AAPL: ask 9060.929160 <= best bid 9999.990388
[BOOK WARN] Crossed book rejected for AAPL: ask 9050.124476 <= best bid 9999.990388
[BOOK WARN] Crossed book rejected for AAPL: ask 9053.403264 <= best bid 9999.990388
[BOOK WARN] Crossed book rejected for AAPL: ask 9069.209893 <= best bid 9999.990388
[BOOK WARN] Crossed book rejected for AAPL: ask 9061.430552 <= best bid 9999.990388
[BOOK WARN] Crossed book rejected for AAPL: ask 9064.028889 <= best bid 9999.990388
[BOOK WARN] Crossed book rejected for AAPL: ask 9053.068062 <= best bid 9999.990388
[BOOK WARN] Crossed book rejected for AAPL: ask 9060.033873 <= best bid 9999.990388
[BOOK WARN] Crossed book rejected for AAPL: ask 9054.750317 <= best bid 9999.990388
[BOOK WARN] Crossed book rejected for AAPL: ask 9053.736791 <= best bid 9999.990388
[BOOK WARN] Crossed book rejected for AAPL: ask 9060.430930 <= best bid 9999.990388
[BOOK WARN] Crossed book rejected for AAPL: ask 9076.127080 <= best bid 9999.990388
[BOOK WARN] Crossed book rejected for AAPL: ask 9080.773385 <= best bid 9999.990388
[BOOK WARN] Crossed book rejected for AAPL: ask 9079.566608 <= best bid 9999.990388
[BOOK WARN] Crossed book rejected for AAPL: ask 9074.923504 <= best bid 9999.990388
[BOOK WARN] Crossed book rejected for AAPL: ask 9092.322910 <= best bid 9999.990388
[BOOK WARN] Crossed book rejected for AAPL: ask 9094.853245 <= best bid 9999.990388
[BOOK WARN] Crossed book rejected for AAPL: ask 9088.133465 <= best bid 9999.990388
[BOOK WARN] Crossed book rejected for AAPL: ask 9083.882522 <= best bid 9999.990388
[BOOK WARN] Crossed book rejected for AAPL: ask 9074.057916 <= best bid 9999.990388
[BOOK WARN] Crossed book rejected for AAPL: ask 9084.367066 <= best bid 9999.990388
[BOOK WARN] Crossed book rejected for AAPL: ask 9104.206260 <= best bid 9999.990388
[BOOK WARN] Crossed book rejected for AAPL: ask 9112.454350 <= best bid 9999.990388
[BOOK WARN] Crossed book rejected for AAPL: ask 9113.093551 <= best bid 9999.990388
[BOOK WARN] Crossed book rejected for AAPL: ask 9121.178669 <= best bid 9999.990388
[BOOK WARN] Crossed book rejected for AAPL: ask 9108.299998 <= best bid 9999.990388
[BOOK WARN] Crossed book rejected for AAPL: ask 9119.649485 <= best bid 9999.990388
[BOOK WARN] Crossed book rejected for AAPL: ask 9121.023243 <= best bid 9999.990388
[BOOK WARN] Crossed book rejected for AAPL: ask 9116.487955 <= best bid 9999.990388
[BOOK WARN] Crossed book rejected for AAPL: ask 9113.694777 <= best bid 9999.990388
[BOOK WARN] Crossed book rejected for AAPL: ask 9109.661071 <= best bid 9999.990388
[BOOK WARN] Crossed book rejected for AAPL: ask 9101.348293 <= best bid 9999.990388
[BOOK WARN] Crossed book rejected for AAPL: ask 9112.417785 <= best bid 9999.990388
[BOOK WARN] Crossed book rejected for AAPL: ask 9118.541894 <= best bid 9999.990388
[BOOK WARN] Crossed book rejected for AAPL: ask 9122.000397 <= best bid 9999.990388
[BOOK WARN] Crossed book rejected for AAPL: ask 9105.336153 <= best bid 9999.990388
[BOOK WARN] Crossed book rejected for AAPL: ask 9108.971345 <= best bid 9999.990388
[BOOK WARN] Crossed book rejected for AAPL: ask 9112.347875 <= best bid 9999.990388
[BOOK WARN] Crossed book rejected for AAPL: ask 9093.419277 <= best bid 9999.990388
[BOOK WARN] Crossed book rejected for AAPL: ask 9105.104759 <= best bid 9999.990388
[BOOK WARN] Crossed book rejected for AAPL: ask 9109.044708 <= best bid 9999.990388
[BOOK WARN] Crossed book rejected for AAPL: ask 9109.469868 <= best bid 9999.990388
[BOOK WARN] Crossed book rejected for AAPL: ask 9108.630149 <= best bid 9999.990388
[BOOK WARN] Crossed book rejected for AAPL: ask 9105.904123 <= best bid 9999.990388
[BOOK WARN] Crossed book rejected for AAPL: ask 9091.790197 <= best bid 9999.990388
[BOOK WARN] Crossed book rejected for AAPL: ask 9082.690115 <= best bid 9999.990388
[BOOK WARN] Crossed book rejected for AAPL: ask 9077.082254 <= best bid 9999.990388
[BOOK WARN] Crossed book rejected for AAPL: ask 9053.361817 <= best bid 9999.990388
[BOOK WARN] Crossed book rejected for AAPL: ask 9069.048955 <= best bid 9999.990388
[BOOK WARN] Crossed book rejected for AAPL: ask 9062.335741 <= best bid 9999.990388
[BOOK WARN] Crossed book rejected for AAPL: ask 9059.733597 <= best bid 9999.990388
[BOOK WARN] Crossed book rejected for AAPL: ask 9045.606945 <= best bid 9999.990388
[BOOK WARN] Crossed book rejected for AAPL: ask 9055.021924 <= best bid 9999.990388
[BOOK WARN] Crossed book rejected for AAPL: ask 9057.389577 <= best bid 9999.990388
[BOOK WARN] Crossed book rejected for AAPL: ask 9078.514393 <= best bid 9999.990388
[BOOK WARN] Crossed book rejected for AAPL: ask 9074.051678 <= best bid 9999.990388
[BOOK WARN] Crossed book rejected for AAPL: ask 9054.913448 <= best bid 9999.990388
[BOOK WARN] Crossed book rejected for AAPL: ask 9041.997445 <= best bid 9999.990388
[BOOK WARN] Crossed book rejected for AAPL: ask 9041.408044 <= best bid 9999.990388
[BOOK WARN] Crossed book rejected for AAPL: ask 9043.804205 <= best bid 9999.990388
[BOOK WARN] Crossed book rejected for AAPL: ask 9042.336798 <= best bid 9999.990388
[BOOK WARN] Crossed book rejected for AAPL: ask 9039.894368 <= best bid 9999.990388
[BOOK WARN] Crossed book rejected for AAPL: ask 9033.456015 <= best bid 9999.990388
[BOOK WARN] Crossed book rejected for AAPL: ask 9029.415347 <= best bid 9999.990388
[BOOK WARN] Crossed book rejected for AAPL: ask 9028.970000 <= best bid 9999.990388
[BOOK WARN] Crossed book rejected for AAPL: ask 9036.348947 <= best bid 9999.990388
[BOOK WARN] Crossed book rejected for AAPL: ask 9035.269381 <= best bid 9999.990388
[BOOK WARN] Crossed book rejected for AAPL: ask 9021.520020 <= best bid 9999.990388
[BOOK WARN] Crossed book rejected for AAPL: ask 9019.665153 <= best bid 9999.990388
[BOOK WARN] Crossed book rejected for AAPL: ask 9024.160599 <= best bid 9999.990388
[BOOK WARN] Crossed book rejected for AAPL: ask 9035.758105 <= best bid 9999.990388
[BOOK WARN] Crossed book rejected for AAPL: ask 9028.005558 <= best bid 9999.990388
[BOOK WARN] Crossed book rejected for AAPL: ask 9027.563260 <= best bid 9999.990388
[BOOK WARN] Crossed book rejected for AAPL: ask 9021.922265 <= best bid 9999.990388
[BOOK WARN] Crossed book rejected for AAPL: ask 9021.892577 <= best bid 9999.990388
[BOOK WARN] Crossed book rejected for AAPL: ask 9017.115387 <= best bid 9999.990388
[BOOK WARN] Crossed book rejected for AAPL: ask 9024.801306 <= best bid 9999.990388
[BOOK WARN] Crossed book rejected for AAPL: ask 9029.210882 <= best bid 9999.990388
[BOOK WARN] Crossed book rejected for AAPL: ask 9039.689847 <= best bid 9999.990388
[BOOK WARN] Crossed book rejected for AAPL: ask 9037.810983 <= best bid 9999.990388
[BOOK WARN] Crossed book rejected for AAPL: ask 9048.293959 <= best bid 9999.990388
[BOOK WARN] Crossed book rejected for AAPL: ask 9055.081774 <= best bid 9999.990388
[BOOK WARN] Crossed book rejected for AAPL: ask 9059.967458 <= best bid 9999.990388
[BOOK WARN] Crossed book rejected for AAPL: ask 9062.410640 <= best bid 9999.990388
[BOOK WARN] Crossed book rejected for AAPL: ask 9055.619738 <= best bid 9999.990388
[BOOK WARN] Crossed book rejected for AAPL: ask 9059.034314 <= best bid 9999.990388
[BOOK WARN] Crossed book rejected for AAPL: ask 9060.643355 <= best bid 9999.990388
[BOOK WARN] Crossed book rejected for AAPL: ask 9064.087208 <= best bid 9999.990388
[BOOK WARN] Crossed book rejected for AAPL: ask 9062.933312 <= best bid 9999.990388
[BOOK WARN] Crossed book rejected for AAPL: ask 9055.152581 <= best bid 9999.990388
[BOOK WARN] Crossed book rejected for AAPL: ask 9056.417333 <= best bid 9999.990388
[BOOK WARN] Crossed book rejected for AAPL: ask 9059.425485 <= best bid 9999.990388
[BOOK WARN] Crossed book rejected for AAPL: ask 9061.840642 <= best bid 9999.990388
[BOOK WARN] Crossed book rejected for AAPL: ask 9072.783705 <= best bid 9999.990388
[BOOK WARN] Crossed book rejected for AAPL: ask 9078.019488 <= best bid 9999.990388
[BOOK WARN] Crossed book rejected for AAPL: ask 9071.271418 <= best bid 9999.990388
[BOOK WARN] Crossed book rejected for AAPL: ask 9064.787788 <= best bid 9999.990388
[BOOK WARN] Crossed book rejected for AAPL: ask 9080.046920 <= best bid 9999.990388
[BOOK WARN] Crossed book rejected for AAPL: ask 9070.733724 <= best bid 9999.990388
[BOOK WARN] Crossed book rejected for AAPL: ask 9070.923767 <= best bid 9999.990388
[BOOK WARN] Crossed book rejected for AAPL: ask 9094.031614 <= best bid 9999.990388
[BOOK WARN] Crossed book rejected for AAPL: ask 9093.847316 <= best bid 9999.990388
[BOOK WARN] Crossed book rejected for AAPL: ask 9099.833211 <= best bid 9999.990388
[BOOK WARN] Crossed book rejected for AAPL: ask 9094.949269 <= best bid 9999.990388
[BOOK WARN] Crossed book rejected for AAPL: ask 9096.459787 <= best bid 9999.990388
[BOOK WARN] Crossed book rejected for AAPL: ask 9102.083665 <= best bid 9999.990388
[BOOK WARN] Crossed book rejected for AAPL: ask 9103.009621 <= best bid 9999.990388
[BOOK WARN] Crossed book rejected for AAPL: ask 9099.914047 <= best bid 9999.990388
[BOOK WARN] Crossed book rejected for AAPL: ask 9096.019132 <= best bid 9999.990388
[BOOK WARN] Crossed book rejected for AAPL: ask 9108.231768 <= best bid 9999.990388
[BOOK WARN] Crossed book rejected for AAPL: ask 9105.014886 <= best bid 9999.990388
[BOOK WARN] Crossed book rejected for AAPL: ask 9094.429692 <= best bid 9999.990388
[BOOK WARN] Crossed book rejected for AAPL: ask 9103.243809 <= best bid 9999.990388
[BOOK WARN] Crossed book rejected for AAPL: ask 9102.732798 <= best bid 9999.990388
[BOOK WARN] Crossed book rejected for AAPL: ask 9106.961198 <= best bid 9999.990388
[BOOK WARN] Crossed book rejected for AAPL: ask 9104.595102 <= best bid 9999.990388
[BOOK WARN] Crossed book rejected for AAPL: ask 9087.177792 <= best bid 9999.990388
[BOOK WARN] Crossed book rejected for AAPL: ask 9089.545932 <= best bid 9999.990388
[BOOK WARN] Crossed book rejected for AAPL: ask 9088.871768 <= best bid 9999.990388
[BOOK WARN] Crossed book rejected for AAPL: ask 9087.098308 <= best bid 9999.990388
[BOOK WARN] Crossed book rejected for AAPL: ask 9086.433979 <= best bid 9999.990388
[BOOK WARN] Crossed book rejected for AAPL: ask 9082.291791 <= best bid 9999.990388
[BOOK WARN] Crossed book rejected for AAPL: ask 9092.569533 <= best bid 9999.990388
[BOOK WARN] Crossed book rejected for AAPL: ask 9097.573613 <= best bid 9999.990388
[BOOK WARN] Crossed book rejected for AAPL: ask 9091.737541 <= best bid 9999.990388
[BOOK WARN] Crossed book rejected for AAPL: ask 9102.341179 <= best bid 9999.990388
[BOOK WARN] Crossed book rejected for AAPL: ask 9102.746012 <= best bid 9999.990388
[BOOK WARN] Crossed book rejected for AAPL: ask 9104.858678 <= best bid 9999.990388
[BOOK WARN] Crossed book rejected for AAPL: ask 9094.305414 <= best bid 9999.990388
[BOOK WARN] Crossed book rejected for AAPL: ask 9081.104124 <= best bid 9999.990388
[BOOK WARN] Crossed book rejected for AAPL: ask 9087.649599 <= best bid 9999.990388
[BOOK WARN] Crossed book rejected for AAPL: ask 9083.165295 <= best bid 9999.990388
[BOOK WARN] Crossed book rejected for AAPL: ask 9097.927868 <= best bid 9999.990388
[BOOK WARN] Crossed book rejected for AAPL: ask 9089.719527 <= best bid 9999.990388
[BOOK WARN] Crossed book rejected for AAPL: ask 9091.693477 <= best bid 9999.990388
[BOOK WARN] Crossed book rejected for AAPL: ask 9090.747593 <= best bid 9999.990388
[BOOK WARN] Crossed book rejected for AAPL: ask 9097.710956 <= best bid 9999.990388
[BOOK WARN] Crossed book rejected for AAPL: ask 9104.747378 <= best bid 9999.990388
[BOOK WARN] Crossed book rejected for AAPL: ask 9112.465270 <= best bid 9999.990388
[BOOK WARN] Crossed book rejected for AAPL: ask 9107.084651 <= best bid 9999.990388
[BOOK WARN] Crossed book rejected for AAPL: ask 9084.016112 <= best bid 9999.990388
[BOOK WARN] Crossed book rejected for AAPL: ask 9100.341609 <= best bid 9999.990388
[BOOK WARN] Crossed book rejected for AAPL: ask 9113.926832 <= best bid 9999.990388
[BOOK WARN] Crossed book rejected for AAPL: ask 9120.799786 <= best bid 9999.990388
[BOOK WARN] Crossed book rejected for AAPL: ask 9121.067534 <= best bid 9999.990388
[BOOK WARN] Crossed book rejected for AAPL: ask 9116.047561 <= best bid 9999.990388
[BOOK WARN] Crossed book rejected for AAPL: ask 9124.292977 <= best bid 9999.990388
[BOOK WARN] Crossed book rejected for AAPL: ask 9107.837016 <= best bid 9999.990388
[BOOK WARN] Crossed book rejected for AAPL: ask 9107.808666 <= best bid 9999.990388
[BOOK WARN] Crossed book rejected for AAPL: ask 9104.113795 <= best bid 9999.990388
[BOOK WARN] Crossed book rejected for AAPL: ask 9109.512439 <= best bid 9999.990388
[BOOK WARN] Crossed book rejected for AAPL: ask 9115.357262 <= best bid 9999.990388
[BOOK WARN] Crossed book rejected for AAPL: ask 9108.930562 <= best bid 9999.990388
[BOOK WARN] Crossed book rejected for AAPL: ask 9114.922484 <= best bid 9999.990388
[BOOK WARN] Crossed book rejected for AAPL: ask 9120.534487 <= best bid 9999.990388
[BOOK WARN] Crossed book rejected for AAPL: ask 9117.693347 <= best bid 9999.990388
[BOOK WARN] Crossed book rejected for AAPL: ask 9122.042178 <= best bid 9999.990388
[BOOK WARN] Crossed book rejected for AAPL: ask 9122.078088 <= best bid 9999.990388
[BOOK WARN] Crossed book rejected for AAPL: ask 9109.822727 <= best bid 9999.990388
[BOOK WARN] Crossed book rejected for AAPL: ask 9094.589696 <= best bid 9999.990388
[BOOK WARN] Crossed book rejected for AAPL: ask 9101.282228 <= best bid 9999.990388
[BOOK WARN] Crossed book rejected for AAPL: ask 9100.440828 <= best bid 9999.990388
[BOOK WARN] Crossed book rejected for AAPL: ask 9106.699972 <= best bid 9999.990388
[BOOK WARN] Crossed book rejected for AAPL: ask 9097.963333 <= best bid 9999.990388
[BOOK WARN] Crossed book rejected for AAPL: ask 9099.511030 <= best bid 9999.990388
[BOOK WARN] Crossed book rejected for AAPL: ask 9097.938762 <= best bid 9999.990388
[BOOK WARN] Crossed book rejected for AAPL: ask 9106.378576 <= best bid 9999.990388
[BOOK WARN] Crossed book rejected for AAPL: ask 9102.547903 <= best bid 9999.990388
[BOOK WARN] Crossed book rejected for AAPL: ask 9098.043257 <= best bid 9999.990388
[BOOK WARN] Crossed book rejected for AAPL: ask 9080.134039 <= best bid 9999.990388
[BOOK WARN] Crossed book rejected for AAPL: ask 9087.174804 <= best bid 9999.990388
[BOOK WARN] Crossed book rejected for AAPL: ask 9077.750683 <= best bid 9999.990388
[BOOK WARN] Crossed book rejected for AAPL: ask 9087.910369 <= best bid 9999.990388
[BOOK WARN] Crossed book rejected for AAPL: ask 9096.122055 <= best bid 9999.990388
[BOOK WARN] Crossed book rejected for AAPL: ask 9090.190437 <= best bid 9999.990388
[BOOK WARN] Crossed book rejected for AAPL: ask 9069.399901 <= best bid 9999.990388
[BOOK WARN] Crossed book rejected for AAPL: ask 9060.933281 <= best bid 9999.990388
[BOOK WARN] Crossed book rejected for AAPL: ask 9067.281977 <= best bid 9999.990388
[BOOK WARN] Crossed book rejected for AAPL: ask 9085.552361 <= best bid 9999.990388
[BOOK WARN] Crossed book rejected for AAPL: ask 9083.577468 <= best bid 9999.990388
[BOOK WARN] Crossed book rejected for AAPL: ask 9091.480004 <= best bid 9999.990388
[BOOK WARN] Crossed book rejected for AAPL: ask 9101.546639 <= best bid 9999.990388
[BOOK WARN] Crossed book rejected for AAPL: ask 9089.741967 <= best bid 9999.990388
[BOOK WARN] Crossed book rejected for AAPL: ask 9088.954365 <= best bid 9999.990388
[BOOK WARN] Crossed book rejected for AAPL: ask 9089.380033 <= best bid 9999.990388
[BOOK WARN] Crossed book rejected for AAPL: ask 9070.795289 <= best bid 9999.990388
[BOOK WARN] Crossed book rejected for AAPL: ask 9072.753971 <= best bid 9999.990388
[BOOK WARN] Crossed book rejected for AAPL: ask 9062.575950 <= best bid 9999.990388
[BOOK WARN] Crossed book rejected for AAPL: ask 9068.335860 <= best bid 9999.990388
[BOOK WARN] Crossed book rejected for AAPL: ask 9080.756527 <= best bid 9999.990388
[BOOK WARN] Crossed book rejected for AAPL: ask 9077.690300 <= best bid 9999.990388
[BOOK WARN] Crossed book rejected for AAPL: ask 9074.689121 <= best bid 9999.990388
[BOOK WARN] Crossed book rejected for AAPL: ask 9089.310392 <= best bid 9999.990388
[BOOK WARN] Crossed book rejected for AAPL: ask 9091.418733 <= best bid 9999.990388
[BOOK WARN] Crossed book rejected for AAPL: ask 9088.257924 <= best bid 9999.990388
[BOOK WARN] Crossed book rejected for AAPL: ask 9094.411162 <= best bid 9999.990388
[BOOK WARN] Crossed book rejected for AAPL: ask 9091.454344 <= best bid 9999.990388
[BOOK WARN] Crossed book rejected for AAPL: ask 9079.739445 <= best bid 9999.990388
[BOOK WARN] Crossed book rejected for AAPL: ask 9087.367903 <= best bid 9999.990388
[BOOK WARN] Crossed book rejected for AAPL: ask 9090.673815 <= best bid 9999.990388
[BOOK WARN] Crossed book rejected for AAPL: ask 9089.516747 <= best bid 9999.990388
[BOOK WARN] Crossed book rejected for AAPL: ask 9088.546222 <= best bid 9999.990388
[BOOK WARN] Crossed book rejected for AAPL: ask 9086.503526 <= best bid 9999.990388
[BOOK WARN] Crossed book rejected for AAPL: ask 9091.644857 <= best bid 9999.990388
[BOOK WARN] Crossed book rejected for AAPL: ask 9092.684714 <= best bid 9999.990388
[BOOK WARN] Crossed book rejected for AAPL: ask 9089.848399 <= best bid 9999.990388
[BOOK WARN] Crossed book rejected for AAPL: ask 9096.953978 <= best bid 9999.990388
[BOOK WARN] Crossed book rejected for AAPL: ask 9085.316146 <= best bid 9999.990388
[BOOK WARN] Crossed book rejected for AAPL: ask 9107.829343 <= best bid 9999.990388
[BOOK WARN] Crossed book rejected for AAPL: ask 9127.480883 <= best bid 9999.990388
[BOOK WARN] Crossed book rejected for AAPL: ask 9125.603562 <= best bid 9999.990388
[BOOK WARN] Crossed book rejected for AAPL: ask 9155.284662 <= best bid 9999.990388
[BOOK WARN] Crossed book rejected for AAPL: ask 9160.616313 <= best bid 9999.990388
[BOOK WARN] Crossed book rejected for AAPL: ask 9152.027731 <= best bid 9999.990388
[BOOK WARN] Crossed book rejected for AAPL: ask 9156.561598 <= best bid 9999.990388
[BOOK WARN] Crossed book rejected for AAPL: ask 9156.715457 <= best bid 9999.990388
[BOOK WARN] Crossed book rejected for AAPL: ask 9156.662661 <= best bid 9999.990388
[BOOK WARN] Crossed book rejected for AAPL: ask 9156.754308 <= best bid 9999.990388
[BOOK WARN] Crossed book rejected for AAPL: ask 9166.083544 <= best bid 9999.990388
[BOOK WARN] Crossed book rejected for AAPL: ask 9154.011873 <= best bid 9999.990388
[BOOK WARN] Crossed book rejected for AAPL: ask 9159.437592 <= best bid 9999.990388
[BOOK WARN] Crossed book rejected for AAPL: ask 9153.639460 <= best bid 9999.990388
[BOOK WARN] Crossed book rejected for AAPL: ask 9143.569020 <= best bid 9999.990388
[BOOK WARN] Crossed book rejected for AAPL: ask 9136.632297 <= best bid 9999.990388
[BOOK WARN] Crossed book rejected for AAPL: ask 9136.148564 <= best bid 9999.990388
[BOOK WARN] Crossed book rejected for AAPL: ask 9127.575208 <= best bid 9999.990388
[BOOK WARN] Crossed book rejected for AAPL: ask 9135.813564 <= best bid 9999.990388
[BOOK WARN] Crossed book rejected for AAPL: ask 9140.205594 <= best bid 9999.990388
[BOOK WARN] Crossed book rejected for AAPL: ask 9146.648171 <= best bid 9999.990388
[BOOK WARN] Crossed book rejected for AAPL: ask 9153.931434 <= best bid 9999.990388
[BOOK WARN] Crossed book rejected for AAPL: ask 9160.094662 <= best bid 9999.990388
[BOOK WARN] Crossed book rejected for AAPL: ask 9164.440572 <= best bid 9999.990388
[BOOK WARN] Crossed book rejected for AAPL: ask 9176.996117 <= best bid 9999.990388
[BOOK WARN] Crossed book rejected for AAPL: ask 9185.506666 <= best bid 9999.990388
[BOOK WARN] Crossed book rejected for AAPL: ask 9193.952799 <= best bid 9999.990388
[BOOK WARN] Crossed book rejected for AAPL: ask 9190.320676 <= best bid 9999.990388
[BOOK WARN] Crossed book rejected for AAPL: ask 9190.482721 <= best bid 9999.990388
[BOOK WARN] Crossed book rejected for AAPL: ask 9191.083197 <= best bid 9999.990388
[BOOK WARN] Crossed book rejected for AAPL: ask 9187.891455 <= best bid 9999.990388
[BOOK WARN] Crossed book rejected for AAPL: ask 9187.777783 <= best bid 9999.990388
[BOOK WARN] Crossed book rejected for AAPL: ask 9203.279483 <= best bid 9999.990388
[BOOK WARN] Crossed book rejected for AAPL: ask 9189.508606 <= best bid 9999.990388
[BOOK WARN] Crossed book rejected for AAPL: ask 9185.201234 <= best bid 9999.990388
[BOOK WARN] Crossed book rejected for AAPL: ask 9184.050457 <= best bid 9999.990388
[BOOK WARN] Crossed book rejected for AAPL: ask 9184.843828 <= best bid 9999.990388
[BOOK WARN] Crossed book rejected for AAPL: ask 9170.139270 <= best bid 9999.990388
[BOOK WARN] Crossed book rejected for AAPL: ask 9166.593062 <= best bid 9999.990388
[BOOK WARN] Crossed book rejected for AAPL: ask 9173.254391 <= best bid 9999.990388
[BOOK WARN] Crossed book rejected for AAPL: ask 9180.935053 <= best bid 9999.990388
[BOOK WARN] Crossed book rejected for AAPL: ask 9188.942799 <= best bid 9999.990388
[BOOK WARN] Crossed book rejected for AAPL: ask 9184.452240 <= best bid 9999.990388
[BOOK WARN] Crossed book rejected for AAPL: ask 9181.754958 <= best bid 9999.990388
[BOOK WARN] Crossed book rejected for AAPL: ask 9168.310585 <= best bid 9999.990388
[BOOK WARN] Crossed book rejected for AAPL: ask 9166.349846 <= best bid 9999.990388
[BOOK WARN] Crossed book rejected for AAPL: ask 9163.693799 <= best bid 9999.990388
[BOOK WARN] Crossed book rejected for AAPL: ask 9149.365290 <= best bid 9999.990388
[BOOK WARN] Crossed book rejected for AAPL: ask 9149.387067 <= best bid 9999.990388
[BOOK WARN] Crossed book rejected for AAPL: ask 9165.523988 <= best bid 9999.990388
[BOOK WARN] Crossed book rejected for AAPL: ask 9159.439522 <= best bid 9999.990388
[BOOK WARN] Crossed book rejected for AAPL: ask 9173.260400 <= best bid 9999.990388
[BOOK WARN] Crossed book rejected for AAPL: ask 9171.418416 <= best bid 9999.990388
[BOOK WARN] Crossed book rejected for AAPL: ask 9173.248334 <= best bid 9999.990388
[BOOK WARN] Crossed book rejected for AAPL: ask 9173.431706 <= best bid 9999.990388
[BOOK WARN] Crossed book rejected for AAPL: ask 9196.377779 <= best bid 9999.990388
[BOOK WARN] Crossed book rejected for AAPL: ask 9206.383606 <= best bid 9999.990388
[BOOK WARN] Crossed book rejected for AAPL: ask 9201.022861 <= best bid 9999.990388
[BOOK WARN] Crossed book rejected for AAPL: ask 9204.224898 <= best bid 9999.990388
[BOOK WARN] Crossed book rejected for AAPL: ask 9206.608745 <= best bid 9999.990388
[BOOK WARN] Crossed book rejected for AAPL: ask 9210.186278 <= best bid 9999.990388
[BOOK WARN] Crossed book rejected for AAPL: ask 9213.860757 <= best bid 9999.990388
[BOOK WARN] Crossed book rejected for AAPL: ask 9197.113653 <= best bid 9999.990388
[BOOK WARN] Crossed book rejected for AAPL: ask 9197.585855 <= best bid 9999.990388
[BOOK WARN] Crossed book rejected for AAPL: ask 9202.101246 <= best bid 9999.990388
[BOOK WARN] Crossed book rejected for AAPL: ask 9204.389856 <= best bid 9999.990388
[BOOK WARN] Crossed book rejected for AAPL: ask 9186.647077 <= best bid 9999.990388
[BOOK WARN] Crossed book rejected for AAPL: ask 9185.780538 <= best bid 9999.990388
[BOOK WARN] Crossed book rejected for AAPL: ask 9174.661252 <= best bid 9999.990388
[BOOK WARN] Crossed book rejected for AAPL: ask 9192.848123 <= best bid 9999.990388
[BOOK WARN] Crossed book rejected for AAPL: ask 9189.683726 <= best bid 9999.990388
[BOOK WARN] Crossed book rejected for AAPL: ask 9181.387797 <= best bid 9999.990388
[BOOK WARN] Crossed book rejected for AAPL: ask 9175.814710 <= best bid 9999.990388
[BOOK WARN] Crossed book rejected for AAPL: ask 9171.823462 <= best bid 9999.990388
[BOOK WARN] Crossed book rejected for AAPL: ask 9185.753903 <= best bid 9999.990388
[BOOK WARN] Crossed book rejected for AAPL: ask 9188.558487 <= best bid 9999.990388
[BOOK WARN] Crossed book rejected for AAPL: ask 9198.939791 <= best bid 9999.990388
[BOOK WARN] Crossed book rejected for AAPL: ask 9212.074641 <= best bid 9999.990388
[BOOK WARN] Crossed book rejected for AAPL: ask 9223.492970 <= best bid 9999.990388
[BOOK WARN] Crossed book rejected for AAPL: ask 9222.923915 <= best bid 9999.990388
[BOOK WARN] Crossed book rejected for AAPL: ask 9221.134856 <= best bid 9999.990388
[BOOK WARN] Crossed book rejected for AAPL: ask 9216.704503 <= best bid 9999.990388
[BOOK WARN] Crossed book rejected for AAPL: ask 9212.411784 <= best bid 9999.990388
[BOOK WARN] Crossed book rejected for AAPL: ask 9214.641862 <= best bid 9999.990388
[BOOK WARN] Crossed book rejected for AAPL: ask 9209.527252 <= best bid 9999.990388
[BOOK WARN] Crossed book rejected for AAPL: ask 9194.235612 <= best bid 9999.990388
[BOOK WARN] Crossed book rejected for AAPL: ask 9190.544718 <= best bid 9999.990388
[BOOK WARN] Crossed book rejected for AAPL: ask 9192.308253 <= best bid 9999.990388
[BOOK WARN] Crossed book rejected for AAPL: ask 9197.892126 <= best bid 9999.990388
[BOOK WARN] Crossed book rejected for AAPL: ask 9202.282844 <= best bid 9999.990388
[BOOK WARN] Crossed book rejected for AAPL: ask 9194.148731 <= best bid 9999.990388
[BOOK WARN] Crossed book rejected for AAPL: ask 9201.523764 <= best bid 9999.990388
[BOOK WARN] Crossed book rejected for AAPL: ask 9195.028775 <= best bid 9999.990388
[BOOK WARN] Crossed book rejected for AAPL: ask 9190.026376 <= best bid 9999.990388
[BOOK WARN] Crossed book rejected for AAPL: ask 9199.201685 <= best bid 9999.990388
[BOOK WARN] Crossed book rejected for AAPL: ask 9201.938405 <= best bid 9999.990388
[BOOK WARN] Crossed book rejected for AAPL: ask 9206.709728 <= best bid 9999.990388
[BOOK WARN] Crossed book rejected for AAPL: ask 9221.625757 <= best bid 9999.990388
[BOOK WARN] Crossed book rejected for AAPL: ask 9232.973066 <= best bid 9999.990388
[BOOK WARN] Crossed book rejected for AAPL: ask 9240.569643 <= best bid 9999.990388
[BOOK WARN] Crossed book rejected for AAPL: ask 9238.464648 <= best bid 9999.990388
[BOOK WARN] Crossed book rejected for AAPL: ask 9230.713729 <= best bid 9999.990388
[BOOK WARN] Crossed book rejected for AAPL: ask 9218.874866 <= best bid 9999.990388
[BOOK WARN] Crossed book rejected for AAPL: ask 9244.482958 <= best bid 9999.990388
[BOOK WARN] Crossed book rejected for AAPL: ask 9250.718860 <= best bid 9999.990388
[BOOK WARN] Crossed book rejected for AAPL: ask 9247.053382 <= best bid 9999.990388
[BOOK WARN] Crossed book rejected for AAPL: ask 9252.963863 <= best bid 9999.990388
[BOOK WARN] Crossed book rejected for AAPL: ask 9259.506478 <= best bid 9999.990388
[BOOK WARN] Crossed book rejected for AAPL: ask 9257.626167 <= best bid 9999.990388
[BOOK WARN] Crossed book rejected for AAPL: ask 9254.333772 <= best bid 9999.990388
[BOOK WARN] Crossed book rejected for AAPL: ask 9259.537408 <= best bid 9999.990388
[BOOK WARN] Crossed book rejected for AAPL: ask 9262.468677 <= best bid 9999.990388
[BOOK WARN] Crossed book rejected for AAPL: ask 9280.622956 <= best bid 9999.990388
[BOOK WARN] Crossed book rejected for AAPL: ask 9283.393810 <= best bid 9999.990388
[BOOK WARN] Crossed book rejected for AAPL: ask 9290.754273 <= best bid 9999.990388
[BOOK WARN] Crossed book rejected for AAPL: ask 9289.577895 <= best bid 9999.990388
[BOOK WARN] Crossed book rejected for AAPL: ask 9279.466733 <= best bid 9999.990388
[BOOK WARN] Crossed book rejected for AAPL: ask 9278.906954 <= best bid 9999.990388
[BOOK WARN] Crossed book rejected for AAPL: ask 9266.724078 <= best bid 9999.990388
[BOOK WARN] Crossed book rejected for AAPL: ask 9258.974765 <= best bid 9999.990388
[BOOK WARN] Crossed book rejected for AAPL: ask 9268.493709 <= best bid 9999.990388
[BOOK WARN] Crossed book rejected for AAPL: ask 9270.655749 <= best bid 9999.990388
[BOOK WARN] Crossed book rejected for AAPL: ask 9263.506207 <= best bid 9999.990388
[BOOK WARN] Crossed book rejected for AAPL: ask 9252.467354 <= best bid 9999.990388
[BOOK WARN] Crossed book rejected for AAPL: ask 9238.091813 <= best bid 9999.990388
[BOOK WARN] Crossed book rejected for AAPL: ask 9236.364501 <= best bid 9999.990388
[BOOK WARN] Crossed book rejected for AAPL: ask 9239.007582 <= best bid 9999.990388
[BOOK WARN] Crossed book rejected for AAPL: ask 9220.293446 <= best bid 9999.990388
[BOOK WARN] Crossed book rejected for AAPL: ask 9209.695864 <= best bid 9999.990388
[BOOK WARN] Crossed book rejected for AAPL: ask 9203.356597 <= best bid 9999.990388
[BOOK WARN] Crossed book rejected for AAPL: ask 9209.542295 <= best bid 9999.990388
[BOOK WARN] Crossed book rejected for AAPL: ask 9197.410546 <= best bid 9999.990388
[BOOK WARN] Crossed book rejected for AAPL: ask 9187.570003 <= best bid 9999.990388
[BOOK WARN] Crossed book rejected for AAPL: ask 9178.388293 <= best bid 9999.990388
[BOOK WARN] Crossed book rejected for AAPL: ask 9184.662985 <= best bid 9999.990388
[BOOK WARN] Crossed book rejected for AAPL: ask 9171.923591 <= best bid 9999.990388
[BOOK WARN] Crossed book rejected for AAPL: ask 9176.853782 <= best bid 9999.990388
[BOOK WARN] Crossed book rejected for AAPL: ask 9174.577176 <= best bid 9999.990388
[BOOK WARN] Crossed book rejected for AAPL: ask 9176.398582 <= best bid 9999.990388
[BOOK WARN] Crossed book rejected for AAPL: ask 9172.155846 <= best bid 9999.990388
[BOOK WARN] Crossed book rejected for AAPL: ask 9160.053523 <= best bid 9999.990388
[BOOK WARN] Crossed book rejected for AAPL: ask 9168.794082 <= best bid 9999.990388
[BOOK WARN] Crossed book rejected for AAPL: ask 9159.713650 <= best bid 9999.990388
[BOOK WARN] Crossed book rejected for AAPL: ask 9157.464167 <= best bid 9999.990388
[BOOK WARN] Crossed book rejected for AAPL: ask 9154.974241 <= best bid 9999.990388
[BOOK WARN] Crossed book rejected for AAPL: ask 9143.029380 <= best bid 9999.990388
[BOOK WARN] Crossed book rejected for AAPL: ask 9157.416872 <= best bid 9999.990388
[BOOK WARN] Crossed book rejected for AAPL: ask 9152.498785 <= best bid 9999.990388
[BOOK WARN] Crossed book rejected for AAPL: ask 9142.297641 <= best bid 9999.990388
[BOOK WARN] Crossed book rejected for AAPL: ask 9153.083424 <= best bid 9999.990388
[BOOK WARN] Crossed book rejected for AAPL: ask 9140.653234 <= best bid 9999.990388
[BOOK WARN] Crossed book rejected for AAPL: ask 9138.819345 <= best bid 9999.990388
[BOOK WARN] Crossed book rejected for AAPL: ask 9142.935176 <= best bid 9999.990388
[BOOK WARN] Crossed book rejected for AAPL: ask 9155.661857 <= best bid 9999.990388
[BOOK WARN] Crossed book rejected for AAPL: ask 9146.171325 <= best bid 9999.990388
[BOOK WARN] Crossed book rejected for AAPL: ask 9151.811265 <= best bid 9999.990388
[BOOK WARN] Crossed book rejected for AAPL: ask 9142.438152 <= best bid 9999.990388
[BOOK WARN] Crossed book rejected for AAPL: ask 9140.170249 <= best bid 9999.990388
[BOOK WARN] Crossed book rejected for AAPL: ask 9136.298598 <= best bid 9999.990388
[BOOK WARN] Crossed book rejected for AAPL: ask 9140.674979 <= best bid 9999.990388
[BOOK WARN] Crossed book rejected for AAPL: ask 9134.773195 <= best bid 9999.990388
[BOOK WARN] Crossed book rejected for AAPL: ask 9125.400533 <= best bid 9999.990388
[BOOK WARN] Crossed book rejected for AAPL: ask 9117.298457 <= best bid 9999.990388
[BOOK WARN] Crossed book rejected for AAPL: ask 9112.553738 <= best bid 9999.990388
[BOOK WARN] Crossed book rejected for AAPL: ask 9112.086804 <= best bid 9999.990388
[BOOK WARN] Crossed book rejected for AAPL: ask 9105.338934 <= best bid 9999.990388
[BOOK WARN] Crossed book rejected for AAPL: ask 9105.957852 <= best bid 9999.990388
[BOOK WARN] Crossed book rejected for AAPL: ask 9101.896295 <= best bid 9999.990388
[BOOK WARN] Crossed book rejected for AAPL: ask 9102.095054 <= best bid 9999.990388
[BOOK WARN] Crossed book rejected for AAPL: ask 9099.790629 <= best bid 9999.990388
[BOOK WARN] Crossed book rejected for AAPL: ask 9092.004863 <= best bid 9999.990388
[BOOK WARN] Crossed book rejected for AAPL: ask 9100.527465 <= best bid 9999.990388
[BOOK WARN] Crossed book rejected for AAPL: ask 9097.570297 <= best bid 9999.990388
[BOOK WARN] Crossed book rejected for AAPL: ask 9096.182362 <= best bid 9999.990388
[BOOK WARN] Crossed book rejected for AAPL: ask 9103.176050 <= best bid 9999.990388
[BOOK WARN] Crossed book rejected for AAPL: ask 9088.074996 <= best bid 9999.990388
[BOOK WARN] Crossed book rejected for AAPL: ask 9082.123377 <= best bid 9999.990388
[BOOK WARN] Crossed book rejected for AAPL: ask 9071.671493 <= best bid 9999.990388
[BOOK WARN] Crossed book rejected for AAPL: ask 9072.646162 <= best bid 9999.990388
[BOOK WARN] Crossed book rejected for AAPL: ask 9059.802759 <= best bid 9999.990388
[BOOK WARN] Crossed book rejected for AAPL: ask 9046.152694 <= best bid 9999.990388
[BOOK WARN] Crossed book rejected for AAPL: ask 9055.952414 <= best bid 9999.990388
[BOOK WARN] Crossed book rejected for AAPL: ask 9047.399971 <= best bid 9999.990388
[BOOK WARN] Crossed book rejected for AAPL: ask 9037.165203 <= best bid 9999.990388
[BOOK WARN] Crossed book rejected for AAPL: ask 9038.169416 <= best bid 9999.990388
[BOOK WARN] Crossed book rejected for AAPL: ask 9033.229376 <= best bid 9999.990388
[BOOK WARN] Crossed book rejected for AAPL: ask 9026.366676 <= best bid 9999.990388
[BOOK WARN] Crossed book rejected for AAPL: ask 9034.555198 <= best bid 9999.990388
[BOOK WARN] Crossed book rejected for AAPL: ask 9040.187008 <= best bid 9999.990388
[BOOK WARN] Crossed book rejected for AAPL: ask 9040.461149 <= best bid 9999.990388
[BOOK WARN] Crossed book rejected for AAPL: ask 9044.123416 <= best bid 9999.990388
[BOOK WARN] Crossed book rejected for AAPL: ask 9048.872082 <= best bid 9999.990388
[BOOK WARN] Crossed book rejected for AAPL: ask 9049.289876 <= best bid 9999.990388
[BOOK WARN] Crossed book rejected for AAPL: ask 9058.149413 <= best bid 9999.990388
[BOOK WARN] Crossed book rejected for AAPL: ask 9054.961184 <= best bid 9999.990388
[BOOK WARN] Crossed book rejected for AAPL: ask 9056.498479 <= best bid 9999.990388
[BOOK WARN] Crossed book rejected for AAPL: ask 9070.141393 <= best bid 9999.990388
[BOOK WARN] Crossed book rejected for AAPL: ask 9069.359046 <= best bid 9999.990388
[BOOK WARN] Crossed book rejected for AAPL: ask 9062.871291 <= best bid 9999.990388
[BOOK WARN] Crossed book rejected for AAPL: ask 9055.347697 <= best bid 9999.990388
[BOOK WARN] Crossed book rejected for AAPL: ask 9061.936897 <= best bid 9999.990388
[BOOK WARN] Crossed book rejected for AAPL: ask 9056.607503 <= best bid 9999.990388
[BOOK WARN] Crossed book rejected for AAPL: ask 9064.703560 <= best bid 9999.990388
[BOOK WARN] Crossed book rejected for AAPL: ask 9053.703489 <= best bid 9999.990388
[BOOK WARN] Crossed book rejected for AAPL: ask 9048.155105 <= best bid 9999.990388
[BOOK WARN] Crossed book rejected for AAPL: ask 9038.158803 <= best bid 9999.990388
[BOOK WARN] Crossed book rejected for AAPL: ask 9043.234038 <= best bid 9999.990388
[BOOK WARN] Crossed book rejected for AAPL: ask 9042.593531 <= best bid 9999.990388
[BOOK WARN] Crossed book rejected for AAPL: ask 9034.407255 <= best bid 9999.990388
[BOOK WARN] Crossed book rejected for AAPL: ask 9023.829356 <= best bid 9999.990388
[BOOK WARN] Crossed book rejected for AAPL: ask 9026.337036 <= best bid 9999.990388
[BOOK WARN] Crossed book rejected for AAPL: ask 9033.892706 <= best bid 9999.990388
[BOOK WARN] Crossed book rejected for AAPL: ask 9055.822930 <= best bid 9999.990388
[BOOK WARN] Crossed book rejected for AAPL: ask 9065.594751 <= best bid 9999.990388
[BOOK WARN] Crossed book rejected for AAPL: ask 9077.855011 <= best bid 9999.990388
[BOOK WARN] Crossed book rejected for AAPL: ask 9088.673738 <= best bid 9999.990388
[BOOK WARN] Crossed book rejected for AAPL: ask 9092.838233 <= best bid 9999.990388
[BOOK WARN] Crossed book rejected for AAPL: ask 9095.954403 <= best bid 9999.990388
[BOOK WARN] Crossed book rejected for AAPL: ask 9099.809727 <= best bid 9999.990388
[BOOK WARN] Crossed book rejected for AAPL: ask 9103.316387 <= best bid 9999.990388
[BOOK WARN] Crossed book rejected for AAPL: ask 9096.536636 <= best bid 9999.990388
[BOOK WARN] Crossed book rejected for AAPL: ask 9094.630003 <= best bid 9999.990388
[BOOK WARN] Crossed book rejected for AAPL: ask 9105.094430 <= best bid 9999.990388
[BOOK WARN] Crossed book rejected for AAPL: ask 9097.102665 <= best bid 9999.990388
[BOOK WARN] Crossed book rejected for AAPL: ask 9094.628033 <= best bid 9999.990388
[BOOK WARN] Crossed book rejected for AAPL: ask 9082.171482 <= best bid 9999.990388
[BOOK WARN] Crossed book rejected for AAPL: ask 9074.262654 <= best bid 9999.990388
[BOOK WARN] Crossed book rejected for AAPL: ask 9088.663617 <= best bid 9999.990388
[BOOK WARN] Crossed book rejected for AAPL: ask 9090.807258 <= best bid 9999.990388
[BOOK WARN] Crossed book rejected for AAPL: ask 9094.057080 <= best bid 9999.990388
[BOOK WARN] Crossed book rejected for AAPL: ask 9097.308339 <= best bid 9999.990388
[BOOK WARN] Crossed book rejected for AAPL: ask 9093.762950 <= best bid 9999.990388
[BOOK WARN] Crossed book rejected for AAPL: ask 9101.081232 <= best bid 9999.990388
[BOOK WARN] Crossed book rejected for AAPL: ask 9098.863101 <= best bid 9999.990388
[BOOK WARN] Crossed book rejected for AAPL: ask 9104.641703 <= best bid 9999.990388
[BOOK WARN] Crossed book rejected for AAPL: ask 9099.138018 <= best bid 9999.990388
[BOOK WARN] Crossed book rejected for AAPL: ask 9113.042987 <= best bid 9999.990388
[BOOK WARN] Crossed book rejected for AAPL: ask 9108.444728 <= best bid 9999.990388
[BOOK WARN] Crossed book rejected for AAPL: ask 9109.350113 <= best bid 9999.990388
[BOOK WARN] Crossed book rejected for AAPL: ask 9101.218100 <= best bid 9999.990388
[BOOK WARN] Crossed book rejected for AAPL: ask 9102.905290 <= best bid 9999.990388
[BOOK WARN] Crossed book rejected for AAPL: ask 9102.243339 <= best bid 9999.990388
[BOOK WARN] Crossed book rejected for AAPL: ask 9113.107709 <= best bid 9999.990388
[BOOK WARN] Crossed book rejected for AAPL: ask 9110.843538 <= best bid 9999.990388
[BOOK WARN] Crossed book rejected for AAPL: ask 9104.691959 <= best bid 9999.990388
[BOOK WARN] Crossed book rejected for AAPL: ask 9091.530513 <= best bid 9999.990388
[BOOK WARN] Crossed book rejected for AAPL: ask 9087.143845 <= best bid 9999.990388
[BOOK WARN] Crossed book rejected for AAPL: ask 9073.879079 <= best bid 9999.990388
[BOOK WARN] Crossed book rejected for AAPL: ask 9065.953241 <= best bid 9999.990388
[BOOK WARN] Crossed book rejected for AAPL: ask 9069.709391 <= best bid 9999.990388
[BOOK WARN] Crossed book rejected for AAPL: ask 9059.907173 <= best bid 9999.990388
[BOOK WARN] Crossed book rejected for AAPL: ask 9055.034826 <= best bid 9999.990388
[BOOK WARN] Crossed book rejected for AAPL: ask 9038.349926 <= best bid 9999.990388
[BOOK WARN] Crossed book rejected for AAPL: ask 9034.346296 <= best bid 9999.990388
[BOOK WARN] Crossed book rejected for AAPL: ask 9036.734844 <= best bid 9999.990388
[BOOK WARN] Crossed book rejected for AAPL: ask 9039.626114 <= best bid 9999.990388
[BOOK WARN] Crossed book rejected for AAPL: ask 9028.281129 <= best bid 9999.990388
[BOOK WARN] Crossed book rejected for AAPL: ask 9034.680306 <= best bid 9999.990388
[BOOK WARN] Crossed book rejected for AAPL: ask 9030.932465 <= best bid 9999.990388
[BOOK WARN] Crossed book rejected for AAPL: ask 9024.061356 <= best bid 9999.990388
[BOOK WARN] Crossed book rejected for AAPL: ask 9039.227100 <= best bid 9999.990388
[BOOK WARN] Crossed book rejected for AAPL: ask 9031.587170 <= best bid 9999.990388
[BOOK WARN] Crossed book rejected for AAPL: ask 9026.483542 <= best bid 9999.990388
[BOOK WARN] Crossed book rejected for AAPL: ask 9031.915873 <= best bid 9999.990388
[BOOK WARN] Crossed book rejected for AAPL: ask 9036.856802 <= best bid 9999.990388
[BOOK WARN] Crossed book rejected for AAPL: ask 9042.309720 <= best bid 9999.990388
[BOOK WARN] Crossed book rejected for AAPL: ask 9047.576749 <= best bid 9999.990388
[BOOK WARN] Crossed book rejected for AAPL: ask 9042.641805 <= best bid 9999.990388
[BOOK WARN] Crossed book rejected for AAPL: ask 9053.466118 <= best bid 9999.990388
[BOOK WARN] Crossed book rejected for AAPL: ask 9052.597393 <= best bid 9999.990388
[BOOK WARN] Crossed book rejected for AAPL: ask 9054.640866 <= best bid 9999.990388
[BOOK WARN] Crossed book rejected for AAPL: ask 9054.477083 <= best bid 9999.990388
[BOOK WARN] Crossed book rejected for AAPL: ask 9066.618447 <= best bid 9999.990388
[BOOK WARN] Crossed book rejected for AAPL: ask 9071.976075 <= best bid 9999.990388
[BOOK WARN] Crossed book rejected for AAPL: ask 9059.656780 <= best bid 9999.990388
[BOOK WARN] Crossed book rejected for AAPL: ask 9044.453441 <= best bid 9999.990388
[BOOK WARN] Crossed book rejected for AAPL: ask 9050.598082 <= best bid 9999.990388
[BOOK WARN] Crossed book rejected for AAPL: ask 9034.806067 <= best bid 9999.990388
[BOOK WARN] Crossed book rejected for AAPL: ask 9036.838973 <= best bid 9999.990388
[BOOK WARN] Crossed book rejected for AAPL: ask 9046.663047 <= best bid 9999.990388
[BOOK WARN] Crossed book rejected for AAPL: ask 9051.827253 <= best bid 9999.990388
[BOOK WARN] Crossed book rejected for AAPL: ask 9030.339486 <= best bid 9999.990388
[BOOK WARN] Crossed book rejected for AAPL: ask 9031.810314 <= best bid 9999.990388
[BOOK WARN] Crossed book rejected for AAPL: ask 9034.346026 <= best bid 9999.990388
[BOOK WARN] Crossed book rejected for AAPL: ask 9036.812748 <= best bid 9999.990388
[BOOK WARN] Crossed book rejected for AAPL: ask 9028.678702 <= best bid 9999.990388
[BOOK WARN] Crossed book rejected for AAPL: ask 9027.255251 <= best bid 9999.990388
[BOOK WARN] Crossed book rejected for AAPL: ask 9012.155626 <= best bid 9999.990388
[BOOK WARN] Crossed book rejected for AAPL: ask 8999.968741 <= best bid 9999.990388
[BOOK WARN] Crossed book rejected for AAPL: ask 8995.339690 <= best bid 9999.990388
[BOOK WARN] Crossed book rejected for AAPL: ask 8992.549482 <= best bid 9999.990388
[BOOK WARN] Crossed book rejected for AAPL: ask 8990.996071 <= best bid 9999.990388
[BOOK WARN] Crossed book rejected for AAPL: ask 8998.241832 <= best bid 9999.990388
[BOOK WARN] Crossed book rejected for AAPL: ask 8996.607930 <= best bid 9999.990388
[BOOK WARN] Crossed book rejected for AAPL: ask 8995.421154 <= best bid 9999.990388
[BOOK WARN] Crossed book rejected for AAPL: ask 8990.829251 <= best bid 9999.990388
[BOOK WARN] Crossed book rejected for AAPL: ask 8979.896380 <= best bid 9999.990388
[BOOK WARN] Crossed book rejected for AAPL: ask 8988.639450 <= best bid 9999.990388
[BOOK WARN] Crossed book rejected for AAPL: ask 8981.419465 <= best bid 9999.990388
[BOOK WARN] Crossed book rejected for AAPL: ask 8986.308427 <= best bid 9999.990388
[BOOK WARN] Crossed book rejected for AAPL: ask 8988.736047 <= best bid 9999.990388
[BOOK WARN] Crossed book rejected for AAPL: ask 9000.866841 <= best bid 9999.990388
[BOOK WARN] Crossed book rejected for AAPL: ask 9006.606924 <= best bid 9999.990388
[BOOK WARN] Crossed book rejected for AAPL: ask 8999.332521 <= best bid 9999.990388
[BOOK WARN] Crossed book rejected for AAPL: ask 9000.022119 <= best bid 9999.990388
[BOOK WARN] Crossed book rejected for AAPL: ask 9000.717359 <= best bid 9999.990388
[BOOK WARN] Crossed book rejected for AAPL: ask 8996.290716 <= best bid 9999.990388
[BOOK WARN] Crossed book rejected for AAPL: ask 8989.905156 <= best bid 9999.990388
[BOOK WARN] Crossed book rejected for AAPL: ask 8969.869265 <= best bid 9999.990388
[BOOK WARN] Crossed book rejected for AAPL: ask 8952.495911 <= best bid 9999.990388
[BOOK WARN] Crossed book rejected for AAPL: ask 8957.501485 <= best bid 9999.990388
[BOOK WARN] Crossed book rejected for AAPL: ask 8975.339510 <= best bid 9999.990388
[BOOK WARN] Crossed book rejected for AAPL: ask 8980.582193 <= best bid 9999.990388
[BOOK WARN] Crossed book rejected for AAPL: ask 8992.263261 <= best bid 9999.990388
[BOOK WARN] Crossed book rejected for AAPL: ask 8983.116404 <= best bid 9999.990388
[BOOK WARN] Crossed book rejected for AAPL: ask 8978.023692 <= best bid 9999.990388
[BOOK WARN] Crossed book rejected for AAPL: ask 8976.329093 <= best bid 9999.990388
[BOOK WARN] Crossed book rejected for AAPL: ask 8976.622242 <= best bid 9999.990388
[BOOK WARN] Crossed book rejected for AAPL: ask 8994.686146 <= best bid 9999.990388
[BOOK WARN] Crossed book rejected for AAPL: ask 8980.493899 <= best bid 9999.990388
[BOOK WARN] Crossed book rejected for AAPL: ask 8982.188350 <= best bid 9999.990388
[BOOK WARN] Crossed book rejected for AAPL: ask 8995.409468 <= best bid 9999.990388
[BOOK WARN] Crossed book rejected for AAPL: ask 9000.170794 <= best bid 9999.990388
[BOOK WARN] Crossed book rejected for AAPL: ask 9017.158594 <= best bid 9999.990388
[BOOK WARN] Crossed book rejected for AAPL: ask 9027.137382 <= best bid 9999.990388
[BOOK WARN] Crossed book rejected for AAPL: ask 9016.085440 <= best bid 9999.990388
[BOOK WARN] Crossed book rejected for AAPL: ask 9019.239096 <= best bid 9999.990388
[BOOK WARN] Crossed book rejected for AAPL: ask 9020.789894 <= best bid 9999.990388
[BOOK WARN] Crossed book rejected for AAPL: ask 9021.469947 <= best bid 9999.990388
[BOOK WARN] Crossed book rejected for AAPL: ask 9024.200253 <= best bid 9999.990388
[BOOK WARN] Crossed book rejected for AAPL: ask 9023.240391 <= best bid 9999.990388
[BOOK WARN] Crossed book rejected for AAPL: ask 9015.376892 <= best bid 9999.990388
[BOOK WARN] Crossed book rejected for AAPL: ask 9024.381101 <= best bid 9999.990388
[BOOK WARN] Crossed book rejected for AAPL: ask 9022.439313 <= best bid 9999.990388
[BOOK WARN] Crossed book rejected for AAPL: ask 9017.257470 <= best bid 9999.990388
[BOOK WARN] Crossed book rejected for AAPL: ask 9022.603454 <= best bid 9999.990388
[BOOK WARN] Crossed book rejected for AAPL: ask 9023.598457 <= best bid 9999.990388
[BOOK WARN] Crossed book rejected for AAPL: ask 9020.920531 <= best bid 9999.990388
[BOOK WARN] Crossed book rejected for AAPL: ask 9040.774704 <= best bid 9999.990388
[BOOK WARN] Crossed book rejected for AAPL: ask 9033.916683 <= best bid 9999.990388
[BOOK WARN] Crossed book rejected for AAPL: ask 9034.101961 <= best bid 9999.990388
[BOOK WARN] Crossed book rejected for AAPL: ask 9035.959285 <= best bid 9999.990388
[BOOK WARN] Crossed book rejected for AAPL: ask 9044.290502 <= best bid 9999.990388
[BOOK WARN] Crossed book rejected for AAPL: ask 9049.804118 <= best bid 9999.990388
[BOOK WARN] Crossed book rejected for AAPL: ask 9049.915544 <= best bid 9999.990388
[BOOK WARN] Crossed book rejected for AAPL: ask 9034.141802 <= best bid 9999.990388
[BOOK WARN] Crossed book rejected for AAPL: ask 9037.853757 <= best bid 9999.990388
[BOOK WARN] Crossed book rejected for AAPL: ask 9029.885059 <= best bid 9999.990388
[BOOK WARN] Crossed book rejected for AAPL: ask 9029.151283 <= best bid 9999.990388
[BOOK WARN] Crossed book rejected for AAPL: ask 9005.303663 <= best bid 9999.990388
[BOOK WARN] Crossed book rejected for AAPL: ask 9013.545572 <= best bid 9999.990388
[BOOK WARN] Crossed book rejected for AAPL: ask 9018.182759 <= best bid 9999.990388
[BOOK WARN] Crossed book rejected for AAPL: ask 9032.695103 <= best bid 9999.990388
[BOOK WARN] Crossed book rejected for AAPL: ask 9029.201037 <= best bid 9999.990388
[BOOK WARN] Crossed book rejected for AAPL: ask 9011.863827 <= best bid 9999.990388
[BOOK WARN] Crossed book rejected for AAPL: ask 9003.852530 <= best bid 9999.990388
[BOOK WARN] Crossed book rejected for AAPL: ask 9019.495469 <= best bid 9999.990388
[BOOK WARN] Crossed book rejected for AAPL: ask 9032.670511 <= best bid 9999.990388
[BOOK WARN] Crossed book rejected for AAPL: ask 9026.466189 <= best bid 9999.990388
[BOOK WARN] Crossed book rejected for AAPL: ask 9034.046238 <= best bid 9999.990388
[BOOK WARN] Crossed book rejected for AAPL: ask 9040.967748 <= best bid 9999.990388
[BOOK WARN] Crossed book rejected for AAPL: ask 9045.963294 <= best bid 9999.990388
[BOOK WARN] Crossed book rejected for AAPL: ask 9037.156224 <= best bid 9999.990388
[BOOK WARN] Crossed book rejected for AAPL: ask 9037.094750 <= best bid 9999.990388
[BOOK WARN] Crossed book rejected for AAPL: ask 9031.506866 <= best bid 9999.990388
[BOOK WARN] Crossed book rejected for AAPL: ask 9028.156502 <= best bid 9999.990388
[BOOK WARN] Crossed book rejected for AAPL: ask 9027.239492 <= best bid 9999.990388
[BOOK WARN] Crossed book rejected for AAPL: ask 9023.856885 <= best bid 9999.990388
[BOOK WARN] Crossed book rejected for AAPL: ask 9041.045211 <= best bid 9999.990388
[BOOK WARN] Crossed book rejected for AAPL: ask 9020.877308 <= best bid 9999.990388
[BOOK WARN] Crossed book rejected for AAPL: ask 9021.364999 <= best bid 9999.990388
[BOOK WARN] Crossed book rejected for AAPL: ask 9016.703518 <= best bid 9999.990388
[BOOK WARN] Crossed book rejected for AAPL: ask 8998.373923 <= best bid 9999.990388
[BOOK WARN] Crossed book rejected for AAPL: ask 8995.678988 <= best bid 9999.990388
[BOOK WARN] Crossed book rejected for AAPL: ask 8990.318344 <= best bid 9999.990388
[BOOK WARN] Crossed book rejected for AAPL: ask 8972.367048 <= best bid 9999.990388
[BOOK WARN] Crossed book rejected for AAPL: ask 8956.926761 <= best bid 9999.990388
[BOOK WARN] Crossed book rejected for AAPL: ask 8950.686136 <= best bid 9999.990388
[BOOK WARN] Crossed book rejected for AAPL: ask 8945.107893 <= best bid 9999.990388
[BOOK WARN] Crossed book rejected for AAPL: ask 8929.748297 <= best bid 9999.990388
[BOOK WARN] Crossed book rejected for AAPL: ask 8941.607106 <= best bid 9999.990388
[BOOK WARN] Crossed book rejected for AAPL: ask 8937.952952 <= best bid 9999.990388
[BOOK WARN] Crossed book rejected for AAPL: ask 8956.659878 <= best bid 9999.990388
[BOOK WARN] Crossed book rejected for AAPL: ask 8962.797713 <= best bid 9999.990388
[BOOK WARN] Crossed book rejected for AAPL: ask 8947.605015 <= best bid 9999.990388
[BOOK WARN] Crossed book rejected for AAPL: ask 8950.664651 <= best bid 9999.990388
[BOOK WARN] Crossed book rejected for AAPL: ask 8956.443706 <= best bid 9999.990388
[BOOK WARN] Crossed book rejected for AAPL: ask 8960.964180 <= best bid 9999.990388
[BOOK WARN] Crossed book rejected for AAPL: ask 8958.779390 <= best bid 9999.990388
[BOOK WARN] Crossed book rejected for AAPL: ask 8957.691184 <= best bid 9999.990388
[BOOK WARN] Crossed book rejected for AAPL: ask 8948.963740 <= best bid 9999.990388
[BOOK WARN] Crossed book rejected for AAPL: ask 8954.460911 <= best bid 9999.990388
[BOOK WARN] Crossed book rejected for AAPL: ask 8953.774402 <= best bid 9999.990388
[BOOK WARN] Crossed book rejected for AAPL: ask 8964.600159 <= best bid 9999.990388
[BOOK WARN] Crossed book rejected for AAPL: ask 8970.482256 <= best bid 9999.990388
[BOOK WARN] Crossed book rejected for AAPL: ask 8957.541826 <= best bid 9999.990388
[BOOK WARN] Crossed book rejected for AAPL: ask 8967.578778 <= best bid 9999.990388
[BOOK WARN] Crossed book rejected for AAPL: ask 8972.289181 <= best bid 9999.990388
[BOOK WARN] Crossed book rejected for AAPL: ask 8971.225219 <= best bid 9999.990388
[BOOK WARN] Crossed book rejected for AAPL: ask 8983.413500 <= best bid 9999.990388
[BOOK WARN] Crossed book rejected for AAPL: ask 9003.798389 <= best bid 9999.990388
[BOOK WARN] Crossed book rejected for AAPL: ask 8997.135231 <= best bid 9999.990388
[BOOK WARN] Crossed book rejected for AAPL: ask 8988.730667 <= best bid 9999.990388
[BOOK WARN] Crossed book rejected for AAPL: ask 9001.022109 <= best bid 9999.990388
[BOOK WARN] Crossed book rejected for AAPL: ask 9000.231451 <= best bid 9999.990388
[BOOK WARN] Crossed book rejected for AAPL: ask 8999.277233 <= best bid 9999.990388
[BOOK WARN] Crossed book rejected for AAPL: ask 8988.910189 <= best bid 9999.990388
[BOOK WARN] Crossed book rejected for AAPL: ask 9006.472586 <= best bid 9999.990388
[BOOK WARN] Crossed book rejected for AAPL: ask 9018.500013 <= best bid 9999.990388
[BOOK WARN] Crossed book rejected for AAPL: ask 9014.789009 <= best bid 9999.990388
[BOOK WARN] Crossed book rejected for AAPL: ask 9010.719389 <= best bid 9999.990388
[BOOK WARN] Crossed book rejected for AAPL: ask 9007.697610 <= best bid 9999.990388
[BOOK WARN] Crossed book rejected for AAPL: ask 9012.378700 <= best bid 9999.990388
[BOOK WARN] Crossed book rejected for AAPL: ask 9005.046977 <= best bid 9999.990388
[BOOK WARN] Crossed book rejected for AAPL: ask 9003.286374 <= best bid 9999.990388
[BOOK WARN] Crossed book rejected for AAPL: ask 8993.925354 <= best bid 9999.990388
[BOOK WARN] Crossed book rejected for AAPL: ask 8996.847226 <= best bid 9999.990388
[BOOK WARN] Crossed book rejected for AAPL: ask 8987.672601 <= best bid 9999.990388
[BOOK WARN] Crossed book rejected for AAPL: ask 8989.628922 <= best bid 9999.990388
[BOOK WARN] Crossed book rejected for AAPL: ask 9004.046114 <= best bid 9999.990388
[BOOK WARN] Crossed book rejected for AAPL: ask 9001.712962 <= best bid 9999.990388
[BOOK WARN] Crossed book rejected for AAPL: ask 8990.007621 <= best bid 9999.990388
[BOOK WARN] Crossed book rejected for AAPL: ask 8991.917495 <= best bid 9999.990388
[BOOK WARN] Crossed book rejected for AAPL: ask 8999.569137 <= best bid 9999.990388
[BOOK WARN] Crossed book rejected for AAPL: ask 9002.666121 <= best bid 9999.990388
[BOOK WARN] Crossed book rejected for AAPL: ask 8992.115901 <= best bid 9999.990388
[BOOK WARN] Crossed book rejected for AAPL: ask 8989.802817 <= best bid 9999.990388
[BOOK WARN] Crossed book rejected for AAPL: ask 8999.063028 <= best bid 9999.990388
[BOOK WARN] Crossed book rejected for AAPL: ask 8996.396519 <= best bid 9999.990388
[BOOK WARN] Crossed book rejected for AAPL: ask 8996.947036 <= best bid 9999.990388
[BOOK WARN] Crossed book rejected for AAPL: ask 8979.001122 <= best bid 9999.990388
[BOOK WARN] Crossed book rejected for AAPL: ask 8994.821553 <= best bid 9999.990388
[BOOK WARN] Crossed book rejected for AAPL: ask 8995.018636 <= best bid 9999.990388
[BOOK WARN] Crossed book rejected for AAPL: ask 8987.292398 <= best bid 9999.990388
[BOOK WARN] Crossed book rejected for AAPL: ask 8999.035654 <= best bid 9999.990388
[BOOK WARN] Crossed book rejected for AAPL: ask 9000.621536 <= best bid 9999.990388
[BOOK WARN] Crossed book rejected for AAPL: ask 8993.245798 <= best bid 9999.990388
[BOOK WARN] Crossed book rejected for AAPL: ask 8985.642241 <= best bid 9999.990388
[BOOK WARN] Crossed book rejected for AAPL: ask 8988.520560 <= best bid 9999.990388
[BOOK WARN] Crossed book rejected for AAPL: ask 8994.047893 <= best bid 9999.990388
[BOOK WARN] Crossed book rejected for AAPL: ask 8992.235654 <= best bid 9999.990388
[BOOK WARN] Crossed book rejected for AAPL: ask 8990.814296 <= best bid 9999.990388
[BOOK WARN] Crossed book rejected for AAPL: ask 8996.940671 <= best bid 9999.990388
[BOOK WARN] Crossed book rejected for AAPL: ask 8987.369248 <= best bid 9999.990388
[BOOK WARN] Crossed book rejected for AAPL: ask 8996.605800 <= best bid 9999.990388
[BOOK WARN] Crossed book rejected for AAPL: ask 9003.851320 <= best bid 9999.990388
[BOOK WARN] Crossed book rejected for AAPL: ask 9008.193708 <= best bid 9999.990388
[BOOK WARN] Crossed book rejected for AAPL: ask 9003.676957 <= best bid 9999.990388
[BOOK WARN] Crossed book rejected for AAPL: ask 9004.682303 <= best bid 9999.990388
[BOOK WARN] Crossed book rejected for AAPL: ask 9002.870171 <= best bid 9999.990388
[BOOK WARN] Crossed book rejected for AAPL: ask 9015.517529 <= best bid 9999.990388
[BOOK WARN] Crossed book rejected for AAPL: ask 9025.147247 <= best bid 9999.990388
[BOOK WARN] Crossed book rejected for AAPL: ask 9019.927487 <= best bid 9999.990388
[BOOK WARN] Crossed book rejected for AAPL: ask 9030.779480 <= best bid 9999.990388
[BOOK WARN] Crossed book rejected for AAPL: ask 9054.805303 <= best bid 9999.990388
[BOOK WARN] Crossed book rejected for AAPL: ask 9062.230341 <= best bid 9999.990388
[BOOK WARN] Crossed book rejected for AAPL: ask 9057.953645 <= best bid 9999.990388
[BOOK WARN] Crossed book rejected for AAPL: ask 9049.334529 <= best bid 9999.990388
[BOOK WARN] Crossed book rejected for AAPL: ask 9040.055112 <= best bid 9999.990388
[BOOK WARN] Crossed book rejected for AAPL: ask 9035.016088 <= best bid 9999.990388
[BOOK WARN] Crossed book rejected for AAPL: ask 9032.706747 <= best bid 9999.990388
[BOOK WARN] Crossed book rejected for AAPL: ask 9017.905409 <= best bid 9999.990388
[BOOK WARN] Crossed book rejected for AAPL: ask 9022.149294 <= best bid 9999.990388
[BOOK WARN] Crossed book rejected for AAPL: ask 9011.030865 <= best bid 9999.990388
[BOOK WARN] Crossed book rejected for AAPL: ask 9000.891391 <= best bid 9999.990388
[BOOK WARN] Crossed book rejected for AAPL: ask 9019.758230 <= best bid 9999.990388
[BOOK WARN] Crossed book rejected for AAPL: ask 9014.084349 <= best bid 9999.990388
[BOOK WARN] Crossed book rejected for AAPL: ask 9019.859396 <= best bid 9999.990388
[BOOK WARN] Crossed book rejected for AAPL: ask 9012.246729 <= best bid 9999.990388
[BOOK WARN] Crossed book rejected for AAPL: ask 9011.532229 <= best bid 9999.990388
[BOOK WARN] Crossed book rejected for AAPL: ask 9012.959464 <= best bid 9999.990388
[BOOK WARN] Crossed book rejected for AAPL: ask 9016.395880 <= best bid 9999.990388
[BOOK WARN] Crossed book rejected for AAPL: ask 8992.170067 <= best bid 9999.990388
[BOOK WARN] Crossed book rejected for AAPL: ask 8986.844666 <= best bid 9999.990388
[BOOK WARN] Crossed book rejected for AAPL: ask 8986.918937 <= best bid 9999.990388
[BOOK WARN] Crossed book rejected for AAPL: ask 8985.800157 <= best bid 9999.990388
[BOOK WARN] Crossed book rejected for AAPL: ask 8997.402325 <= best bid 9999.990388
[BOOK WARN] Crossed book rejected for AAPL: ask 8987.420341 <= best bid 9999.990388
[BOOK WARN] Crossed book rejected for AAPL: ask 9002.135690 <= best bid 9999.990388
[BOOK WARN] Crossed book rejected for AAPL: ask 8989.580701 <= best bid 9999.990388
[BOOK WARN] Crossed book rejected for AAPL: ask 8995.854181 <= best bid 9999.990388
[BOOK WARN] Crossed book rejected for AAPL: ask 8981.463560 <= best bid 9999.990388
[BOOK WARN] Crossed book rejected for AAPL: ask 8988.880756 <= best bid 9999.990388
[BOOK WARN] Crossed book rejected for AAPL: ask 8982.719938 <= best bid 9999.990388
[BOOK WARN] Crossed book rejected for AAPL: ask 8997.316127 <= best bid 9999.990388
[BOOK WARN] Crossed book rejected for AAPL: ask 8994.797503 <= best bid 9999.990388
[BOOK WARN] Crossed book rejected for AAPL: ask 8993.713018 <= best bid 9999.990388
[BOOK WARN] Crossed book rejected for AAPL: ask 9009.098631 <= best bid 9999.990388
[BOOK WARN] Crossed book rejected for AAPL: ask 9007.272251 <= best bid 9999.990388
[BOOK WARN] Crossed book rejected for AAPL: ask 9002.675999 <= best bid 9999.990388
[BOOK WARN] Crossed book rejected for AAPL: ask 9019.146134 <= best bid 9999.990388
[BOOK WARN] Crossed book rejected for AAPL: ask 9016.833072 <= best bid 9999.990388
[BOOK WARN] Crossed book rejected for AAPL: ask 9017.025697 <= best bid 9999.990388
[BOOK WARN] Crossed book rejected for AAPL: ask 9025.362889 <= best bid 9999.990388
[BOOK WARN] Crossed book rejected for AAPL: ask 9031.050943 <= best bid 9999.990388
[BOOK WARN] Crossed book rejected for AAPL: ask 9029.815705 <= best bid 9999.990388
[BOOK WARN] Crossed book rejected for AAPL: ask 9036.654370 <= best bid 9999.990388
[BOOK WARN] Crossed book rejected for AAPL: ask 9037.698151 <= best bid 9999.990388
[BOOK WARN] Crossed book rejected for AAPL: ask 9041.213785 <= best bid 9999.990388
[BOOK WARN] Crossed book rejected for AAPL: ask 9031.456105 <= best bid 9999.990388
[BOOK WARN] Crossed book rejected for AAPL: ask 9048.379479 <= best bid 9999.990388
[BOOK WARN] Crossed book rejected for AAPL: ask 9063.523556 <= best bid 9999.990388
[BOOK WARN] Crossed book rejected for AAPL: ask 9071.474796 <= best bid 9999.990388
[BOOK WARN] Crossed book rejected for AAPL: ask 9062.552965 <= best bid 9999.990388
[BOOK WARN] Crossed book rejected for AAPL: ask 9060.125064 <= best bid 9999.990388
[BOOK WARN] Crossed book rejected for AAPL: ask 9063.509171 <= best bid 9999.990388
[BOOK WARN] Crossed book rejected for AAPL: ask 9069.718840 <= best bid 9999.990388
[BOOK WARN] Crossed book rejected for AAPL: ask 9069.794216 <= best bid 9999.990388
[BOOK WARN] Crossed book rejected for AAPL: ask 9058.771175 <= best bid 9999.990388
[BOOK WARN] Crossed book rejected for AAPL: ask 9064.468669 <= best bid 9999.990388
[BOOK WARN] Crossed book rejected for AAPL: ask 9069.511616 <= best bid 9999.990388
[BOOK WARN] Crossed book rejected for AAPL: ask 9047.467982 <= best bid 9999.990388
[BOOK WARN] Crossed book rejected for AAPL: ask 9049.922033 <= best bid 9999.990388
[BOOK WARN] Crossed book rejected for AAPL: ask 9048.187884 <= best bid 9999.990388
[BOOK WARN] Crossed book rejected for AAPL: ask 9040.794079 <= best bid 9999.990388
[BOOK WARN] Crossed book rejected for AAPL: ask 9043.943326 <= best bid 9999.990388
[BOOK WARN] Crossed book rejected for AAPL: ask 9038.298334 <= best bid 9999.990388
[BOOK WARN] Crossed book rejected for AAPL: ask 9033.937793 <= best bid 9999.990388
[BOOK WARN] Crossed book rejected for AAPL: ask 9043.420392 <= best bid 9999.990388
[BOOK WARN] Crossed book rejected for AAPL: ask 9048.725501 <= best bid 9999.990388
[BOOK WARN] Crossed book rejected for AAPL: ask 9031.671605 <= best bid 9999.990388
[BOOK WARN] Crossed book rejected for AAPL: ask 9026.127518 <= best bid 9999.990388
[BOOK WARN] Crossed book rejected for AAPL: ask 9028.576970 <= best bid 9999.990388
[BOOK WARN] Crossed book rejected for AAPL: ask 9009.967322 <= best bid 9999.990388
[BOOK WARN] Crossed book rejected for AAPL: ask 9012.777665 <= best bid 9999.990388
[BOOK WARN] Crossed book rejected for AAPL: ask 9003.372985 <= best bid 9999.990388
[BOOK WARN] Crossed book rejected for AAPL: ask 8981.723942 <= best bid 9999.990388
[BOOK WARN] Crossed book rejected for AAPL: ask 8978.036206 <= best bid 9999.990388
[BOOK WARN] Crossed book rejected for AAPL: ask 8977.037453 <= best bid 9999.990388
[BOOK WARN] Crossed book rejected for AAPL: ask 8992.159863 <= best bid 9999.990388
[BOOK WARN] Crossed book rejected for AAPL: ask 8983.270262 <= best bid 9999.990388
[BOOK WARN] Crossed book rejected for AAPL: ask 8991.311096 <= best bid 9999.990388
[BOOK WARN] Crossed book rejected for AAPL: ask 8990.582100 <= best bid 9999.990388
[BOOK WARN] Crossed book rejected for AAPL: ask 9000.340289 <= best bid 9999.990388
[BOOK WARN] Crossed book rejected for AAPL: ask 9002.037193 <= best bid 9999.990388
[BOOK WARN] Crossed book rejected for AAPL: ask 9003.956632 <= best bid 9999.990388
[BOOK WARN] Crossed book rejected for AAPL: ask 9026.400911 <= best bid 9999.990388
[BOOK WARN] Crossed book rejected for AAPL: ask 9041.649121 <= best bid 9999.990388
[BOOK WARN] Crossed book rejected for AAPL: ask 9044.565969 <= best bid 9999.990388
[BOOK WARN] Crossed book rejected for AAPL: ask 9047.940691 <= best bid 9999.990388
[BOOK WARN] Crossed book rejected for AAPL: ask 9037.229271 <= best bid 9999.990388
[BOOK WARN] Crossed book rejected for AAPL: ask 9049.560532 <= best bid 9999.990388
[BOOK WARN] Crossed book rejected for AAPL: ask 9045.300041 <= best bid 9999.990388
[BOOK WARN] Crossed book rejected for AAPL: ask 9046.615247 <= best bid 9999.990388
[BOOK WARN] Crossed book rejected for AAPL: ask 9057.252945 <= best bid 9999.990388
[BOOK WARN] Crossed book rejected for AAPL: ask 9061.314875 <= best bid 9999.990388
[BOOK WARN] Crossed book rejected for AAPL: ask 9048.436293 <= best bid 9999.990388
[BOOK WARN] Crossed book rejected for AAPL: ask 9037.379399 <= best bid 9999.990388
[BOOK WARN] Crossed book rejected for AAPL: ask 9037.770435 <= best bid 9999.990388
[BOOK WARN] Crossed book rejected for AAPL: ask 9041.842403 <= best bid 9999.990388
[BOOK WARN] Crossed book rejected for AAPL: ask 9033.944437 <= best bid 9999.990388
[BOOK WARN] Crossed book rejected for AAPL: ask 9026.211397 <= best bid 9999.990388
[BOOK WARN] Crossed book rejected for AAPL: ask 9024.392850 <= best bid 9999.990388
[BOOK WARN] Crossed book rejected for AAPL: ask 9012.794699 <= best bid 9999.990388
[BOOK WARN] Crossed book rejected for AAPL: ask 9019.116017 <= best bid 9999.990388
[BOOK WARN] Crossed book rejected for AAPL: ask 9017.928370 <= best bid 9999.990388
[BOOK WARN] Crossed book rejected for AAPL: ask 9021.193141 <= best bid 9999.990388
[BOOK WARN] Crossed book rejected for AAPL: ask 9019.454945 <= best bid 9999.990388
[BOOK WARN] Crossed book rejected for AAPL: ask 9027.873202 <= best bid 9999.990388
[BOOK WARN] Crossed book rejected for AAPL: ask 9027.443375 <= best bid 9999.990388
[BOOK WARN] Crossed book rejected for AAPL: ask 9029.272604 <= best bid 9999.990388
[BOOK WARN] Crossed book rejected for AAPL: ask 9019.881826 <= best bid 9999.990388
[BOOK WARN] Crossed book rejected for AAPL: ask 9033.036350 <= best bid 9999.990388
[BOOK WARN] Crossed book rejected for AAPL: ask 9032.324646 <= best bid 9999.990388
[BOOK WARN] Crossed book rejected for AAPL: ask 9025.703981 <= best bid 9999.990388
[BOOK WARN] Crossed book rejected for AAPL: ask 9024.883132 <= best bid 9999.990388
[BOOK WARN] Crossed book rejected for AAPL: ask 9032.523470 <= best bid 9999.990388
[BOOK WARN] Crossed book rejected for AAPL: ask 9032.275174 <= best bid 9999.990388
[BOOK WARN] Crossed book rejected for AAPL: ask 9040.513095 <= best bid 9999.990388
[BOOK WARN] Crossed book rejected for AAPL: ask 9042.079466 <= best bid 9999.990388
[BOOK WARN] Crossed book rejected for AAPL: ask 9034.377706 <= best bid 9999.990388
[BOOK WARN] Crossed book rejected for AAPL: ask 9038.780743 <= best bid 9999.990388
[BOOK WARN] Crossed book rejected for AAPL: ask 9048.998414 <= best bid 9999.990388
[BOOK WARN] Crossed book rejected for AAPL: ask 9044.049791 <= best bid 9999.990388
[BOOK WARN] Crossed book rejected for AAPL: ask 9046.560946 <= best bid 9999.990388
[BOOK WARN] Crossed book rejected for AAPL: ask 9042.181110 <= best bid 9999.990388
[BOOK WARN] Crossed book rejected for AAPL: ask 9046.722953 <= best bid 9999.990388
[BOOK WARN] Crossed book rejected for AAPL: ask 9049.072592 <= best bid 9999.990388
[BOOK WARN] Crossed book rejected for AAPL: ask 9048.815628 <= best bid 9999.990388
[BOOK WARN] Crossed book rejected for AAPL: ask 9038.153568 <= best bid 9999.990388
[BOOK WARN] Crossed book rejected for AAPL: ask 9037.952363 <= best bid 9999.990388
[BOOK WARN] Crossed book rejected for AAPL: ask 9032.819136 <= best bid 9999.990388
[BOOK WARN] Crossed book rejected for AAPL: ask 9046.335526 <= best bid 9999.990388
[BOOK WARN] Crossed book rejected for AAPL: ask 9029.695908 <= best bid 9999.990388
[BOOK WARN] Crossed book rejected for AAPL: ask 9027.015057 <= best bid 9999.990388
[BOOK WARN] Crossed book rejected for AAPL: ask 9004.140688 <= best bid 9999.990388
[BOOK WARN] Crossed book rejected for AAPL: ask 9009.788201 <= best bid 9999.990388
[BOOK WARN] Crossed book rejected for AAPL: ask 9003.018281 <= best bid 9999.990388
[BOOK WARN] Crossed book rejected for AAPL: ask 8988.366415 <= best bid 9999.990388
[BOOK WARN] Crossed book rejected for AAPL: ask 8975.080700 <= best bid 9999.990388
[BOOK WARN] Crossed book rejected for AAPL: ask 8976.766297 <= best bid 9999.990388
[BOOK WARN] Crossed book rejected for AAPL: ask 8979.453093 <= best bid 9999.990388
[BOOK WARN] Crossed book rejected for AAPL: ask 8964.635701 <= best bid 9999.990388
[BOOK WARN] Crossed book rejected for AAPL: ask 8970.457726 <= best bid 9999.990388
[BOOK WARN] Crossed book rejected for AAPL: ask 8975.984883 <= best bid 9999.990388
[BOOK WARN] Crossed book rejected for AAPL: ask 8973.747531 <= best bid 9999.990388
[BOOK WARN] Crossed book rejected for AAPL: ask 8985.961061 <= best bid 9999.990388
[BOOK WARN] Crossed book rejected for AAPL: ask 8968.626071 <= best bid 9999.990388
[BOOK WARN] Crossed book rejected for AAPL: ask 8969.475671 <= best bid 9999.990388
[BOOK WARN] Crossed book rejected for AAPL: ask 8974.279822 <= best bid 9999.990388
[BOOK WARN] Crossed book rejected for AAPL: ask 8981.829509 <= best bid 9999.990388
[BOOK WARN] Crossed book rejected for AAPL: ask 8994.073794 <= best bid 9999.990388
[BOOK WARN] Crossed book rejected for AAPL: ask 8975.908834 <= best bid 9999.990388
[BOOK WARN] Crossed book rejected for AAPL: ask 8973.407101 <= best bid 9999.990388
[BOOK WARN] Crossed book rejected for AAPL: ask 8960.202991 <= best bid 9999.990388
[BOOK WARN] Crossed book rejected for AAPL: ask 8969.792250 <= best bid 9999.990388
[BOOK WARN] Crossed book rejected for AAPL: ask 8962.312447 <= best bid 9999.990388
[BOOK WARN] Crossed book rejected for AAPL: ask 8961.470084 <= best bid 9999.990388
[BOOK WARN] Crossed book rejected for AAPL: ask 8954.836877 <= best bid 9999.990388
[BOOK WARN] Crossed book rejected for AAPL: ask 8961.486150 <= best bid 9999.990388
[BOOK WARN] Crossed book rejected for AAPL: ask 8963.607998 <= best bid 9999.990388
[BOOK WARN] Crossed book rejected for AAPL: ask 8959.155711 <= best bid 9999.990388
[BOOK WARN] Crossed book rejected for AAPL: ask 8962.702276 <= best bid 9999.990388
[BOOK WARN] Crossed book rejected for AAPL: ask 8955.781246 <= best bid 9999.990388
[BOOK WARN] Crossed book rejected for AAPL: ask 8946.573074 <= best bid 9999.990388
[BOOK WARN] Crossed book rejected for AAPL: ask 8937.553776 <= best bid 9999.990388
[BOOK WARN] Crossed book rejected for AAPL: ask 8938.519958 <= best bid 9999.990388
[BOOK WARN] Crossed book rejected for AAPL: ask 8921.080763 <= best bid 9999.990388
[BOOK WARN] Crossed book rejected for AAPL: ask 8923.912698 <= best bid 9999.990388
[BOOK WARN] Crossed book rejected for AAPL: ask 8923.610736 <= best bid 9999.990388
[BOOK WARN] Crossed book rejected for AAPL: ask 8931.000097 <= best bid 9999.990388
[BOOK WARN] Crossed book rejected for AAPL: ask 8924.777651 <= best bid 9999.990388
[BOOK WARN] Crossed book rejected for AAPL: ask 8924.903584 <= best bid 9999.990388
[BOOK WARN] Crossed book rejected for AAPL: ask 8917.368546 <= best bid 9999.990388
[BOOK WARN] Crossed book rejected for AAPL: ask 8908.190645 <= best bid 9999.990388
[BOOK WARN] Crossed book rejected for AAPL: ask 8910.645518 <= best bid 9999.990388
[BOOK WARN] Crossed book rejected for AAPL: ask 8915.808599 <= best bid 9999.990388
[BOOK WARN] Crossed book rejected for AAPL: ask 8907.159945 <= best bid 9999.990388
[BOOK WARN] Crossed book rejected for AAPL: ask 8916.443788 <= best bid 9999.990388
[BOOK WARN] Crossed book rejected for AAPL: ask 8908.756308 <= best bid 9999.990388
[BOOK WARN] Crossed book rejected for AAPL: ask 8902.094791 <= best bid 9999.990388
[BOOK WARN] Crossed book rejected for AAPL: ask 8908.529818 <= best bid 9999.990388
[BOOK WARN] Crossed book rejected for AAPL: ask 8901.634195 <= best bid 9999.990388
[BOOK WARN] Crossed book rejected for AAPL: ask 8902.461890 <= best bid 9999.990388
[BOOK WARN] Crossed book rejected for AAPL: ask 8896.752903 <= best bid 9999.990388
[BOOK WARN] Crossed book rejected for AAPL: ask 8898.099458 <= best bid 9999.990388
[BOOK WARN] Crossed book rejected for AAPL: ask 8904.457536 <= best bid 9999.990388
[BOOK WARN] Crossed book rejected for AAPL: ask 8922.911806 <= best bid 9999.990388
[BOOK WARN] Crossed book rejected for AAPL: ask 8918.076921 <= best bid 9999.990388
[BOOK WARN] Crossed book rejected for AAPL: ask 8924.220013 <= best bid 9999.990388
[BOOK WARN] Crossed book rejected for AAPL: ask 8907.047787 <= best bid 9999.990388
[BOOK WARN] Crossed book rejected for AAPL: ask 8908.904621 <= best bid 9999.990388
[BOOK WARN] Crossed book rejected for AAPL: ask 8907.967184 <= best bid 9999.990388
[BOOK WARN] Crossed book rejected for AAPL: ask 8917.596962 <= best bid 9999.990388
[BOOK WARN] Crossed book rejected for AAPL: ask 8919.987538 <= best bid 9999.990388
[BOOK WARN] Crossed book rejected for AAPL: ask 8911.040809 <= best bid 9999.990388
[BOOK WARN] Crossed book rejected for AAPL: ask 8912.854566 <= best bid 9999.990388
[BOOK WARN] Crossed book rejected for AAPL: ask 8908.080945 <= best bid 9999.990388
[BOOK WARN] Crossed book rejected for AAPL: ask 8906.073238 <= best bid 9999.990388
[BOOK WARN] Crossed book rejected for AAPL: ask 8912.246010 <= best bid 9999.990388
[BOOK WARN] Crossed book rejected for AAPL: ask 8897.981579 <= best bid 9999.990388
[BOOK WARN] Crossed book rejected for AAPL: ask 8897.388158 <= best bid 9999.990388
[BOOK WARN] Crossed book rejected for AAPL: ask 8905.344653 <= best bid 9999.990388
[BOOK WARN] Crossed book rejected for AAPL: ask 8919.696246 <= best bid 9999.990388
[BOOK WARN] Crossed book rejected for AAPL: ask 8924.884350 <= best bid 9999.990388
[BOOK WARN] Crossed book rejected for AAPL: ask 8948.246812 <= best bid 9999.990388
[BOOK WARN] Crossed book rejected for AAPL: ask 8947.318787 <= best bid 9999.990388
[BOOK WARN] Crossed book rejected for AAPL: ask 8950.579303 <= best bid 9999.990388
[BOOK WARN] Crossed book rejected for AAPL: ask 8954.911612 <= best bid 9999.990388
[BOOK WARN] Crossed book rejected for AAPL: ask 8953.823573 <= best bid 9999.990388
[BOOK WARN] Crossed book rejected for AAPL: ask 8950.046465 <= best bid 9999.990388
[BOOK WARN] Crossed book rejected for AAPL: ask 8956.354633 <= best bid 9999.990388
[BOOK WARN] Crossed book rejected for AAPL: ask 8954.303217 <= best bid 9999.990388
[BOOK WARN] Crossed book rejected for AAPL: ask 8960.634675 <= best bid 9999.990388
[BOOK WARN] Crossed book rejected for AAPL: ask 8982.602253 <= best bid 9999.990388
[BOOK WARN] Crossed book rejected for AAPL: ask 8982.398603 <= best bid 9999.990388
[BOOK WARN] Crossed book rejected for AAPL: ask 8982.428695 <= best bid 9999.990388
[BOOK WARN] Crossed book rejected for AAPL: ask 8983.975233 <= best bid 9999.990388
[BOOK WARN] Crossed book rejected for AAPL: ask 8984.483999 <= best bid 9999.990388
[BOOK WARN] Crossed book rejected for AAPL: ask 8993.893216 <= best bid 9999.990388
[BOOK WARN] Crossed book rejected for AAPL: ask 8987.318462 <= best bid 9999.990388
[BOOK WARN] Crossed book rejected for AAPL: ask 8995.650947 <= best bid 9999.990388
[BOOK WARN] Crossed book rejected for AAPL: ask 8990.424749 <= best bid 9999.990388
[BOOK WARN] Crossed book rejected for AAPL: ask 8989.849358 <= best bid 9999.990388
[BOOK WARN] Crossed book rejected for AAPL: ask 8994.503485 <= best bid 9999.990388
[BOOK WARN] Crossed book rejected for AAPL: ask 8985.828618 <= best bid 9999.990388
[BOOK WARN] Crossed book rejected for AAPL: ask 8972.467343 <= best bid 9999.990388
[BOOK WARN] Crossed book rejected for AAPL: ask 8987.991069 <= best bid 9999.990388
[BOOK WARN] Crossed book rejected for AAPL: ask 8986.429686 <= best bid 9999.990388
[BOOK WARN] Crossed book rejected for AAPL: ask 8988.734544 <= best bid 9999.990388
[BOOK WARN] Crossed book rejected for AAPL: ask 8982.201806 <= best bid 9999.990388
[BOOK WARN] Crossed book rejected for AAPL: ask 8981.331673 <= best bid 9999.990388
[BOOK WARN] Crossed book rejected for AAPL: ask 8969.120312 <= best bid 9999.990388
[BOOK WARN] Crossed book rejected for AAPL: ask 8963.143744 <= best bid 9999.990388
[BOOK WARN] Crossed book rejected for AAPL: ask 8962.883266 <= best bid 9999.990388
[BOOK WARN] Crossed book rejected for AAPL: ask 8959.743896 <= best bid 9999.990388
[BOOK WARN] Crossed book rejected for AAPL: ask 8956.633784 <= best bid 9999.990388
[BOOK WARN] Crossed book rejected for AAPL: ask 8956.452990 <= best bid 9999.990388
[BOOK WARN] Crossed book rejected for AAPL: ask 8966.657915 <= best bid 9999.990388
[BOOK WARN] Crossed book rejected for AAPL: ask 8954.453708 <= best bid 9999.990388
[BOOK WARN] Crossed book rejected for AAPL: ask 8959.145710 <= best bid 9999.990388
[BOOK WARN] Crossed book rejected for AAPL: ask 8964.879785 <= best bid 9999.990388
[BOOK WARN] Crossed book rejected for AAPL: ask 8960.315429 <= best bid 9999.990388
[BOOK WARN] Crossed book rejected for AAPL: ask 8964.503358 <= best bid 9999.990388
[BOOK WARN] Crossed book rejected for AAPL: ask 8972.199658 <= best bid 9999.990388
[BOOK WARN] Crossed book rejected for AAPL: ask 8974.955874 <= best bid 9999.990388
[BOOK WARN] Crossed book rejected for AAPL: ask 8978.501090 <= best bid 9999.990388
[BOOK WARN] Crossed book rejected for AAPL: ask 8973.487613 <= best bid 9999.990388
[BOOK WARN] Crossed book rejected for AAPL: ask 8970.694838 <= best bid 9999.990388
[BOOK WARN] Crossed book rejected for AAPL: ask 8975.439173 <= best bid 9999.990388
[BOOK WARN] Crossed book rejected for AAPL: ask 8965.720306 <= best bid 9999.990388
[BOOK WARN] Crossed book rejected for AAPL: ask 8971.806405 <= best bid 9999.990388
[BOOK WARN] Crossed book rejected for AAPL: ask 8969.188808 <= best bid 9999.990388
[BOOK WARN] Crossed book rejected for AAPL: ask 8959.953971 <= best bid 9999.990388
[BOOK WARN] Crossed book rejected for AAPL: ask 8940.324021 <= best bid 9999.990388
[BOOK WARN] Crossed book rejected for AAPL: ask 8929.145233 <= best bid 9999.990388
[BOOK WARN] Crossed book rejected for AAPL: ask 8930.717269 <= best bid 9999.990388
[BOOK WARN] Crossed book rejected for AAPL: ask 8933.379030 <= best bid 9999.990388
[BOOK WARN] Crossed book rejected for AAPL: ask 8919.568029 <= best bid 9999.990388
[BOOK WARN] Crossed book rejected for AAPL: ask 8918.943119 <= best bid 9999.990388
[BOOK WARN] Crossed book rejected for AAPL: ask 8937.870160 <= best bid 9999.990388
[BOOK WARN] Crossed book rejected for AAPL: ask 8928.539378 <= best bid 9999.990388
[BOOK WARN] Crossed book rejected for AAPL: ask 8908.466531 <= best bid 9999.990388
[BOOK WARN] Crossed book rejected for AAPL: ask 8909.645566 <= best bid 9999.990388
[BOOK WARN] Crossed book rejected for AAPL: ask 8902.524156 <= best bid 9999.990388
[BOOK WARN] Crossed book rejected for AAPL: ask 8884.004227 <= best bid 9999.990388
[BOOK WARN] Crossed book rejected for AAPL: ask 8877.255046 <= best bid 9999.990388
[BOOK WARN] Crossed book rejected for AAPL: ask 8872.857763 <= best bid 9999.990388
[BOOK WARN] Crossed book rejected for AAPL: ask 8891.754492 <= best bid 9999.990388
[BOOK WARN] Crossed book rejected for AAPL: ask 8898.098338 <= best bid 9999.990388
[BOOK WARN] Crossed book rejected for AAPL: ask 8904.396598 <= best bid 9999.990388
[BOOK WARN] Crossed book rejected for AAPL: ask 8915.946055 <= best bid 9999.990388
[BOOK WARN] Crossed book rejected for AAPL: ask 8925.375271 <= best bid 9999.990388
[BOOK WARN] Crossed book rejected for AAPL: ask 8927.758022 <= best bid 9999.990388
[BOOK WARN] Crossed book rejected for AAPL: ask 8920.696764 <= best bid 9999.990388
[BOOK WARN] Crossed book rejected for AAPL: ask 8926.248724 <= best bid 9999.990388
[BOOK WARN] Crossed book rejected for AAPL: ask 8920.666561 <= best bid 9999.990388
[BOOK WARN] Crossed book rejected for AAPL: ask 8916.166473 <= best bid 9999.990388
[BOOK WARN] Crossed book rejected for AAPL: ask 8918.816801 <= best bid 9999.990388
[BOOK WARN] Crossed book rejected for AAPL: ask 8924.553053 <= best bid 9999.990388
[BOOK WARN] Crossed book rejected for AAPL: ask 8923.598282 <= best bid 9999.990388
[BOOK WARN] Crossed book rejected for AAPL: ask 8911.394577 <= best bid 9999.990388
[BOOK WARN] Crossed book rejected for AAPL: ask 8915.122643 <= best bid 9999.990388
[BOOK WARN] Crossed book rejected for AAPL: ask 8896.507423 <= best bid 9999.990388
[BOOK WARN] Crossed book rejected for AAPL: ask 8888.944290 <= best bid 9999.990388
[BOOK WARN] Crossed book rejected for AAPL: ask 8887.495748 <= best bid 9999.990388
[BOOK WARN] Crossed book rejected for AAPL: ask 8880.970265 <= best bid 9999.990388
[BOOK WARN] Crossed book rejected for AAPL: ask 8878.567019 <= best bid 9999.990388
[BOOK WARN] Crossed book rejected for AAPL: ask 8885.220942 <= best bid 9999.990388
[BOOK WARN] Crossed book rejected for AAPL: ask 8890.398701 <= best bid 9999.990388
[BOOK WARN] Crossed book rejected for AAPL: ask 8884.569395 <= best bid 9999.990388
[BOOK WARN] Crossed book rejected for AAPL: ask 8876.488423 <= best bid 9999.990388
[BOOK WARN] Crossed book rejected for AAPL: ask 8874.208312 <= best bid 9999.990388
[BOOK WARN] Crossed book rejected for AAPL: ask 8877.905841 <= best bid 9999.990388
[BOOK WARN] Crossed book rejected for AAPL: ask 8879.261456 <= best bid 9999.990388
[BOOK WARN] Crossed book rejected for AAPL: ask 8866.152168 <= best bid 9999.990388
[BOOK WARN] Crossed book rejected for AAPL: ask 8862.534979 <= best bid 9999.990388
[BOOK WARN] Crossed book rejected for AAPL: ask 8858.375922 <= best bid 9999.990388
[BOOK WARN] Crossed book rejected for AAPL: ask 8859.837684 <= best bid 9999.990388
[BOOK WARN] Crossed book rejected for AAPL: ask 8863.227877 <= best bid 9999.990388
[BOOK WARN] Crossed book rejected for AAPL: ask 8856.393296 <= best bid 9999.990388
[BOOK WARN] Crossed book rejected for AAPL: ask 8842.460765 <= best bid 9999.990388
[BOOK WARN] Crossed book rejected for AAPL: ask 8837.800917 <= best bid 9999.990388
[BOOK WARN] Crossed book rejected for AAPL: ask 8854.087331 <= best bid 9999.990388
[BOOK WARN] Crossed book rejected for AAPL: ask 8845.503685 <= best bid 9999.990388
[BOOK WARN] Crossed book rejected for AAPL: ask 8840.821870 <= best bid 9999.990388
[BOOK WARN] Crossed book rejected for AAPL: ask 8837.076553 <= best bid 9999.990388
[BOOK WARN] Crossed book rejected for AAPL: ask 8831.726411 <= best bid 9999.990388
[BOOK WARN] Crossed book rejected for AAPL: ask 8829.709361 <= best bid 9999.990388
[BOOK WARN] Crossed book rejected for AAPL: ask 8816.972965 <= best bid 9999.990388
[BOOK WARN] Crossed book rejected for AAPL: ask 8813.796753 <= best bid 9999.990388
[BOOK WARN] Crossed book rejected for AAPL: ask 8821.906933 <= best bid 9999.990388
[BOOK WARN] Crossed book rejected for AAPL: ask 8820.799312 <= best bid 9999.990388
[BOOK WARN] Crossed book rejected for AAPL: ask 8808.678604 <= best bid 9999.990388
[BOOK WARN] Crossed book rejected for AAPL: ask 8818.719404 <= best bid 9999.990388
[BOOK WARN] Crossed book rejected for AAPL: ask 8811.775458 <= best bid 9999.990388
[BOOK WARN] Crossed book rejected for AAPL: ask 8794.933418 <= best bid 9999.990388
[BOOK WARN] Crossed book rejected for AAPL: ask 8797.439570 <= best bid 9999.990388
[BOOK WARN] Crossed book rejected for AAPL: ask 8814.626500 <= best bid 9999.990388
[BOOK WARN] Crossed book rejected for AAPL: ask 8819.521965 <= best bid 9999.990388
[BOOK WARN] Crossed book rejected for AAPL: ask 8827.951815 <= best bid 9999.990388
[BOOK WARN] Crossed book rejected for AAPL: ask 8840.450144 <= best bid 9999.990388
[BOOK WARN] Crossed book rejected for AAPL: ask 8833.570645 <= best bid 9999.990388
[BOOK WARN] Crossed book rejected for AAPL: ask 8828.555339 <= best bid 9999.990388
[BOOK WARN] Crossed book rejected for AAPL: ask 8817.288693 <= best bid 9999.990388
[BOOK WARN] Crossed book rejected for AAPL: ask 8821.882282 <= best bid 9999.990388
[BOOK WARN] Crossed book rejected for AAPL: ask 8821.459721 <= best bid 9999.990388
[BOOK WARN] Crossed book rejected for AAPL: ask 8842.935142 <= best bid 9999.990388
[BOOK WARN] Crossed book rejected for AAPL: ask 8853.510388 <= best bid 9999.990388
[BOOK WARN] Crossed book rejected for AAPL: ask 8863.950243 <= best bid 9999.990388
[BOOK WARN] Crossed book rejected for AAPL: ask 8866.767644 <= best bid 9999.990388
[BOOK WARN] Crossed book rejected for AAPL: ask 8871.474406 <= best bid 9999.990388
[BOOK WARN] Crossed book rejected for AAPL: ask 8853.688433 <= best bid 9999.990388
[BOOK WARN] Crossed book rejected for AAPL: ask 8850.943327 <= best bid 9999.990388
[BOOK WARN] Crossed book rejected for AAPL: ask 8850.408335 <= best bid 9999.990388
[BOOK WARN] Crossed book rejected for AAPL: ask 8851.351337 <= best bid 9999.990388
[BOOK WARN] Crossed book rejected for AAPL: ask 8862.491441 <= best bid 9999.990388
[BOOK WARN] Crossed book rejected for AAPL: ask 8860.716838 <= best bid 9999.990388
[BOOK WARN] Crossed book rejected for AAPL: ask 8856.158015 <= best bid 9999.990388
[BOOK WARN] Crossed book rejected for AAPL: ask 8847.133188 <= best bid 9999.990388
[BOOK WARN] Crossed book rejected for AAPL: ask 8830.855804 <= best bid 9999.990388
[BOOK WARN] Crossed book rejected for AAPL: ask 8831.526729 <= best bid 9999.990388
[BOOK WARN] Crossed book rejected for AAPL: ask 8823.233802 <= best bid 9999.990388
[BOOK WARN] Crossed book rejected for AAPL: ask 8816.925921 <= best bid 9999.990388
[BOOK WARN] Crossed book rejected for AAPL: ask 8813.073790 <= best bid 9999.990388
[BOOK WARN] Crossed book rejected for AAPL: ask 8820.053960 <= best bid 9999.990388
[BOOK WARN] Crossed book rejected for AAPL: ask 8816.752508 <= best bid 9999.990388
[BOOK WARN] Crossed book rejected for AAPL: ask 8807.980110 <= best bid 9999.990388
[BOOK WARN] Crossed book rejected for AAPL: ask 8826.035231 <= best bid 9999.990388
[BOOK WARN] Crossed book rejected for AAPL: ask 8826.316252 <= best bid 9999.990388
[BOOK WARN] Crossed book rejected for AAPL: ask 8825.688107 <= best bid 9999.990388
[BOOK WARN] Crossed book rejected for AAPL: ask 8830.857731 <= best bid 9999.990388
[BOOK WARN] Crossed book rejected for AAPL: ask 8831.962735 <= best bid 9999.990388
[BOOK WARN] Crossed book rejected for AAPL: ask 8839.463966 <= best bid 9999.990388
[BOOK WARN] Crossed book rejected for AAPL: ask 8846.228764 <= best bid 9999.990388
[BOOK WARN] Crossed book rejected for AAPL: ask 8858.347058 <= best bid 9999.990388
[BOOK WARN] Crossed book rejected for AAPL: ask 8874.209102 <= best bid 9999.990388
[BOOK WARN] Crossed book rejected for AAPL: ask 8894.379723 <= best bid 9999.990388
[BOOK WARN] Crossed book rejected for AAPL: ask 8903.492676 <= best bid 9999.990388
[BOOK WARN] Crossed book rejected for AAPL: ask 8893.755354 <= best bid 9999.990388
[BOOK WARN] Crossed book rejected for AAPL: ask 8885.738172 <= best bid 9999.990388
[BOOK WARN] Crossed book rejected for AAPL: ask 8867.640331 <= best bid 9999.990388
[BOOK WARN] Crossed book rejected for AAPL: ask 8876.722833 <= best bid 9999.990388
[BOOK WARN] Crossed book rejected for AAPL: ask 8872.651319 <= best bid 9999.990388
[BOOK WARN] Crossed book rejected for AAPL: ask 8872.684969 <= best bid 9999.990388
[BOOK WARN] Crossed book rejected for AAPL: ask 8868.115285 <= best bid 9999.990388
[BOOK WARN] Crossed book rejected for AAPL: ask 8850.377481 <= best bid 9999.990388
[BOOK WARN] Crossed book rejected for AAPL: ask 8836.065834 <= best bid 9999.990388
[BOOK WARN] Crossed book rejected for AAPL: ask 8833.336472 <= best bid 9999.990388
[BOOK WARN] Crossed book rejected for AAPL: ask 8837.992524 <= best bid 9999.990388
[BOOK WARN] Crossed book rejected for AAPL: ask 8828.029131 <= best bid 9999.990388
[BOOK WARN] Crossed book rejected for AAPL: ask 8824.958051 <= best bid 9999.990388
[BOOK WARN] Crossed book rejected for AAPL: ask 8811.933850 <= best bid 9999.990388
[BOOK WARN] Crossed book rejected for AAPL: ask 8811.027567 <= best bid 9999.990388
[BOOK WARN] Crossed book rejected for AAPL: ask 8823.225165 <= best bid 9999.990388
[BOOK WARN] Crossed book rejected for AAPL: ask 8822.124953 <= best bid 9999.990388
[BOOK WARN] Crossed book rejected for AAPL: ask 8822.473193 <= best bid 9999.990388
[BOOK WARN] Crossed book rejected for AAPL: ask 8824.834551 <= best bid 9999.990388
[BOOK WARN] Crossed book rejected for AAPL: ask 8835.731342 <= best bid 9999.990388
[BOOK WARN] Crossed book rejected for AAPL: ask 8847.207418 <= best bid 9999.990388
[BOOK WARN] Crossed book rejected for AAPL: ask 8843.007922 <= best bid 9999.990388
[BOOK WARN] Crossed book rejected for AAPL: ask 8841.256866 <= best bid 9999.990388
[BOOK WARN] Crossed book rejected for AAPL: ask 8840.735878 <= best bid 9999.990388
[BOOK WARN] Crossed book rejected for AAPL: ask 8863.956067 <= best bid 9999.990388
[BOOK WARN] Crossed book rejected for AAPL: ask 8873.634114 <= best bid 9999.990388
[BOOK WARN] Crossed book rejected for AAPL: ask 8868.832046 <= best bid 9999.990388
[BOOK WARN] Crossed book rejected for AAPL: ask 8878.028791 <= best bid 9999.990388
[BOOK WARN] Crossed book rejected for AAPL: ask 8879.145477 <= best bid 9999.990388
[BOOK WARN] Crossed book rejected for AAPL: ask 8871.202506 <= best bid 9999.990388
[BOOK WARN] Crossed book rejected for AAPL: ask 8880.189398 <= best bid 9999.990388
[BOOK WARN] Crossed book rejected for AAPL: ask 8872.694548 <= best bid 9999.990388
[BOOK WARN] Crossed book rejected for AAPL: ask 8875.086834 <= best bid 9999.990388
[BOOK WARN] Crossed book rejected for AAPL: ask 8878.635181 <= best bid 9999.990388
[BOOK WARN] Crossed book rejected for AAPL: ask 8874.457388 <= best bid 9999.990388
[BOOK WARN] Crossed book rejected for AAPL: ask 8883.385905 <= best bid 9999.990388
[BOOK WARN] Crossed book rejected for AAPL: ask 8892.419804 <= best bid 9999.990388
[BOOK WARN] Crossed book rejected for AAPL: ask 8887.756474 <= best bid 9999.990388
[BOOK WARN] Crossed book rejected for AAPL: ask 8894.988485 <= best bid 9999.990388
[BOOK WARN] Crossed book rejected for AAPL: ask 8876.309680 <= best bid 9999.990388
[BOOK WARN] Crossed book rejected for AAPL: ask 8883.543929 <= best bid 9999.990388
[BOOK WARN] Crossed book rejected for AAPL: ask 8882.261676 <= best bid 9999.990388
[BOOK WARN] Crossed book rejected for AAPL: ask 8879.650148 <= best bid 9999.990388
[BOOK WARN] Crossed book rejected for AAPL: ask 8890.698741 <= best bid 9999.990388
[BOOK WARN] Crossed book rejected for AAPL: ask 8891.474653 <= best bid 9999.990388
[BOOK WARN] Crossed book rejected for AAPL: ask 8905.830938 <= best bid 9999.990388
[BOOK WARN] Crossed book rejected for AAPL: ask 8894.010952 <= best bid 9999.990388
[BOOK WARN] Crossed book rejected for AAPL: ask 8893.727382 <= best bid 9999.990388
[BOOK WARN] Crossed book rejected for AAPL: ask 8881.348721 <= best bid 9999.990388
[BOOK WARN] Crossed book rejected for AAPL: ask 8886.945321 <= best bid 9999.990388
[BOOK WARN] Crossed book rejected for AAPL: ask 8879.876790 <= best bid 9999.990388
[BOOK WARN] Crossed book rejected for AAPL: ask 8881.455164 <= best bid 9999.990388
[BOOK WARN] Crossed book rejected for AAPL: ask 8878.905599 <= best bid 9999.990388
[BOOK WARN] Crossed book rejected for AAPL: ask 8881.364613 <= best bid 9999.990388
[BOOK WARN] Crossed book rejected for AAPL: ask 8887.869893 <= best bid 9999.990388
[BOOK WARN] Crossed book rejected for AAPL: ask 8885.095358 <= best bid 9999.990388
[BOOK WARN] Crossed book rejected for AAPL: ask 8862.207568 <= best bid 9999.990388
[BOOK WARN] Crossed book rejected for AAPL: ask 8853.228960 <= best bid 9999.990388
[BOOK WARN] Crossed book rejected for AAPL: ask 8860.122501 <= best bid 9999.990388
[BOOK WARN] Crossed book rejected for AAPL: ask 8866.790878 <= best bid 9999.990388
[BOOK WARN] Crossed book rejected for AAPL: ask 8861.879988 <= best bid 9999.990388
[BOOK WARN] Crossed book rejected for AAPL: ask 8866.167657 <= best bid 9999.990388
[BOOK WARN] Crossed book rejected for AAPL: ask 8859.792480 <= best bid 9999.990388
[BOOK WARN] Crossed book rejected for AAPL: ask 8867.246778 <= best bid 9999.990388
[BOOK WARN] Crossed book rejected for AAPL: ask 8870.059352 <= best bid 9999.990388
[BOOK WARN] Crossed book rejected for AAPL: ask 8863.261024 <= best bid 9999.990388
[BOOK WARN] Crossed book rejected for AAPL: ask 8877.382577 <= best bid 9999.990388
[BOOK WARN] Crossed book rejected for AAPL: ask 8875.864472 <= best bid 9999.990388
[BOOK WARN] Crossed book rejected for AAPL: ask 8872.713889 <= best bid 9999.990388
[BOOK WARN] Crossed book rejected for AAPL: ask 8860.108476 <= best bid 9999.990388
[BOOK WARN] Crossed book rejected for AAPL: ask 8863.271779 <= best bid 9999.990388
[BOOK WARN] Crossed book rejected for AAPL: ask 8856.243253 <= best bid 9999.990388
[BOOK WARN] Crossed book rejected for AAPL: ask 8855.139076 <= best bid 9999.990388
[BOOK WARN] Crossed book rejected for AAPL: ask 8856.558346 <= best bid 9999.990388
[BOOK WARN] Crossed book rejected for AAPL: ask 8860.487897 <= best bid 9999.990388
[BOOK WARN] Crossed book rejected for AAPL: ask 8870.151330 <= best bid 9999.990388
[BOOK WARN] Crossed book rejected for AAPL: ask 8879.296807 <= best bid 9999.990388
[BOOK WARN] Crossed book rejected for AAPL: ask 8869.012334 <= best bid 9999.990388
[BOOK WARN] Crossed book rejected for AAPL: ask 8881.042437 <= best bid 9999.990388
[BOOK WARN] Crossed book rejected for AAPL: ask 8876.398560 <= best bid 9999.990388
[BOOK WARN] Crossed book rejected for AAPL: ask 8874.096131 <= best bid 9999.990388
[BOOK WARN] Crossed book rejected for AAPL: ask 8877.159601 <= best bid 9999.990388
[BOOK WARN] Crossed book rejected for AAPL: ask 8866.825667 <= best bid 9999.990388
[BOOK WARN] Crossed book rejected for AAPL: ask 8866.322540 <= best bid 9999.990388
[BOOK WARN] Crossed book rejected for AAPL: ask 8866.627704 <= best bid 9999.990388
[BOOK WARN] Crossed book rejected for AAPL: ask 8884.741334 <= best bid 9999.990388
[BOOK WARN] Crossed book rejected for AAPL: ask 8865.004171 <= best bid 9999.990388
[BOOK WARN] Crossed book rejected for AAPL: ask 8862.938335 <= best bid 9999.990388
[BOOK WARN] Crossed book rejected for AAPL: ask 8854.294560 <= best bid 9999.990388
[BOOK WARN] Crossed book rejected for AAPL: ask 8847.120801 <= best bid 9999.990388
[BOOK WARN] Crossed book rejected for AAPL: ask 8840.138865 <= best bid 9999.990388
[BOOK WARN] Crossed book rejected for AAPL: ask 8846.401885 <= best bid 9999.990388
[BOOK WARN] Crossed book rejected for AAPL: ask 8842.827076 <= best bid 9999.990388
[BOOK WARN] Crossed book rejected for AAPL: ask 8836.814847 <= best bid 9999.990388
[BOOK WARN] Crossed book rejected for AAPL: ask 8860.300505 <= best bid 9999.990388
[BOOK WARN] Crossed book rejected for AAPL: ask 8847.871617 <= best bid 9999.990388
[BOOK WARN] Crossed book rejected for AAPL: ask 8852.926141 <= best bid 9999.990388
[BOOK WARN] Crossed book rejected for AAPL: ask 8857.973171 <= best bid 9999.990388
[BOOK WARN] Crossed book rejected for AAPL: ask 8849.898118 <= best bid 9999.990388
[BOOK WARN] Crossed book rejected for AAPL: ask 8846.309160 <= best bid 9999.990388
[BOOK WARN] Crossed book rejected for AAPL: ask 8841.873445 <= best bid 9999.990388
[BOOK WARN] Crossed book rejected for AAPL: ask 8859.699444 <= best bid 9999.990388
[BOOK WARN] Crossed book rejected for AAPL: ask 8866.934682 <= best bid 9999.990388
[BOOK WARN] Crossed book rejected for AAPL: ask 8863.188073 <= best bid 9999.990388
[BOOK WARN] Crossed book rejected for AAPL: ask 8869.649936 <= best bid 9999.990388
[BOOK WARN] Crossed book rejected for AAPL: ask 8875.760766 <= best bid 9999.990388
[BOOK WARN] Crossed book rejected for AAPL: ask 8879.820170 <= best bid 9999.990388
[BOOK WARN] Crossed book rejected for AAPL: ask 8877.224740 <= best bid 9999.990388
[BOOK WARN] Crossed book rejected for AAPL: ask 8873.528392 <= best bid 9999.990388
[BOOK WARN] Crossed book rejected for AAPL: ask 8886.403286 <= best bid 9999.990388
[BOOK WARN] Crossed book rejected for AAPL: ask 8883.614419 <= best bid 9999.990388
[BOOK WARN] Crossed book rejected for AAPL: ask 8887.859167 <= best bid 9999.990388
[BOOK WARN] Crossed book rejected for AAPL: ask 8888.069512 <= best bid 9999.990388
[BOOK WARN] Crossed book rejected for AAPL: ask 8892.344195 <= best bid 9999.990388
[BOOK WARN] Crossed book rejected for AAPL: ask 8903.712801 <= best bid 9999.990388
[BOOK WARN] Crossed book rejected for AAPL: ask 8888.055247 <= best bid 9999.990388
[BOOK WARN] Crossed book rejected for AAPL: ask 8886.229841 <= best bid 9999.990388
[BOOK WARN] Crossed book rejected for AAPL: ask 8889.830956 <= best bid 9999.990388
[BOOK WARN] Crossed book rejected for AAPL: ask 8901.368502 <= best bid 9999.990388
[BOOK WARN] Crossed book rejected for AAPL: ask 8907.491830 <= best bid 9999.990388
[BOOK WARN] Crossed book rejected for AAPL: ask 8927.020015 <= best bid 9999.990388
[BOOK WARN] Crossed book rejected for AAPL: ask 8919.066098 <= best bid 9999.990388
[BOOK WARN] Crossed book rejected for AAPL: ask 8930.532830 <= best bid 9999.990388
[BOOK WARN] Crossed book rejected for AAPL: ask 8924.600900 <= best bid 9999.990388
[BOOK WARN] Crossed book rejected for AAPL: ask 8929.329019 <= best bid 9999.990388
[BOOK WARN] Crossed book rejected for AAPL: ask 8941.669822 <= best bid 9999.990388
[BOOK WARN] Crossed book rejected for AAPL: ask 8951.546204 <= best bid 9999.990388
[BOOK WARN] Crossed book rejected for AAPL: ask 8958.752559 <= best bid 9999.990388
[BOOK WARN] Crossed book rejected for AAPL: ask 8960.238257 <= best bid 9999.990388
[BOOK WARN] Crossed book rejected for AAPL: ask 8956.211415 <= best bid 9999.990388
[BOOK WARN] Crossed book rejected for AAPL: ask 8950.021377 <= best bid 9999.990388
[BOOK WARN] Crossed book rejected for AAPL: ask 8958.819598 <= best bid 9999.990388
[BOOK WARN] Crossed book rejected for AAPL: ask 8966.582120 <= best bid 9999.990388
[BOOK WARN] Crossed book rejected for AAPL: ask 8965.335513 <= best bid 9999.990388
[BOOK WARN] Crossed book rejected for AAPL: ask 8966.923657 <= best bid 9999.990388
[BOOK WARN] Crossed book rejected for AAPL: ask 8946.837745 <= best bid 9999.990388
[BOOK WARN] Crossed book rejected for AAPL: ask 8948.704917 <= best bid 9999.990388
[BOOK WARN] Crossed book rejected for AAPL: ask 8955.328094 <= best bid 9999.990388
[BOOK WARN] Crossed book rejected for AAPL: ask 8944.718779 <= best bid 9999.990388
[BOOK WARN] Crossed book rejected for AAPL: ask 8944.881636 <= best bid 9999.990388
[BOOK WARN] Crossed book rejected for AAPL: ask 8963.229820 <= best bid 9999.990388
[BOOK WARN] Crossed book rejected for AAPL: ask 8944.850720 <= best bid 9999.990388
[BOOK WARN] Crossed book rejected for AAPL: ask 8959.547067 <= best bid 9999.990388
[BOOK WARN] Crossed book rejected for AAPL: ask 8963.205157 <= best bid 9999.990388
[BOOK WARN] Crossed book rejected for AAPL: ask 8966.350317 <= best bid 9999.990388
[BOOK WARN] Crossed book rejected for AAPL: ask 8963.935320 <= best bid 9999.990388
[BOOK WARN] Crossed book rejected for AAPL: ask 8969.348318 <= best bid 9999.990388
[BOOK WARN] Crossed book rejected for AAPL: ask 8976.995297 <= best bid 9999.990388
[BOOK WARN] Crossed book rejected for AAPL: ask 8970.521208 <= best bid 9999.990388
[BOOK WARN] Crossed book rejected for AAPL: ask 8966.611476 <= best bid 9999.990388
[BOOK WARN] Crossed book rejected for AAPL: ask 8963.202436 <= best bid 9999.990388
[BOOK WARN] Crossed book rejected for AAPL: ask 8962.923236 <= best bid 9999.990388
[BOOK WARN] Crossed book rejected for AAPL: ask 8952.873327 <= best bid 9999.990388
[BOOK WARN] Crossed book rejected for AAPL: ask 8928.339357 <= best bid 9999.990388
[BOOK WARN] Crossed book rejected for AAPL: ask 8925.913987 <= best bid 9999.990388
[BOOK WARN] Crossed book rejected for AAPL: ask 8912.604947 <= best bid 9999.990388
[BOOK WARN] Crossed book rejected for AAPL: ask 8914.114622 <= best bid 9999.990388
[BOOK WARN] Crossed book rejected for AAPL: ask 8903.629030 <= best bid 9999.990388
[BOOK WARN] Crossed book rejected for AAPL: ask 8905.729441 <= best bid 9999.990388
[BOOK WARN] Crossed book rejected for AAPL: ask 8921.569363 <= best bid 9999.990388
[BOOK WARN] Crossed book rejected for AAPL: ask 8939.456456 <= best bid 9999.990388
[BOOK WARN] Crossed book rejected for AAPL: ask 8930.752488 <= best bid 9999.990388
[BOOK WARN] Crossed book rejected for AAPL: ask 8934.947786 <= best bid 9999.990388
[BOOK WARN] Crossed book rejected for AAPL: ask 8939.022077 <= best bid 9999.990388
[BOOK WARN] Crossed book rejected for AAPL: ask 8933.508196 <= best bid 9999.990388
[BOOK WARN] Crossed book rejected for AAPL: ask 8947.776522 <= best bid 9999.990388
[BOOK WARN] Crossed book rejected for AAPL: ask 8945.883517 <= best bid 9999.990388
[BOOK WARN] Crossed book rejected for AAPL: ask 8937.816210 <= best bid 9999.990388
[BOOK WARN] Crossed book rejected for AAPL: ask 8933.923728 <= best bid 9999.990388
[BOOK WARN] Crossed book rejected for AAPL: ask 8927.920397 <= best bid 9999.990388
[BOOK WARN] Crossed book rejected for AAPL: ask 8922.876166 <= best bid 9999.990388
[BOOK WARN] Crossed book rejected for AAPL: ask 8915.496558 <= best bid 9999.990388
[BOOK WARN] Crossed book rejected for AAPL: ask 8922.729886 <= best bid 9999.990388
[BOOK WARN] Crossed book rejected for AAPL: ask 8932.467670 <= best bid 9999.990388
[BOOK WARN] Crossed book rejected for AAPL: ask 8930.559300 <= best bid 9999.990388
[BOOK WARN] Crossed book rejected for AAPL: ask 8920.216566 <= best bid 9999.990388
[BOOK WARN] Crossed book rejected for AAPL: ask 8925.503502 <= best bid 9999.990388
[BOOK WARN] Crossed book rejected for AAPL: ask 8929.779466 <= best bid 9999.990388
[BOOK WARN] Crossed book rejected for AAPL: ask 8941.706544 <= best bid 9999.990388
[BOOK WARN] Crossed book rejected for AAPL: ask 8941.197643 <= best bid 9999.990388
[BOOK WARN] Crossed book rejected for AAPL: ask 8935.927024 <= best bid 9999.990388
[BOOK WARN] Crossed book rejected for AAPL: ask 8927.088067 <= best bid 9999.990388
[BOOK WARN] Crossed book rejected for AAPL: ask 8925.493822 <= best bid 9999.990388
[BOOK WARN] Crossed book rejected for AAPL: ask 8918.686955 <= best bid 9999.990388
[BOOK WARN] Crossed book rejected for AAPL: ask 8928.953613 <= best bid 9999.990388
[BOOK WARN] Crossed book rejected for AAPL: ask 8932.951767 <= best bid 9999.990388
[BOOK WARN] Crossed book rejected for AAPL: ask 8940.788400 <= best bid 9999.990388
[BOOK WARN] Crossed book rejected for AAPL: ask 8928.274109 <= best bid 9999.990388
[BOOK WARN] Crossed book rejected for AAPL: ask 8924.536080 <= best bid 9999.990388
[BOOK WARN] Crossed book rejected for AAPL: ask 8928.373765 <= best bid 9999.990388
[BOOK WARN] Crossed book rejected for AAPL: ask 8930.548630 <= best bid 9999.990388
[BOOK WARN] Crossed book rejected for AAPL: ask 8923.558684 <= best bid 9999.990388
[BOOK WARN] Crossed book rejected for AAPL: ask 8915.660672 <= best bid 9999.990388
[BOOK WARN] Crossed book rejected for AAPL: ask 8924.880281 <= best bid 9999.990388
[BOOK WARN] Crossed book rejected for AAPL: ask 8910.235389 <= best bid 9999.990388
[BOOK WARN] Crossed book rejected for AAPL: ask 8921.682466 <= best bid 9999.990388
[BOOK WARN] Crossed book rejected for AAPL: ask 8917.111071 <= best bid 9999.990388
[BOOK WARN] Crossed book rejected for AAPL: ask 8905.277426 <= best bid 9999.990388
[BOOK WARN] Crossed book rejected for AAPL: ask 8902.693553 <= best bid 9999.990388
[BOOK WARN] Crossed book rejected for AAPL: ask 8921.754921 <= best bid 9999.990388
[BOOK WARN] Crossed book rejected for AAPL: ask 8917.268909 <= best bid 9999.990388
[BOOK WARN] Crossed book rejected for AAPL: ask 8908.314374 <= best bid 9999.990388
[BOOK WARN] Crossed book rejected for AAPL: ask 8916.494823 <= best bid 9999.990388
[BOOK WARN] Crossed book rejected for AAPL: ask 8921.596483 <= best bid 9999.990388
[BOOK WARN] Crossed book rejected for AAPL: ask 8921.203972 <= best bid 9999.990388
[BOOK WARN] Crossed book rejected for AAPL: ask 8913.456179 <= best bid 9999.990388
[BOOK WARN] Crossed book rejected for AAPL: ask 8917.830448 <= best bid 9999.990388
[BOOK WARN] Crossed book rejected for AAPL: ask 8909.016730 <= best bid 9999.990388
[BOOK WARN] Crossed book rejected for AAPL: ask 8888.238007 <= best bid 9999.990388
[BOOK WARN] Crossed book rejected for AAPL: ask 8899.957065 <= best bid 9999.990388
[BOOK WARN] Crossed book rejected for AAPL: ask 8896.707033 <= best bid 9999.990388
[BOOK WARN] Crossed book rejected for AAPL: ask 8914.028238 <= best bid 9999.990388
[BOOK WARN] Crossed book rejected for AAPL: ask 8914.191063 <= best bid 9999.990388
[BOOK WARN] Crossed book rejected for AAPL: ask 8915.133781 <= best bid 9999.990388
[BOOK WARN] Crossed book rejected for AAPL: ask 8910.680555 <= best bid 9999.990388
[BOOK WARN] Crossed book rejected for AAPL: ask 8913.465351 <= best bid 9999.990388
[BOOK WARN] Crossed book rejected for AAPL: ask 8898.776323 <= best bid 9999.990388
[BOOK WARN] Crossed book rejected for AAPL: ask 8893.959666 <= best bid 9999.990388
[BOOK WARN] Crossed book rejected for AAPL: ask 8889.744241 <= best bid 9999.990388
[BOOK WARN] Crossed book rejected for AAPL: ask 8872.025696 <= best bid 9999.990388
[BOOK WARN] Crossed book rejected for AAPL: ask 8864.300231 <= best bid 9999.990388
[BOOK WARN] Crossed book rejected for AAPL: ask 8875.529032 <= best bid 9999.990388
[BOOK WARN] Crossed book rejected for AAPL: ask 8876.946252 <= best bid 9999.990388
[BOOK WARN] Crossed book rejected for AAPL: ask 8879.869629 <= best bid 9999.990388
[BOOK WARN] Crossed book rejected for AAPL: ask 8871.576729 <= best bid 9999.990388
[BOOK WARN] Crossed book rejected for AAPL: ask 8883.642041 <= best bid 9999.990388
[BOOK WARN] Crossed book rejected for AAPL: ask 8879.955101 <= best bid 9999.990388
[BOOK WARN] Crossed book rejected for AAPL: ask 8879.570690 <= best bid 9999.990388
[BOOK WARN] Crossed book rejected for AAPL: ask 8887.773081 <= best bid 9999.990388
[BOOK WARN] Crossed book rejected for AAPL: ask 8877.877642 <= best bid 9999.990388
[BOOK WARN] Crossed book rejected for AAPL: ask 8881.452205 <= best bid 9999.990388
[BOOK WARN] Crossed book rejected for AAPL: ask 8895.503974 <= best bid 9999.990388
[BOOK WARN] Crossed book rejected for AAPL: ask 8911.445429 <= best bid 9999.990388
[BOOK WARN] Crossed book rejected for AAPL: ask 8907.973832 <= best bid 9999.990388
[BOOK WARN] Crossed book rejected for AAPL: ask 8915.787066 <= best bid 9999.990388
[BOOK WARN] Crossed book rejected for AAPL: ask 8911.932778 <= best bid 9999.990388
[BOOK WARN] Crossed book rejected for AAPL: ask 8912.226944 <= best bid 9999.990388
[BOOK WARN] Crossed book rejected for AAPL: ask 8921.378057 <= best bid 9999.990388
[BOOK WARN] Crossed book rejected for AAPL: ask 8927.369457 <= best bid 9999.990388
[BOOK WARN] Crossed book rejected for AAPL: ask 8935.518361 <= best bid 9999.990388
[BOOK WARN] Crossed book rejected for AAPL: ask 8941.095484 <= best bid 9999.990388
[BOOK WARN] Crossed book rejected for AAPL: ask 8922.447851 <= best bid 9999.990388
[BOOK WARN] Crossed book rejected for AAPL: ask 8924.483806 <= best bid 9999.990388
[BOOK WARN] Crossed book rejected for AAPL: ask 8923.355095 <= best bid 9999.990388
[BOOK WARN] Crossed book rejected for AAPL: ask 8918.005303 <= best bid 9999.990388
[BOOK WARN] Crossed book rejected for AAPL: ask 8917.977065 <= best bid 9999.990388
[BOOK WARN] Crossed book rejected for AAPL: ask 8924.475559 <= best bid 9999.990388
[BOOK WARN] Crossed book rejected for AAPL: ask 8913.834087 <= best bid 9999.990388
[BOOK WARN] Crossed book rejected for AAPL: ask 8908.429800 <= best bid 9999.990388
[BOOK WARN] Crossed book rejected for AAPL: ask 8912.248217 <= best bid 9999.990388
[BOOK WARN] Crossed book rejected for AAPL: ask 8907.253211 <= best bid 9999.990388
[BOOK WARN] Crossed book rejected for AAPL: ask 8919.094337 <= best bid 9999.990388
[BOOK WARN] Crossed book rejected for AAPL: ask 8908.407168 <= best bid 9999.990388
[BOOK WARN] Crossed book rejected for AAPL: ask 8913.081746 <= best bid 9999.990388
[BOOK WARN] Crossed book rejected for AAPL: ask 8912.679108 <= best bid 9999.990388
[BOOK WARN] Crossed book rejected for AAPL: ask 8897.213384 <= best bid 9999.990388
[BOOK WARN] Crossed book rejected for AAPL: ask 8913.808923 <= best bid 9999.990388
[BOOK WARN] Crossed book rejected for AAPL: ask 8896.286208 <= best bid 9999.990388
[BOOK WARN] Crossed book rejected for AAPL: ask 8898.646702 <= best bid 9999.990388
[BOOK WARN] Crossed book rejected for AAPL: ask 8882.180744 <= best bid 9999.990388
[BOOK WARN] Crossed book rejected for AAPL: ask 8872.188063 <= best bid 9999.990388
[BOOK WARN] Crossed book rejected for AAPL: ask 8889.788542 <= best bid 9999.990388
[BOOK WARN] Crossed book rejected for AAPL: ask 8886.729495 <= best bid 9999.990388
[BOOK WARN] Crossed book rejected for AAPL: ask 8887.337866 <= best bid 9999.990388
[BOOK WARN] Crossed book rejected for AAPL: ask 8878.461428 <= best bid 9999.990388
[BOOK WARN] Crossed book rejected for AAPL: ask 8888.857205 <= best bid 9999.990388
[BOOK WARN] Crossed book rejected for AAPL: ask 8880.236342 <= best bid 9999.990388
[BOOK WARN] Crossed book rejected for AAPL: ask 8876.174271 <= best bid 9999.990388
[BOOK WARN] Crossed book rejected for AAPL: ask 8880.074274 <= best bid 9999.990388
[BOOK WARN] Crossed book rejected for AAPL: ask 8870.962490 <= best bid 9999.990388
[BOOK WARN] Crossed book rejected for AAPL: ask 8870.224184 <= best bid 9999.990388
[BOOK WARN] Crossed book rejected for AAPL: ask 8881.539583 <= best bid 9999.990388
[BOOK WARN] Crossed book rejected for AAPL: ask 8890.834253 <= best bid 9999.990388
[BOOK WARN] Crossed book rejected for AAPL: ask 8884.987701 <= best bid 9999.990388
[BOOK WARN] Crossed book rejected for AAPL: ask 8892.942303 <= best bid 9999.990388
[BOOK WARN] Crossed book rejected for AAPL: ask 8900.633016 <= best bid 9999.990388
[BOOK WARN] Crossed book rejected for AAPL: ask 8900.462450 <= best bid 9999.990388
[BOOK WARN] Crossed book rejected for AAPL: ask 8898.023241 <= best bid 9999.990388
[BOOK WARN] Crossed book rejected for AAPL: ask 8895.985565 <= best bid 9999.990388
[BOOK WARN] Crossed book rejected for AAPL: ask 8893.426175 <= best bid 9999.990388
[BOOK WARN] Crossed book rejected for AAPL: ask 8900.352409 <= best bid 9999.990388
[BOOK WARN] Crossed book rejected for AAPL: ask 8897.944672 <= best bid 9999.990388
[BOOK WARN] Crossed book rejected for AAPL: ask 8911.452093 <= best bid 9999.990388
[BOOK WARN] Crossed book rejected for AAPL: ask 8912.714241 <= best bid 9999.990388
[BOOK WARN] Crossed book rejected for AAPL: ask 8921.348739 <= best bid 9999.990388
[BOOK WARN] Crossed book rejected for AAPL: ask 8920.881782 <= best bid 9999.990388
[BOOK WARN] Crossed book rejected for AAPL: ask 8904.559201 <= best bid 9999.990388
[BOOK WARN] Crossed book rejected for AAPL: ask 8897.009568 <= best bid 9999.990388
[BOOK WARN] Crossed book rejected for AAPL: ask 8902.469386 <= best bid 9999.990388
[BOOK WARN] Crossed book rejected for AAPL: ask 8911.776427 <= best bid 9999.990388
[BOOK WARN] Crossed book rejected for AAPL: ask 8919.460829 <= best bid 9999.990388
[BOOK WARN] Crossed book rejected for AAPL: ask 8927.749004 <= best bid 9999.990388
[BOOK WARN] Crossed book rejected for AAPL: ask 8920.913388 <= best bid 9999.990388
[BOOK WARN] Crossed book rejected for AAPL: ask 8926.841435 <= best bid 9999.990388
[BOOK WARN] Crossed book rejected for AAPL: ask 8932.201168 <= best bid 9999.990388
[BOOK WARN] Crossed book rejected for AAPL: ask 8927.882089 <= best bid 9999.990388
[BOOK WARN] Crossed book rejected for AAPL: ask 8942.228634 <= best bid 9999.990388
[BOOK WARN] Crossed book rejected for AAPL: ask 8956.079795 <= best bid 9999.990388
[BOOK WARN] Crossed book rejected for AAPL: ask 8952.884058 <= best bid 9999.990388
[BOOK WARN] Crossed book rejected for AAPL: ask 8957.907487 <= best bid 9999.990388
[BOOK WARN] Crossed book rejected for AAPL: ask 8961.526781 <= best bid 9999.990388
[BOOK WARN] Crossed book rejected for AAPL: ask 8941.202377 <= best bid 9999.990388
[BOOK WARN] Crossed book rejected for AAPL: ask 8933.487667 <= best bid 9999.990388
[BOOK WARN] Crossed book rejected for AAPL: ask 8925.044681 <= best bid 9999.990388
[BOOK WARN] Crossed book rejected for AAPL: ask 8921.830736 <= best bid 9999.990388
[BOOK WARN] Crossed book rejected for AAPL: ask 8914.291152 <= best bid 9999.990388
[BOOK WARN] Crossed book rejected for AAPL: ask 8918.186819 <= best bid 9999.990388
[BOOK WARN] Crossed book rejected for AAPL: ask 8901.791920 <= best bid 9999.990388
[BOOK WARN] Crossed book rejected for AAPL: ask 8899.805303 <= best bid 9999.990388
[BOOK WARN] Crossed book rejected for AAPL: ask 8894.070403 <= best bid 9999.990388
[BOOK WARN] Crossed book rejected for AAPL: ask 8899.393141 <= best bid 9999.990388
[BOOK WARN] Crossed book rejected for AAPL: ask 8905.697883 <= best bid 9999.990388
[BOOK WARN] Crossed book rejected for AAPL: ask 8925.713117 <= best bid 9999.990388
[BOOK WARN] Crossed book rejected for AAPL: ask 8913.302290 <= best bid 9999.990388
[BOOK WARN] Crossed book rejected for AAPL: ask 8908.233776 <= best bid 9999.990388
[BOOK WARN] Crossed book rejected for AAPL: ask 8904.922261 <= best bid 9999.990388
[BOOK WARN] Crossed book rejected for AAPL: ask 8901.984858 <= best bid 9999.990388
[BOOK WARN] Crossed book rejected for AAPL: ask 8906.390022 <= best bid 9999.990388
[BOOK WARN] Crossed book rejected for AAPL: ask 8907.687957 <= best bid 9999.990388
[BOOK WARN] Crossed book rejected for AAPL: ask 8922.597322 <= best bid 9999.990388
[BOOK WARN] Crossed book rejected for AAPL: ask 8927.806213 <= best bid 9999.990388
[BOOK WARN] Crossed book rejected for AAPL: ask 8922.230060 <= best bid 9999.990388
[BOOK WARN] Crossed book rejected for AAPL: ask 8923.440932 <= best bid 9999.990388
[BOOK WARN] Crossed book rejected for AAPL: ask 8912.794533 <= best bid 9999.990388
[BOOK WARN] Crossed book rejected for AAPL: ask 8909.302128 <= best bid 9999.990388
[BOOK WARN] Crossed book rejected for AAPL: ask 8912.945311 <= best bid 9999.990388
[BOOK WARN] Crossed book rejected for AAPL: ask 8919.610544 <= best bid 9999.990388
[BOOK WARN] Crossed book rejected for AAPL: ask 8915.368399 <= best bid 9999.990388
[BOOK WARN] Crossed book rejected for AAPL: ask 8902.076703 <= best bid 9999.990388
[BOOK WARN] Crossed book rejected for AAPL: ask 8879.374693 <= best bid 9999.990388
[BOOK WARN] Crossed book rejected for AAPL: ask 8882.669890 <= best bid 9999.990388
[BOOK WARN] Crossed book rejected for AAPL: ask 8868.837701 <= best bid 9999.990388
[BOOK WARN] Crossed book rejected for AAPL: ask 8871.275463 <= best bid 9999.990388
[BOOK WARN] Crossed book rejected for AAPL: ask 8864.424653 <= best bid 9999.990388
[BOOK WARN] Crossed book rejected for AAPL: ask 8856.811345 <= best bid 9999.990388
[BOOK WARN] Crossed book rejected for AAPL: ask 8873.598097 <= best bid 9999.990388
[BOOK WARN] Crossed book rejected for AAPL: ask 8873.458370 <= best bid 9999.990388
[BOOK WARN] Crossed book rejected for AAPL: ask 8875.341399 <= best bid 9999.990388
[BOOK WARN] Crossed book rejected for AAPL: ask 8878.798778 <= best bid 9999.990388
[BOOK WARN] Crossed book rejected for AAPL: ask 8887.261646 <= best bid 9999.990388
[BOOK WARN] Crossed book rejected for AAPL: ask 8883.733362 <= best bid 9999.990388
[BOOK WARN] Crossed book rejected for AAPL: ask 8891.946841 <= best bid 9999.990388
[BOOK WARN] Crossed book rejected for AAPL: ask 8891.415491 <= best bid 9999.990388
[BOOK WARN] Crossed book rejected for AAPL: ask 8900.832297 <= best bid 9999.990388
[BOOK WARN] Crossed book rejected for AAPL: ask 8896.369751 <= best bid 9999.990388
[BOOK WARN] Crossed book rejected for AAPL: ask 8889.557327 <= best bid 9999.990388
[BOOK WARN] Crossed book rejected for AAPL: ask 8897.086244 <= best bid 9999.990388
[BOOK WARN] Crossed book rejected for AAPL: ask 8897.770483 <= best bid 9999.990388
[BOOK WARN] Crossed book rejected for AAPL: ask 8904.034204 <= best bid 9999.990388
[BOOK WARN] Crossed book rejected for AAPL: ask 8900.491077 <= best bid 9999.990388
[BOOK WARN] Crossed book rejected for AAPL: ask 8893.119655 <= best bid 9999.990388
[BOOK WARN] Crossed book rejected for AAPL: ask 8897.081311 <= best bid 9999.990388
[BOOK WARN] Crossed book rejected for AAPL: ask 8892.455644 <= best bid 9999.990388
[BOOK WARN] Crossed book rejected for AAPL: ask 8885.598976 <= best bid 9999.990388
[BOOK WARN] Crossed book rejected for AAPL: ask 8894.295937 <= best bid 9999.990388
[BOOK WARN] Crossed book rejected for AAPL: ask 8908.614692 <= best bid 9999.990388
[BOOK WARN] Crossed book rejected for AAPL: ask 8898.106184 <= best bid 9999.990388
[BOOK WARN] Crossed book rejected for AAPL: ask 8901.118524 <= best bid 9999.990388
[BOOK WARN] Crossed book rejected for AAPL: ask 8902.289337 <= best bid 9999.990388
[BOOK WARN] Crossed book rejected for AAPL: ask 8897.325844 <= best bid 9999.990388
[BOOK WARN] Crossed book rejected for AAPL: ask 8892.409701 <= best bid 9999.990388
[BOOK WARN] Crossed book rejected for AAPL: ask 8878.883180 <= best bid 9999.990388
[BOOK WARN] Crossed book rejected for AAPL: ask 8878.671998 <= best bid 9999.990388
[BOOK WARN] Crossed book rejected for AAPL: ask 8880.032033 <= best bid 9999.990388
[BOOK WARN] Crossed book rejected for AAPL: ask 8865.084063 <= best bid 9999.990388
[BOOK WARN] Crossed book rejected for AAPL: ask 8873.238776 <= best bid 9999.990388
[BOOK WARN] Crossed book rejected for AAPL: ask 8883.565720 <= best bid 9999.990388
[BOOK WARN] Crossed book rejected for AAPL: ask 8883.693191 <= best bid 9999.990388
[BOOK WARN] Crossed book rejected for AAPL: ask 8883.050421 <= best bid 9999.990388
[BOOK WARN] Crossed book rejected for AAPL: ask 8892.438485 <= best bid 9999.990388
[BOOK WARN] Crossed book rejected for AAPL: ask 8904.571080 <= best bid 9999.990388
[BOOK WARN] Crossed book rejected for AAPL: ask 8906.628503 <= best bid 9999.990388
[BOOK WARN] Crossed book rejected for AAPL: ask 8918.207726 <= best bid 9999.990388
[BOOK WARN] Crossed book rejected for AAPL: ask 8948.412271 <= best bid 9999.990388
[BOOK WARN] Crossed book rejected for AAPL: ask 8937.858565 <= best bid 9999.990388
[BOOK WARN] Crossed book rejected for AAPL: ask 8930.646328 <= best bid 9999.990388
[BOOK WARN] Crossed book rejected for AAPL: ask 8939.074186 <= best bid 9999.990388
[BOOK WARN] Crossed book rejected for AAPL: ask 8941.320523 <= best bid 9999.990388
[BOOK WARN] Crossed book rejected for AAPL: ask 8939.486239 <= best bid 9999.990388
[BOOK WARN] Crossed book rejected for AAPL: ask 8920.300784 <= best bid 9999.990388
[BOOK WARN] Crossed book rejected for AAPL: ask 8924.180865 <= best bid 9999.990388
[BOOK WARN] Crossed book rejected for AAPL: ask 8940.726418 <= best bid 9999.990388
[BOOK WARN] Crossed book rejected for AAPL: ask 8959.997307 <= best bid 9999.990388
[BOOK WARN] Crossed book rejected for AAPL: ask 8971.292070 <= best bid 9999.990388
[BOOK WARN] Crossed book rejected for AAPL: ask 8973.842874 <= best bid 9999.990388
[BOOK WARN] Crossed book rejected for AAPL: ask 8971.015909 <= best bid 9999.990388
[BOOK WARN] Crossed book rejected for AAPL: ask 8972.833930 <= best bid 9999.990388
[BOOK WARN] Crossed book rejected for AAPL: ask 8956.291749 <= best bid 9999.990388
[BOOK WARN] Crossed book rejected for AAPL: ask 8940.313973 <= best bid 9999.990388
[BOOK WARN] Crossed book rejected for AAPL: ask 8940.906426 <= best bid 9999.990388
[BOOK WARN] Crossed book rejected for AAPL: ask 8951.670505 <= best bid 9999.990388
[BOOK WARN] Crossed book rejected for AAPL: ask 8957.669384 <= best bid 9999.990388
[BOOK WARN] Crossed book rejected for AAPL: ask 8974.035505 <= best bid 9999.990388
[BOOK WARN] Crossed book rejected for AAPL: ask 8968.409367 <= best bid 9999.990388
[BOOK WARN] Crossed book rejected for AAPL: ask 8950.966079 <= best bid 9999.990388
[BOOK WARN] Crossed book rejected for AAPL: ask 8956.697117 <= best bid 9999.990388
[BOOK WARN] Crossed book rejected for AAPL: ask 8939.139523 <= best bid 9999.990388
[BOOK WARN] Crossed book rejected for AAPL: ask 8944.737244 <= best bid 9999.990388
[BOOK WARN] Crossed book rejected for AAPL: ask 8949.755763 <= best bid 9999.990388
[BOOK WARN] Crossed book rejected for AAPL: ask 8945.727816 <= best bid 9999.990388
[BOOK WARN] Crossed book rejected for AAPL: ask 8930.635665 <= best bid 9999.990388
[BOOK WARN] Crossed book rejected for AAPL: ask 8928.979096 <= best bid 9999.990388
[BOOK WARN] Crossed book rejected for AAPL: ask 8929.368089 <= best bid 9999.990388
[BOOK WARN] Crossed book rejected for AAPL: ask 8939.513014 <= best bid 9999.990388
[BOOK WARN] Crossed book rejected for AAPL: ask 8945.311953 <= best bid 9999.990388
[BOOK WARN] Crossed book rejected for AAPL: ask 8944.393680 <= best bid 9999.990388
[BOOK WARN] Crossed book rejected for AAPL: ask 8946.384086 <= best bid 9999.990388
[BOOK WARN] Crossed book rejected for AAPL: ask 8919.991490 <= best bid 9999.990388
[BOOK WARN] Crossed book rejected for AAPL: ask 8916.464280 <= best bid 9999.990388
[BOOK WARN] Crossed book rejected for AAPL: ask 8911.875486 <= best bid 9999.990388
[BOOK WARN] Crossed book rejected for AAPL: ask 8921.923883 <= best bid 9999.990388
[BOOK WARN] Crossed book rejected for AAPL: ask 8934.506928 <= best bid 9999.990388
[BOOK WARN] Crossed book rejected for AAPL: ask 8931.969061 <= best bid 9999.990388
[BOOK WARN] Crossed book rejected for AAPL: ask 8924.768424 <= best bid 9999.990388
[BOOK WARN] Crossed book rejected for AAPL: ask 8940.727316 <= best bid 9999.990388
[BOOK WARN] Crossed book rejected for AAPL: ask 8948.491623 <= best bid 9999.990388
[BOOK WARN] Crossed book rejected for AAPL: ask 8963.140961 <= best bid 9999.990388
[BOOK WARN] Crossed book rejected for AAPL: ask 8962.011985 <= best bid 9999.990388
[BOOK WARN] Crossed book rejected for AAPL: ask 8953.119681 <= best bid 9999.990388
[BOOK WARN] Crossed book rejected for AAPL: ask 8947.578035 <= best bid 9999.990388
[BOOK WARN] Crossed book rejected for AAPL: ask 8943.922502 <= best bid 9999.990388
[BOOK WARN] Crossed book rejected for AAPL: ask 8946.636605 <= best bid 9999.990388
[BOOK WARN] Crossed book rejected for AAPL: ask 8939.967726 <= best bid 9999.990388
[BOOK WARN] Crossed book rejected for AAPL: ask 8921.086887 <= best bid 9999.990388
[BOOK WARN] Crossed book rejected for AAPL: ask 8931.145939 <= best bid 9999.990388
[BOOK WARN] Crossed book rejected for AAPL: ask 8933.380294 <= best bid 9999.990388
[BOOK WARN] Crossed book rejected for AAPL: ask 8932.869277 <= best bid 9999.990388
[BOOK WARN] Crossed book rejected for AAPL: ask 8923.714278 <= best bid 9999.990388
[BOOK WARN] Crossed book rejected for AAPL: ask 8925.827881 <= best bid 9999.990388
[BOOK WARN] Crossed book rejected for AAPL: ask 8920.535449 <= best bid 9999.990388
[BOOK WARN] Crossed book rejected for AAPL: ask 8916.578395 <= best bid 9999.990388
[BOOK WARN] Crossed book rejected for AAPL: ask 8900.639034 <= best bid 9999.990388
[BOOK WARN] Crossed book rejected for AAPL: ask 8906.782525 <= best bid 9999.990388
[BOOK WARN] Crossed book rejected for AAPL: ask 8896.726340 <= best bid 9999.990388
[BOOK WARN] Crossed book rejected for AAPL: ask 8889.022456 <= best bid 9999.990388
[BOOK WARN] Crossed book rejected for AAPL: ask 8884.782418 <= best bid 9999.990388
[BOOK WARN] Crossed book rejected for AAPL: ask 8893.798988 <= best bid 9999.990388
[BOOK WARN] Crossed book rejected for AAPL: ask 8904.313339 <= best bid 9999.990388
[BOOK WARN] Crossed book rejected for AAPL: ask 8899.919675 <= best bid 9999.990388
[BOOK WARN] Crossed book rejected for AAPL: ask 8911.229882 <= best bid 9999.990388
[BOOK WARN] Crossed book rejected for AAPL: ask 8916.901976 <= best bid 9999.990388
[BOOK WARN] Crossed book rejected for AAPL: ask 8911.467347 <= best bid 9999.990388
[BOOK WARN] Crossed book rejected for AAPL: ask 8904.045456 <= best bid 9999.990388
[BOOK WARN] Crossed book rejected for AAPL: ask 8901.360751 <= best bid 9999.990388
[BOOK WARN] Crossed book rejected for AAPL: ask 8922.541497 <= best bid 9999.990388
[BOOK WARN] Crossed book rejected for AAPL: ask 8927.678282 <= best bid 9999.990388
[BOOK WARN] Crossed book rejected for AAPL: ask 8934.654521 <= best bid 9999.990388
[BOOK WARN] Crossed book rejected for AAPL: ask 8912.564261 <= best bid 9999.990388
[BOOK WARN] Crossed book rejected for AAPL: ask 8909.870106 <= best bid 9999.990388
[BOOK WARN] Crossed book rejected for AAPL: ask 8889.355509 <= best bid 9999.990388
[BOOK WARN] Crossed book rejected for AAPL: ask 8888.866259 <= best bid 9999.990388
[BOOK WARN] Crossed book rejected for AAPL: ask 8896.303895 <= best bid 9999.990388
[BOOK WARN] Crossed book rejected for AAPL: ask 8884.082760 <= best bid 9999.990388
[BOOK WARN] Crossed book rejected for AAPL: ask 8876.782948 <= best bid 9999.990388
[BOOK WARN] Crossed book rejected for AAPL: ask 8882.607499 <= best bid 9999.990388
[BOOK WARN] Crossed book rejected for AAPL: ask 8873.207939 <= best bid 9999.990388
[BOOK WARN] Crossed book rejected for AAPL: ask 8874.008868 <= best bid 9999.990388
[BOOK WARN] Crossed book rejected for AAPL: ask 8879.885270 <= best bid 9999.990388
[BOOK WARN] Crossed book rejected for AAPL: ask 8879.293950 <= best bid 9999.990388
[BOOK WARN] Crossed book rejected for AAPL: ask 8886.072677 <= best bid 9999.990388
[BOOK WARN] Crossed book rejected for AAPL: ask 8864.990052 <= best bid 9999.990388
[BOOK WARN] Crossed book rejected for AAPL: ask 8857.009434 <= best bid 9999.990388
[BOOK WARN] Crossed book rejected for AAPL: ask 8856.103318 <= best bid 9999.990388
[BOOK WARN] Crossed book rejected for AAPL: ask 8856.881381 <= best bid 9999.990388
[BOOK WARN] Crossed book rejected for AAPL: ask 8857.445812 <= best bid 9999.990388
[BOOK WARN] Crossed book rejected for AAPL: ask 8853.563862 <= best bid 9999.990388
[BOOK WARN] Crossed book rejected for AAPL: ask 8858.059407 <= best bid 9999.990388
[BOOK WARN] Crossed book rejected for AAPL: ask 8838.393922 <= best bid 9999.990388
[BOOK WARN] Crossed book rejected for AAPL: ask 8850.964636 <= best bid 9999.990388
[BOOK WARN] Crossed book rejected for AAPL: ask 8849.929028 <= best bid 9999.990388
[BOOK WARN] Crossed book rejected for AAPL: ask 8847.761143 <= best bid 9999.990388
[BOOK WARN] Crossed book rejected for AAPL: ask 8850.733415 <= best bid 9999.990388
[BOOK WARN] Crossed book rejected for AAPL: ask 8845.488688 <= best bid 9999.990388
[BOOK WARN] Crossed book rejected for AAPL: ask 8846.060903 <= best bid 9999.990388
[BOOK WARN] Crossed book rejected for AAPL: ask 8842.285131 <= best bid 9999.990388
[BOOK WARN] Crossed book rejected for AAPL: ask 8841.855796 <= best bid 9999.990388
[BOOK WARN] Crossed book rejected for AAPL: ask 8830.525322 <= best bid 9999.990388
[BOOK WARN] Crossed book rejected for AAPL: ask 8838.377535 <= best bid 9999.990388
[BOOK WARN] Crossed book rejected for AAPL: ask 8839.388838 <= best bid 9999.990388
[BOOK WARN] Crossed book rejected for AAPL: ask 8840.025571 <= best bid 9999.990388
[BOOK WARN] Crossed book rejected for AAPL: ask 8830.800131 <= best bid 9999.990388
[BOOK WARN] Crossed book rejected for AAPL: ask 8838.600286 <= best bid 9999.990388
[BOOK WARN] Crossed book rejected for AAPL: ask 8842.182871 <= best bid 9999.990388
[BOOK WARN] Crossed book rejected for AAPL: ask 8841.759770 <= best bid 9999.990388
[BOOK WARN] Crossed book rejected for AAPL: ask 8846.744612 <= best bid 9999.990388
[BOOK WARN] Crossed book rejected for AAPL: ask 8839.206017 <= best bid 9999.990388
[BOOK WARN] Crossed book rejected for AAPL: ask 8847.689570 <= best bid 9999.990388
[BOOK WARN] Crossed book rejected for AAPL: ask 8848.712301 <= best bid 9999.990388
[BOOK WARN] Crossed book rejected for AAPL: ask 8844.940455 <= best bid 9999.990388
[BOOK WARN] Crossed book rejected for AAPL: ask 8846.446578 <= best bid 9999.990388
[BOOK WARN] Crossed book rejected for AAPL: ask 8845.314810 <= best bid 9999.990388
[BOOK WARN] Crossed book rejected for AAPL: ask 8844.072233 <= best bid 9999.990388
[BOOK WARN] Crossed book rejected for AAPL: ask 8827.901469 <= best bid 9999.990388
[BOOK WARN] Crossed book rejected for AAPL: ask 8833.666044 <= best bid 9999.990388
[BOOK WARN] Crossed book rejected for AAPL: ask 8849.094658 <= best bid 9999.990388
[BOOK WARN] Crossed book rejected for AAPL: ask 8844.201082 <= best bid 9999.990388
[BOOK WARN] Crossed book rejected for AAPL: ask 8853.192673 <= best bid 9999.990388
[BOOK WARN] Crossed book rejected for AAPL: ask 8869.801552 <= best bid 9999.990388
[BOOK WARN] Crossed book rejected for AAPL: ask 8853.876219 <= best bid 9999.990388
[BOOK WARN] Crossed book rejected for AAPL: ask 8852.111582 <= best bid 9999.990388
[BOOK WARN] Crossed book rejected for AAPL: ask 8863.338688 <= best bid 9999.990388
[BOOK WARN] Crossed book rejected for AAPL: ask 8853.686512 <= best bid 9999.990388
[BOOK WARN] Crossed book rejected for AAPL: ask 8860.917699 <= best bid 9999.990388
[BOOK WARN] Crossed book rejected for AAPL: ask 8857.929158 <= best bid 9999.990388
[BOOK WARN] Crossed book rejected for AAPL: ask 8853.300444 <= best bid 9999.990388
[BOOK WARN] Crossed book rejected for AAPL: ask 8852.377312 <= best bid 9999.990388
[BOOK WARN] Crossed book rejected for AAPL: ask 8849.620798 <= best bid 9999.990388
[BOOK WARN] Crossed book rejected for AAPL: ask 8855.724047 <= best bid 9999.990388
[BOOK WARN] Crossed book rejected for AAPL: ask 8861.534864 <= best bid 9999.990388
[BOOK WARN] Crossed book rejected for AAPL: ask 8858.310738 <= best bid 9999.990388
[BOOK WARN] Crossed book rejected for AAPL: ask 8850.779945 <= best bid 9999.990388
[BOOK WARN] Crossed book rejected for AAPL: ask 8856.909311 <= best bid 9999.990388
[BOOK WARN] Crossed book rejected for AAPL: ask 8859.653606 <= best bid 9999.990388
[BOOK WARN] Crossed book rejected for AAPL: ask 8859.463734 <= best bid 9999.990388
[BOOK WARN] Crossed book rejected for AAPL: ask 8854.424360 <= best bid 9999.990388
[BOOK WARN] Crossed book rejected for AAPL: ask 8863.986006 <= best bid 9999.990388
[BOOK WARN] Crossed book rejected for AAPL: ask 8867.470911 <= best bid 9999.990388
[BOOK WARN] Crossed book rejected for AAPL: ask 8876.305140 <= best bid 9999.990388
[BOOK WARN] Crossed book rejected for AAPL: ask 8880.547927 <= best bid 9999.990388
[BOOK WARN] Crossed book rejected for AAPL: ask 8864.844277 <= best bid 9999.990388
[BOOK WARN] Crossed book rejected for AAPL: ask 8850.131577 <= best bid 9999.990388
[BOOK WARN] Crossed book rejected for AAPL: ask 8844.703163 <= best bid 9999.990388
[BOOK WARN] Crossed book rejected for AAPL: ask 8841.029514 <= best bid 9999.990388
[BOOK WARN] Crossed book rejected for AAPL: ask 8840.823374 <= best bid 9999.990388
[BOOK WARN] Crossed book rejected for AAPL: ask 8844.514855 <= best bid 9999.990388
[BOOK WARN] Crossed book rejected for AAPL: ask 8853.867545 <= best bid 9999.990388
[BOOK WARN] Crossed book rejected for AAPL: ask 8842.408000 <= best bid 9999.990388
[BOOK WARN] Crossed book rejected for AAPL: ask 8839.966172 <= best bid 9999.990388
[BOOK WARN] Crossed book rejected for AAPL: ask 8826.740871 <= best bid 9999.990388
[BOOK WARN] Crossed book rejected for AAPL: ask 8810.987048 <= best bid 9999.990388
[BOOK WARN] Crossed book rejected for AAPL: ask 8798.352434 <= best bid 9999.990388
[BOOK WARN] Crossed book rejected for AAPL: ask 8791.476491 <= best bid 9999.990388
[BOOK WARN] Crossed book rejected for AAPL: ask 8791.152584 <= best bid 9999.990388
[BOOK WARN] Crossed book rejected for AAPL: ask 8801.049303 <= best bid 9999.990388
[BOOK WARN] Crossed book rejected for AAPL: ask 8803.527412 <= best bid 9999.990388
[BOOK WARN] Crossed book rejected for AAPL: ask 8813.103410 <= best bid 9999.990388
[BOOK WARN] Crossed book rejected for AAPL: ask 8810.612952 <= best bid 9999.990388
[BOOK WARN] Crossed book rejected for AAPL: ask 8819.525217 <= best bid 9999.990388
[BOOK WARN] Crossed book rejected for AAPL: ask 8824.464543 <= best bid 9999.990388
[BOOK WARN] Crossed book rejected for AAPL: ask 8827.536193 <= best bid 9999.990388
[BOOK WARN] Crossed book rejected for AAPL: ask 8825.294959 <= best bid 9999.990388
[BOOK WARN] Crossed book rejected for AAPL: ask 8811.977960 <= best bid 9999.990388
[BOOK WARN] Crossed book rejected for AAPL: ask 8818.774493 <= best bid 9999.990388
[BOOK WARN] Crossed book rejected for AAPL: ask 8809.833418 <= best bid 9999.990388
[BOOK WARN] Crossed book rejected for AAPL: ask 8803.806951 <= best bid 9999.990388
[BOOK WARN] Crossed book rejected for AAPL: ask 8811.201054 <= best bid 9999.990388
[BOOK WARN] Crossed book rejected for AAPL: ask 8807.825856 <= best bid 9999.990388
[BOOK WARN] Crossed book rejected for AAPL: ask 8802.388270 <= best bid 9999.990388
[BOOK WARN] Crossed book rejected for AAPL: ask 8807.043018 <= best bid 9999.990388
[BOOK WARN] Crossed book rejected for AAPL: ask 8805.550894 <= best bid 9999.990388
[BOOK WARN] Crossed book rejected for AAPL: ask 8806.997221 <= best bid 9999.990388
[BOOK WARN] Crossed book rejected for AAPL: ask 8809.059956 <= best bid 9999.990388
[BOOK WARN] Crossed book rejected for AAPL: ask 8801.282768 <= best bid 9999.990388
[BOOK WARN] Crossed book rejected for AAPL: ask 8814.493854 <= best bid 9999.990388
[BOOK WARN] Crossed book rejected for AAPL: ask 8807.792968 <= best bid 9999.990388
[BOOK WARN] Crossed book rejected for AAPL: ask 8795.219280 <= best bid 9999.990388
[BOOK WARN] Crossed book rejected for AAPL: ask 8796.445434 <= best bid 9999.990388
[BOOK WARN] Crossed book rejected for AAPL: ask 8802.043600 <= best bid 9999.990388
[BOOK WARN] Crossed book rejected for AAPL: ask 8804.402939 <= best bid 9999.990388
[BOOK WARN] Crossed book rejected for AAPL: ask 8814.098188 <= best bid 9999.990388
[BOOK WARN] Crossed book rejected for AAPL: ask 8819.337270 <= best bid 9999.990388
[BOOK WARN] Crossed book rejected for AAPL: ask 8812.903288 <= best bid 9999.990388
[BOOK WARN] Crossed book rejected for AAPL: ask 8824.458296 <= best bid 9999.990388
[BOOK WARN] Crossed book rejected for AAPL: ask 8817.793043 <= best bid 9999.990388
[BOOK WARN] Crossed book rejected for AAPL: ask 8815.026081 <= best bid 9999.990388
[BOOK WARN] Crossed book rejected for AAPL: ask 8819.318530 <= best bid 9999.990388
[BOOK WARN] Crossed book rejected for AAPL: ask 8818.031078 <= best bid 9999.990388
[BOOK WARN] Crossed book rejected for AAPL: ask 8819.575747 <= best bid 9999.990388
[BOOK WARN] Crossed book rejected for AAPL: ask 8822.643503 <= best bid 9999.990388
[BOOK WARN] Crossed book rejected for AAPL: ask 8830.718163 <= best bid 9999.990388
[BOOK WARN] Crossed book rejected for AAPL: ask 8843.602273 <= best bid 9999.990388
[BOOK WARN] Crossed book rejected for AAPL: ask 8845.708787 <= best bid 9999.990388
[BOOK WARN] Crossed book rejected for AAPL: ask 8840.560539 <= best bid 9999.990388
[BOOK WARN] Crossed book rejected for AAPL: ask 8852.974283 <= best bid 9999.990388
[BOOK WARN] Crossed book rejected for AAPL: ask 8843.505324 <= best bid 9999.990388
[BOOK WARN] Crossed book rejected for AAPL: ask 8848.722863 <= best bid 9999.990388
[BOOK WARN] Crossed book rejected for AAPL: ask 8854.983374 <= best bid 9999.990388
[BOOK WARN] Crossed book rejected for AAPL: ask 8847.616130 <= best bid 9999.990388
[BOOK WARN] Crossed book rejected for AAPL: ask 8842.030059 <= best bid 9999.990388
[BOOK WARN] Crossed book rejected for AAPL: ask 8841.065458 <= best bid 9999.990388
[BOOK WARN] Crossed book rejected for AAPL: ask 8855.664481 <= best bid 9999.990388
[BOOK WARN] Crossed book rejected for AAPL: ask 8844.214736 <= best bid 9999.990388
[BOOK WARN] Crossed book rejected for AAPL: ask 8852.463902 <= best bid 9999.990388
[BOOK WARN] Crossed book rejected for AAPL: ask 8849.812693 <= best bid 9999.990388
[BOOK WARN] Crossed book rejected for AAPL: ask 8840.223574 <= best bid 9999.990388
[BOOK WARN] Crossed book rejected for AAPL: ask 8830.684133 <= best bid 9999.990388
[BOOK WARN] Crossed book rejected for AAPL: ask 8839.223722 <= best bid 9999.990388
[BOOK WARN] Crossed book rejected for AAPL: ask 8834.695888 <= best bid 9999.990388
[BOOK WARN] Crossed book rejected for AAPL: ask 8837.745279 <= best bid 9999.990388
[BOOK WARN] Crossed book rejected for AAPL: ask 8834.651022 <= best bid 9999.990388
[BOOK WARN] Crossed book rejected for AAPL: ask 8836.292474 <= best bid 9999.990388
[BOOK WARN] Crossed book rejected for AAPL: ask 8843.062890 <= best bid 9999.990388
[BOOK WARN] Crossed book rejected for AAPL: ask 8843.685619 <= best bid 9999.990388
[BOOK WARN] Crossed book rejected for AAPL: ask 8840.100945 <= best bid 9999.990388
[BOOK WARN] Crossed book rejected for AAPL: ask 8844.777975 <= best bid 9999.990388
[BOOK WARN] Crossed book rejected for AAPL: ask 8845.785444 <= best bid 9999.990388
[BOOK WARN] Crossed book rejected for AAPL: ask 8825.082850 <= best bid 9999.990388
[BOOK WARN] Crossed book rejected for AAPL: ask 8832.298577 <= best bid 9999.990388
[BOOK WARN] Crossed book rejected for AAPL: ask 8842.733769 <= best bid 9999.990388
[BOOK WARN] Crossed book rejected for AAPL: ask 8848.744232 <= best bid 9999.990388
[BOOK WARN] Crossed book rejected for AAPL: ask 8858.452452 <= best bid 9999.990388
[BOOK WARN] Crossed book rejected for AAPL: ask 8851.249340 <= best bid 9999.990388
[BOOK WARN] Crossed book rejected for AAPL: ask 8860.075033 <= best bid 9999.990388
[BOOK WARN] Crossed book rejected for AAPL: ask 8860.428677 <= best bid 9999.990388
[BOOK WARN] Crossed book rejected for AAPL: ask 8867.231848 <= best bid 9999.990388
[BOOK WARN] Crossed book rejected for AAPL: ask 8854.238813 <= best bid 9999.990388
[BOOK WARN] Crossed book rejected for AAPL: ask 8859.431708 <= best bid 9999.990388
[BOOK WARN] Crossed book rejected for AAPL: ask 8873.635514 <= best bid 9999.990388
[BOOK WARN] Crossed book rejected for AAPL: ask 8875.537508 <= best bid 9999.990388
[BOOK WARN] Crossed book rejected for AAPL: ask 8885.598512 <= best bid 9999.990388
[BOOK WARN] Crossed book rejected for AAPL: ask 8881.397156 <= best bid 9999.990388
[BOOK WARN] Crossed book rejected for AAPL: ask 8868.183981 <= best bid 9999.990388
[BOOK WARN] Crossed book rejected for AAPL: ask 8867.931883 <= best bid 9999.990388
[BOOK WARN] Crossed book rejected for AAPL: ask 8860.875698 <= best bid 9999.990388
[BOOK WARN] Crossed book rejected for AAPL: ask 8864.597879 <= best bid 9999.990388
[BOOK WARN] Crossed book rejected for AAPL: ask 8858.192713 <= best bid 9999.990388
[BOOK WARN] Crossed book rejected for AAPL: ask 8862.341848 <= best bid 9999.990388
[BOOK WARN] Crossed book rejected for AAPL: ask 8881.836046 <= best bid 9999.990388
[BOOK WARN] Crossed book rejected for AAPL: ask 8886.957553 <= best bid 9999.990388
[BOOK WARN] Crossed book rejected for AAPL: ask 8891.783830 <= best bid 9999.990388
[BOOK WARN] Crossed book rejected for AAPL: ask 8887.376740 <= best bid 9999.990388
[BOOK WARN] Crossed book rejected for AAPL: ask 8882.719210 <= best bid 9999.990388
[BOOK WARN] Crossed book rejected for AAPL: ask 8879.444143 <= best bid 9999.990388
[BOOK WARN] Crossed book rejected for AAPL: ask 8858.327385 <= best bid 9999.990388
[BOOK WARN] Crossed book rejected for AAPL: ask 8851.906348 <= best bid 9999.990388
[BOOK WARN] Crossed book rejected for AAPL: ask 8861.371467 <= best bid 9999.990388
[BOOK WARN] Crossed book rejected for AAPL: ask 8847.444904 <= best bid 9999.990388
[BOOK WARN] Crossed book rejected for AAPL: ask 8855.218130 <= best bid 9999.990388
[BOOK WARN] Crossed book rejected for AAPL: ask 8842.225905 <= best bid 9999.990388
[BOOK WARN] Crossed book rejected for AAPL: ask 8853.504303 <= best bid 9999.990388
[BOOK WARN] Crossed book rejected for AAPL: ask 8860.166078 <= best bid 9999.990388
[BOOK WARN] Crossed book rejected for AAPL: ask 8861.743643 <= best bid 9999.990388
[BOOK WARN] Crossed book rejected for AAPL: ask 8856.294201 <= best bid 9999.990388
[BOOK WARN] Crossed book rejected for AAPL: ask 8845.669160 <= best bid 9999.990388
[BOOK WARN] Crossed book rejected for AAPL: ask 8840.604237 <= best bid 9999.990388
[BOOK WARN] Crossed book rejected for AAPL: ask 8836.015513 <= best bid 9999.990388
[BOOK WARN] Crossed book rejected for AAPL: ask 8824.013339 <= best bid 9999.990388
[BOOK WARN] Crossed book rejected for AAPL: ask 8836.744462 <= best bid 9999.990388
[BOOK WARN] Crossed book rejected for AAPL: ask 8843.574038 <= best bid 9999.990388
[BOOK WARN] Crossed book rejected for AAPL: ask 8831.034406 <= best bid 9999.990388
[BOOK WARN] Crossed book rejected for AAPL: ask 8848.197994 <= best bid 9999.990388
[BOOK WARN] Crossed book rejected for AAPL: ask 8850.714027 <= best bid 9999.990388
[BOOK WARN] Crossed book rejected for AAPL: ask 8842.690382 <= best bid 9999.990388
[BOOK WARN] Crossed book rejected for AAPL: ask 8850.794486 <= best bid 9999.990388
[BOOK WARN] Crossed book rejected for AAPL: ask 8850.640812 <= best bid 9999.990388
[BOOK WARN] Crossed book rejected for AAPL: ask 8860.860910 <= best bid 9999.990388
[BOOK WARN] Crossed book rejected for AAPL: ask 8855.451660 <= best bid 9999.990388
[BOOK WARN] Crossed book rejected for AAPL: ask 8852.868781 <= best bid 9999.990388
[BOOK WARN] Crossed book rejected for AAPL: ask 8840.290627 <= best bid 9999.990388
[BOOK WARN] Crossed book rejected for AAPL: ask 8837.680508 <= best bid 9999.990388
[BOOK WARN] Crossed book rejected for AAPL: ask 8842.540200 <= best bid 9999.990388
[BOOK WARN] Crossed book rejected for AAPL: ask 8830.796769 <= best bid 9999.990388
[BOOK WARN] Crossed book rejected for AAPL: ask 8825.863677 <= best bid 9999.990388
[BOOK WARN] Crossed book rejected for AAPL: ask 8831.616423 <= best bid 9999.990388
[BOOK WARN] Crossed book rejected for AAPL: ask 8843.816589 <= best bid 9999.990388
[BOOK WARN] Crossed book rejected for AAPL: ask 8834.931771 <= best bid 9999.990388
[BOOK WARN] Crossed book rejected for AAPL: ask 8842.656744 <= best bid 9999.990388
[BOOK WARN] Crossed book rejected for AAPL: ask 8853.102538 <= best bid 9999.990388
[BOOK WARN] Crossed book rejected for AAPL: ask 8856.478848 <= best bid 9999.990388
[BOOK WARN] Crossed book rejected for AAPL: ask 8870.655737 <= best bid 9999.990388
[BOOK WARN] Crossed book rejected for AAPL: ask 8880.352947 <= best bid 9999.990388
[BOOK WARN] Crossed book rejected for AAPL: ask 8881.276967 <= best bid 9999.990388
[BOOK WARN] Crossed book rejected for AAPL: ask 8870.434534 <= best bid 9999.990388
[BOOK WARN] Crossed book rejected for AAPL: ask 8881.990213 <= best bid 9999.990388
[BOOK WARN] Crossed book rejected for AAPL: ask 8885.339207 <= best bid 9999.990388
[BOOK WARN] Crossed book rejected for AAPL: ask 8883.567476 <= best bid 9999.990388
[BOOK WARN] Crossed book rejected for AAPL: ask 8880.869429 <= best bid 9999.990388
[BOOK WARN] Crossed book rejected for AAPL: ask 8873.426365 <= best bid 9999.990388
[BOOK WARN] Crossed book rejected for AAPL: ask 8882.857867 <= best bid 9999.990388
[BOOK WARN] Crossed book rejected for AAPL: ask 8877.170734 <= best bid 9999.990388
[BOOK WARN] Crossed book rejected for AAPL: ask 8894.369432 <= best bid 9999.990388
[BOOK WARN] Crossed book rejected for AAPL: ask 8886.279455 <= best bid 9999.990388
[BOOK WARN] Crossed book rejected for AAPL: ask 8903.637229 <= best bid 9999.990388
[BOOK WARN] Crossed book rejected for AAPL: ask 8902.657317 <= best bid 9999.990388
[BOOK WARN] Crossed book rejected for AAPL: ask 8904.673702 <= best bid 9999.990388
[BOOK WARN] Crossed book rejected for AAPL: ask 8896.064650 <= best bid 9999.990388
[BOOK WARN] Crossed book rejected for AAPL: ask 8918.887572 <= best bid 9999.990388
[BOOK WARN] Crossed book rejected for AAPL: ask 8915.412920 <= best bid 9999.990388
[BOOK WARN] Crossed book rejected for AAPL: ask 8915.536677 <= best bid 9999.990388
[BOOK WARN] Crossed book rejected for AAPL: ask 8912.831778 <= best bid 9999.990388
[BOOK WARN] Crossed book rejected for AAPL: ask 8917.939227 <= best bid 9999.990388
[BOOK WARN] Crossed book rejected for AAPL: ask 8907.220210 <= best bid 9999.990388
[BOOK WARN] Crossed book rejected for AAPL: ask 8901.938561 <= best bid 9999.990388
[BOOK WARN] Crossed book rejected for AAPL: ask 8900.122979 <= best bid 9999.990388
[BOOK WARN] Crossed book rejected for AAPL: ask 8912.397285 <= best bid 9999.990388
[BOOK WARN] Crossed book rejected for AAPL: ask 8906.598312 <= best bid 9999.990388
[BOOK WARN] Crossed book rejected for AAPL: ask 8901.609028 <= best bid 9999.990388
[BOOK WARN] Crossed book rejected for AAPL: ask 8900.772638 <= best bid 9999.990388
[BOOK WARN] Crossed book rejected for AAPL: ask 8905.197750 <= best bid 9999.990388
[BOOK WARN] Crossed book rejected for AAPL: ask 8914.544828 <= best bid 9999.990388
[BOOK WARN] Crossed book rejected for AAPL: ask 8912.252597 <= best bid 9999.990388
[BOOK WARN] Crossed book rejected for AAPL: ask 8917.560594 <= best bid 9999.990388
[BOOK WARN] Crossed book rejected for AAPL: ask 8910.874198 <= best bid 9999.990388
[BOOK WARN] Crossed book rejected for AAPL: ask 8902.529386 <= best bid 9999.990388
[BOOK WARN] Crossed book rejected for AAPL: ask 8899.540787 <= best bid 9999.990388
[BOOK WARN] Crossed book rejected for AAPL: ask 8889.130437 <= best bid 9999.990388
[BOOK WARN] Crossed book rejected for AAPL: ask 8900.545279 <= best bid 9999.990388
[BOOK WARN] Crossed book rejected for AAPL: ask 8906.163636 <= best bid 9999.990388
[BOOK WARN] Crossed book rejected for AAPL: ask 8908.240529 <= best bid 9999.990388
[BOOK WARN] Crossed book rejected for AAPL: ask 8904.731570 <= best bid 9999.990388
[BOOK WARN] Crossed book rejected for AAPL: ask 8907.685088 <= best bid 9999.990388
[BOOK WARN] Crossed book rejected for AAPL: ask 8908.323748 <= best bid 9999.990388
[BOOK WARN] Crossed book rejected for AAPL: ask 8908.281281 <= best bid 9999.990388
[BOOK WARN] Crossed book rejected for AAPL: ask 8903.148706 <= best bid 9999.990388
[BOOK WARN] Crossed book rejected for AAPL: ask 8903.068666 <= best bid 9999.990388
[BOOK WARN] Crossed book rejected for AAPL: ask 8889.333455 <= best bid 9999.990388
[BOOK WARN] Crossed book rejected for AAPL: ask 8899.422761 <= best bid 9999.990388
[BOOK WARN] Crossed book rejected for AAPL: ask 8899.990639 <= best bid 9999.990388
[BOOK WARN] Crossed book rejected for AAPL: ask 8905.309243 <= best bid 9999.990388
[BOOK WARN] Crossed book rejected for AAPL: ask 8891.817081 <= best bid 9999.990388
[BOOK WARN] Crossed book rejected for AAPL: ask 8912.556822 <= best bid 9999.990388
[BOOK WARN] Crossed book rejected for AAPL: ask 8918.796067 <= best bid 9999.990388
[BOOK WARN] Crossed book rejected for AAPL: ask 8924.390085 <= best bid 9999.990388
[BOOK WARN] Crossed book rejected for AAPL: ask 8931.361355 <= best bid 9999.990388
[BOOK WARN] Crossed book rejected for AAPL: ask 8925.955120 <= best bid 9999.990388
[BOOK WARN] Crossed book rejected for AAPL: ask 8910.743926 <= best bid 9999.990388
[BOOK WARN] Crossed book rejected for AAPL: ask 8906.336244 <= best bid 9999.990388
[BOOK WARN] Crossed book rejected for AAPL: ask 8901.312271 <= best bid 9999.990388
[BOOK WARN] Crossed book rejected for AAPL: ask 8890.757053 <= best bid 9999.990388
[BOOK WARN] Crossed book rejected for AAPL: ask 8892.296229 <= best bid 9999.990388
[BOOK WARN] Crossed book rejected for AAPL: ask 8886.973975 <= best bid 9999.990388
[BOOK WARN] Crossed book rejected for AAPL: ask 8888.079349 <= best bid 9999.990388
[BOOK WARN] Crossed book rejected for AAPL: ask 8876.098941 <= best bid 9999.990388
[BOOK WARN] Crossed book rejected for AAPL: ask 8863.004479 <= best bid 9999.990388
[BOOK WARN] Crossed book rejected for AAPL: ask 8868.579090 <= best bid 9999.990388
[BOOK WARN] Crossed book rejected for AAPL: ask 8889.160901 <= best bid 9999.990388
[BOOK WARN] Crossed book rejected for AAPL: ask 8902.928349 <= best bid 9999.990388
[BOOK WARN] Crossed book rejected for AAPL: ask 8900.397396 <= best bid 9999.990388
[BOOK WARN] Crossed book rejected for AAPL: ask 8878.858798 <= best bid 9999.990388
[BOOK WARN] Crossed book rejected for AAPL: ask 8866.885941 <= best bid 9999.990388
[BOOK WARN] Crossed book rejected for AAPL: ask 8866.083725 <= best bid 9999.990388
[BOOK WARN] Crossed book rejected for AAPL: ask 8884.355377 <= best bid 9999.990388
[BOOK WARN] Crossed book rejected for AAPL: ask 8864.738227 <= best bid 9999.990388
[BOOK WARN] Crossed book rejected for AAPL: ask 8867.041668 <= best bid 9999.990388
[BOOK WARN] Crossed book rejected for AAPL: ask 8861.749573 <= best bid 9999.990388
[BOOK WARN] Crossed book rejected for AAPL: ask 8862.878351 <= best bid 9999.990388
[BOOK WARN] Crossed book rejected for AAPL: ask 8859.726234 <= best bid 9999.990388
[BOOK WARN] Crossed book rejected for AAPL: ask 8845.330878 <= best bid 9999.990388
[BOOK WARN] Crossed book rejected for AAPL: ask 8855.982938 <= best bid 9999.990388
[BOOK WARN] Crossed book rejected for AAPL: ask 8858.810006 <= best bid 9999.990388
[BOOK WARN] Crossed book rejected for AAPL: ask 8859.673934 <= best bid 9999.990388
[BOOK WARN] Crossed book rejected for AAPL: ask 8857.251529 <= best bid 9999.990388
[BOOK WARN] Crossed book rejected for AAPL: ask 8847.494722 <= best bid 9999.990388
[BOOK WARN] Crossed book rejected for AAPL: ask 8848.195412 <= best bid 9999.990388
[BOOK WARN] Crossed book rejected for AAPL: ask 8852.842014 <= best bid 9999.990388
[BOOK WARN] Crossed book rejected for AAPL: ask 8839.375910 <= best bid 9999.990388
[BOOK WARN] Crossed book rejected for AAPL: ask 8836.534164 <= best bid 9999.990388
[BOOK WARN] Crossed book rejected for AAPL: ask 8845.928416 <= best bid 9999.990388
[BOOK WARN] Crossed book rejected for AAPL: ask 8847.183219 <= best bid 9999.990388
[BOOK WARN] Crossed book rejected for AAPL: ask 8827.947008 <= best bid 9999.990388
[BOOK WARN] Crossed book rejected for AAPL: ask 8824.777499 <= best bid 9999.990388
[BOOK WARN] Crossed book rejected for AAPL: ask 8822.323934 <= best bid 9999.990388
[BOOK WARN] Crossed book rejected for AAPL: ask 8822.424742 <= best bid 9999.990388
[BOOK WARN] Crossed book rejected for AAPL: ask 8821.035720 <= best bid 9999.990388
[BOOK WARN] Crossed book rejected for AAPL: ask 8831.790858 <= best bid 9999.990388
[BOOK WARN] Crossed book rejected for AAPL: ask 8834.547309 <= best bid 9999.990388
[BOOK WARN] Crossed book rejected for AAPL: ask 8821.974425 <= best bid 9999.990388
[BOOK WARN] Crossed book rejected for AAPL: ask 8833.488440 <= best bid 9999.990388
[BOOK WARN] Crossed book rejected for AAPL: ask 8828.462265 <= best bid 9999.990388
[BOOK WARN] Crossed book rejected for AAPL: ask 8835.854677 <= best bid 9999.990388
[BOOK WARN] Crossed book rejected for AAPL: ask 8845.672177 <= best bid 9999.990388
[BOOK WARN] Crossed book rejected for AAPL: ask 8843.549126 <= best bid 9999.990388
[BOOK WARN] Crossed book rejected for AAPL: ask 8856.820015 <= best bid 9999.990388
[BOOK WARN] Crossed book rejected for AAPL: ask 8852.115773 <= best bid 9999.990388
[BOOK WARN] Crossed book rejected for AAPL: ask 8864.190902 <= best bid 9999.990388
[BOOK WARN] Crossed book rejected for AAPL: ask 8871.869439 <= best bid 9999.990388
[BOOK WARN] Crossed book rejected for AAPL: ask 8855.963278 <= best bid 9999.990388
[BOOK WARN] Crossed book rejected for AAPL: ask 8865.452053 <= best bid 9999.990388
[BOOK WARN] Crossed book rejected for AAPL: ask 8860.086912 <= best bid 9999.990388
[BOOK WARN] Crossed book rejected for AAPL: ask 8862.057471 <= best bid 9999.990388
[BOOK WARN] Crossed book rejected for AAPL: ask 8853.612173 <= best bid 9999.990388
[BOOK WARN] Crossed book rejected for AAPL: ask 8860.233102 <= best bid 9999.990388
[BOOK WARN] Crossed book rejected for AAPL: ask 8853.844120 <= best bid 9999.990388
[BOOK WARN] Crossed book rejected for AAPL: ask 8854.901386 <= best bid 9999.990388
[BOOK WARN] Crossed book rejected for AAPL: ask 8852.838923 <= best bid 9999.990388
[BOOK WARN] Crossed book rejected for AAPL: ask 8849.475277 <= best bid 9999.990388
[BOOK WARN] Crossed book rejected for AAPL: ask 8840.815262 <= best bid 9999.990388
[BOOK WARN] Crossed book rejected for AAPL: ask 8833.086907 <= best bid 9999.990388
[BOOK WARN] Crossed book rejected for AAPL: ask 8834.849354 <= best bid 9999.990388
[BOOK WARN] Crossed book rejected for AAPL: ask 8829.949667 <= best bid 9999.990388
[BOOK WARN] Crossed book rejected for AAPL: ask 8836.081927 <= best bid 9999.990388
[BOOK WARN] Crossed book rejected for AAPL: ask 8833.239596 <= best bid 9999.990388
[BOOK WARN] Crossed book rejected for AAPL: ask 8838.935473 <= best bid 9999.990388
[BOOK WARN] Crossed book rejected for AAPL: ask 8835.979829 <= best bid 9999.990388
[BOOK WARN] Crossed book rejected for AAPL: ask 8850.074523 <= best bid 9999.990388
[BOOK WARN] Crossed book rejected for AAPL: ask 8853.192198 <= best bid 9999.990388
[BOOK WARN] Crossed book rejected for AAPL: ask 8846.622430 <= best bid 9999.990388
[BOOK WARN] Crossed book rejected for AAPL: ask 8833.906741 <= best bid 9999.990388
[BOOK WARN] Crossed book rejected for AAPL: ask 8833.217932 <= best bid 9999.990388
[BOOK WARN] Crossed book rejected for AAPL: ask 8827.707604 <= best bid 9999.990388
[BOOK WARN] Crossed book rejected for AAPL: ask 8831.364117 <= best bid 9999.990388
[BOOK WARN] Crossed book rejected for AAPL: ask 8833.622584 <= best bid 9999.990388
[BOOK WARN] Crossed book rejected for AAPL: ask 8828.062777 <= best bid 9999.990388
[BOOK WARN] Crossed book rejected for AAPL: ask 8828.591473 <= best bid 9999.990388
[BOOK WARN] Crossed book rejected for AAPL: ask 8836.533691 <= best bid 9999.990388
[BOOK WARN] Crossed book rejected for AAPL: ask 8837.232853 <= best bid 9999.990388
[BOOK WARN] Crossed book rejected for AAPL: ask 8831.949949 <= best bid 9999.990388
[BOOK WARN] Crossed book rejected for AAPL: ask 8834.520941 <= best bid 9999.990388
[BOOK WARN] Crossed book rejected for AAPL: ask 8836.769034 <= best bid 9999.990388
[BOOK WARN] Crossed book rejected for AAPL: ask 8838.174649 <= best bid 9999.990388
[BOOK WARN] Crossed book rejected for AAPL: ask 8816.717702 <= best bid 9999.990388
[BOOK WARN] Crossed book rejected for AAPL: ask 8822.425985 <= best bid 9999.990388
[BOOK WARN] Crossed book rejected for AAPL: ask 8824.541115 <= best bid 9999.990388
[BOOK WARN] Crossed book rejected for AAPL: ask 8834.039990 <= best bid 9999.990388
[BOOK WARN] Crossed book rejected for AAPL: ask 8836.370401 <= best bid 9999.990388
[BOOK WARN] Crossed book rejected for AAPL: ask 8836.152052 <= best bid 9999.990388
[BOOK WARN] Crossed book rejected for AAPL: ask 8834.444080 <= best bid 9999.990388
[BOOK WARN] Crossed book rejected for AAPL: ask 8827.561856 <= best bid 9999.990388
[BOOK WARN] Crossed book rejected for AAPL: ask 8820.119294 <= best bid 9999.990388
[BOOK WARN] Crossed book rejected for AAPL: ask 8820.360599 <= best bid 9999.990388
[BOOK WARN] Crossed book rejected for AAPL: ask 8814.445037 <= best bid 9999.990388
[BOOK WARN] Crossed book rejected for AAPL: ask 8823.825841 <= best bid 9999.990388
[BOOK WARN] Crossed book rejected for AAPL: ask 8824.898781 <= best bid 9999.990388
[BOOK WARN] Crossed book rejected for AAPL: ask 8832.529499 <= best bid 9999.990388
[BOOK WARN] Crossed book rejected for AAPL: ask 8849.758865 <= best bid 9999.990388
[BOOK WARN] Crossed book rejected for AAPL: ask 8847.887935 <= best bid 9999.990388
[BOOK WARN] Crossed book rejected for AAPL: ask 8831.943883 <= best bid 9999.990388
[BOOK WARN] Crossed book rejected for AAPL: ask 8842.746569 <= best bid 9999.990388
[BOOK WARN] Crossed book rejected for AAPL: ask 8847.948943 <= best bid 9999.990388
[BOOK WARN] Crossed book rejected for AAPL: ask 8841.608194 <= best bid 9999.990388
[BOOK WARN] Crossed book rejected for AAPL: ask 8824.007393 <= best bid 9999.990388
[BOOK WARN] Crossed book rejected for AAPL: ask 8812.739078 <= best bid 9999.990388
[BOOK WARN] Crossed book rejected for AAPL: ask 8807.898035 <= best bid 9999.990388
[BOOK WARN] Crossed book rejected for AAPL: ask 8822.518644 <= best bid 9999.990388
[BOOK WARN] Crossed book rejected for AAPL: ask 8830.945883 <= best bid 9999.990388
[BOOK WARN] Crossed book rejected for AAPL: ask 8832.978811 <= best bid 9999.990388
[BOOK WARN] Crossed book rejected for AAPL: ask 8841.968282 <= best bid 9999.990388
[BOOK WARN] Crossed book rejected for AAPL: ask 8842.410632 <= best bid 9999.990388
[BOOK WARN] Crossed book rejected for AAPL: ask 8847.974716 <= best bid 9999.990388
[BOOK WARN] Crossed book rejected for AAPL: ask 8825.439359 <= best bid 9999.990388
[BOOK WARN] Crossed book rejected for AAPL: ask 8827.528355 <= best bid 9999.990388
[BOOK WARN] Crossed book rejected for AAPL: ask 8838.086728 <= best bid 9999.990388
[BOOK WARN] Crossed book rejected for AAPL: ask 8841.449619 <= best bid 9999.990388
[BOOK WARN] Crossed book rejected for AAPL: ask 8847.758765 <= best bid 9999.990388
[BOOK WARN] Crossed book rejected for AAPL: ask 8842.908933 <= best bid 9999.990388
[BOOK WARN] Crossed book rejected for AAPL: ask 8842.513260 <= best bid 9999.990388
[BOOK WARN] Crossed book rejected for AAPL: ask 8859.234942 <= best bid 9999.990388
[BOOK WARN] Crossed book rejected for AAPL: ask 8868.732038 <= best bid 9999.990388
[BOOK WARN] Crossed book rejected for AAPL: ask 8876.211445 <= best bid 9999.990388
[BOOK WARN] Crossed book rejected for AAPL: ask 8885.495960 <= best bid 9999.990388
[BOOK WARN] Crossed book rejected for AAPL: ask 8889.491048 <= best bid 9999.990388
[BOOK WARN] Crossed book rejected for AAPL: ask 8905.746848 <= best bid 9999.990388
[BOOK WARN] Crossed book rejected for AAPL: ask 8915.877812 <= best bid 9999.990388
[BOOK WARN] Crossed book rejected for AAPL: ask 8916.283919 <= best bid 9999.990388
[BOOK WARN] Crossed book rejected for AAPL: ask 8921.661411 <= best bid 9999.990388
[BOOK WARN] Crossed book rejected for AAPL: ask 8932.762755 <= best bid 9999.990388
[BOOK WARN] Crossed book rejected for AAPL: ask 8928.975760 <= best bid 9999.990388
[BOOK WARN] Crossed book rejected for AAPL: ask 8933.001290 <= best bid 9999.990388
[BOOK WARN] Crossed book rejected for AAPL: ask 8927.596151 <= best bid 9999.990388
[BOOK WARN] Crossed book rejected for AAPL: ask 8931.593722 <= best bid 9999.990388
[BOOK WARN] Crossed book rejected for AAPL: ask 8940.818853 <= best bid 9999.990388
[BOOK WARN] Crossed book rejected for AAPL: ask 8947.541205 <= best bid 9999.990388
[BOOK WARN] Crossed book rejected for AAPL: ask 8960.243526 <= best bid 9999.990388
[BOOK WARN] Crossed book rejected for AAPL: ask 8949.162701 <= best bid 9999.990388
[BOOK WARN] Crossed book rejected for AAPL: ask 8959.190006 <= best bid 9999.990388
[BOOK WARN] Crossed book rejected for AAPL: ask 8966.302455 <= best bid 9999.990388
[BOOK WARN] Crossed book rejected for AAPL: ask 8957.032349 <= best bid 9999.990388
[BOOK WARN] Crossed book rejected for AAPL: ask 8972.110421 <= best bid 9999.990388
[BOOK WARN] Crossed book rejected for AAPL: ask 8973.129046 <= best bid 9999.990388
[BOOK WARN] Crossed book rejected for AAPL: ask 8972.794608 <= best bid 9999.990388
[BOOK WARN] Crossed book rejected for AAPL: ask 8987.359563 <= best bid 9999.990388
[BOOK WARN] Crossed book rejected for AAPL: ask 8997.903133 <= best bid 9999.990388
[BOOK WARN] Crossed book rejected for AAPL: ask 8986.633415 <= best bid 9999.990388
[BOOK WARN] Crossed book rejected for AAPL: ask 8986.970729 <= best bid 9999.990388
[BOOK WARN] Crossed book rejected for AAPL: ask 8994.210068 <= best bid 9999.990388
[BOOK WARN] Crossed book rejected for AAPL: ask 8983.685633 <= best bid 9999.990388
[BOOK WARN] Crossed book rejected for AAPL: ask 8987.509696 <= best bid 9999.990388
[BOOK WARN] Crossed book rejected for AAPL: ask 8996.264736 <= best bid 9999.990388
[BOOK WARN] Crossed book rejected for AAPL: ask 8991.661127 <= best bid 9999.990388
[BOOK WARN] Crossed book rejected for AAPL: ask 8994.445253 <= best bid 9999.990388
[BOOK WARN] Crossed book rejected for AAPL: ask 8995.579059 <= best bid 9999.990388
[BOOK WARN] Crossed book rejected for AAPL: ask 8994.931908 <= best bid 9999.990388
[BOOK WARN] Crossed book rejected for AAPL: ask 9001.054696 <= best bid 9999.990388
[BOOK WARN] Crossed book rejected for AAPL: ask 9003.861094 <= best bid 9999.990388
[BOOK WARN] Crossed book rejected for AAPL: ask 9020.980329 <= best bid 9999.990388
[BOOK WARN] Crossed book rejected for AAPL: ask 9025.730740 <= best bid 9999.990388
[BOOK WARN] Crossed book rejected for AAPL: ask 9035.601866 <= best bid 9999.990388
[BOOK WARN] Crossed book rejected for AAPL: ask 9020.425093 <= best bid 9999.990388
[BOOK WARN] Crossed book rejected for AAPL: ask 9014.660926 <= best bid 9999.990388
[BOOK WARN] Crossed book rejected for AAPL: ask 9012.602619 <= best bid 9999.990388
[BOOK WARN] Crossed book rejected for AAPL: ask 9027.563949 <= best bid 9999.990388
[BOOK WARN] Crossed book rejected for AAPL: ask 9038.111959 <= best bid 9999.990388
[BOOK WARN] Crossed book rejected for AAPL: ask 9036.625603 <= best bid 9999.990388
[BOOK WARN] Crossed book rejected for AAPL: ask 9058.897243 <= best bid 9999.990388
[BOOK WARN] Crossed book rejected for AAPL: ask 9064.015433 <= best bid 9999.990388
[BOOK WARN] Crossed book rejected for AAPL: ask 9077.638829 <= best bid 9999.990388
[BOOK WARN] Crossed book rejected for AAPL: ask 9088.237941 <= best bid 9999.990388
[BOOK WARN] Crossed book rejected for AAPL: ask 9093.303922 <= best bid 9999.990388
[BOOK WARN] Crossed book rejected for AAPL: ask 9114.390064 <= best bid 9999.990388
[BOOK WARN] Crossed book rejected for AAPL: ask 9108.407285 <= best bid 9999.990388
[BOOK WARN] Crossed book rejected for AAPL: ask 9103.988238 <= best bid 9999.990388
[BOOK WARN] Crossed book rejected for AAPL: ask 9089.151845 <= best bid 9999.990388
[BOOK WARN] Crossed book rejected for AAPL: ask 9083.184985 <= best bid 9999.990388
[BOOK WARN] Crossed book rejected for AAPL: ask 9072.896042 <= best bid 9999.990388
[BOOK WARN] Crossed book rejected for AAPL: ask 9096.264767 <= best bid 9999.990388
[BOOK WARN] Crossed book rejected for AAPL: ask 9085.911314 <= best bid 9999.990388
[BOOK WARN] Crossed book rejected for AAPL: ask 9092.724421 <= best bid 9999.990388
[BOOK WARN] Crossed book rejected for AAPL: ask 9098.841178 <= best bid 9999.990388
[BOOK WARN] Crossed book rejected for AAPL: ask 9096.449288 <= best bid 9999.990388
[BOOK WARN] Crossed book rejected for AAPL: ask 9089.868981 <= best bid 9999.990388
[BOOK WARN] Crossed book rejected for AAPL: ask 9092.476818 <= best bid 9999.990388
[BOOK WARN] Crossed book rejected for AAPL: ask 9092.235256 <= best bid 9999.990388
[BOOK WARN] Crossed book rejected for AAPL: ask 9104.643183 <= best bid 9999.990388
[BOOK WARN] Crossed book rejected for AAPL: ask 9096.546863 <= best bid 9999.990388
[BOOK WARN] Crossed book rejected for AAPL: ask 9102.538171 <= best bid 9999.990388
[BOOK WARN] Crossed book rejected for AAPL: ask 9097.651795 <= best bid 9999.990388
[BOOK WARN] Crossed book rejected for AAPL: ask 9101.297848 <= best bid 9999.990388
[BOOK WARN] Crossed book rejected for AAPL: ask 9093.139924 <= best bid 9999.990388
[BOOK WARN] Crossed book rejected for AAPL: ask 9084.037433 <= best bid 9999.990388
[BOOK WARN] Crossed book rejected for AAPL: ask 9076.775218 <= best bid 9999.990388
[BOOK WARN] Crossed book rejected for AAPL: ask 9063.872262 <= best bid 9999.990388
[BOOK WARN] Crossed book rejected for AAPL: ask 9051.662008 <= best bid 9999.990388
[BOOK WARN] Crossed book rejected for AAPL: ask 9042.705236 <= best bid 9999.990388
[BOOK WARN] Crossed book rejected for AAPL: ask 9041.137160 <= best bid 9999.990388
[BOOK WARN] Crossed book rejected for AAPL: ask 9030.035147 <= best bid 9999.990388
[BOOK WARN] Crossed book rejected for AAPL: ask 9027.782016 <= best bid 9999.990388
[BOOK WARN] Crossed book rejected for AAPL: ask 9022.598149 <= best bid 9999.990388
[BOOK WARN] Crossed book rejected for AAPL: ask 9033.438307 <= best bid 9999.990388
[BOOK WARN] Crossed book rejected for AAPL: ask 9033.910850 <= best bid 9999.990388
[BOOK WARN] Crossed book rejected for AAPL: ask 9038.206420 <= best bid 9999.990388
[BOOK WARN] Crossed book rejected for AAPL: ask 9031.471172 <= best bid 9999.990388
[BOOK WARN] Crossed book rejected for AAPL: ask 9031.833929 <= best bid 9999.990388
[BOOK WARN] Crossed book rejected for AAPL: ask 9043.576273 <= best bid 9999.990388
[BOOK WARN] Crossed book rejected for AAPL: ask 9035.534595 <= best bid 9999.990388
[BOOK WARN] Crossed book rejected for AAPL: ask 9044.317396 <= best bid 9999.990388
[BOOK WARN] Crossed book rejected for AAPL: ask 9042.393585 <= best bid 9999.990388
[BOOK WARN] Crossed book rejected for AAPL: ask 9046.598946 <= best bid 9999.990388
[BOOK WARN] Crossed book rejected for AAPL: ask 9054.573851 <= best bid 9999.990388
[BOOK WARN] Crossed book rejected for AAPL: ask 9042.041464 <= best bid 9999.990388
[BOOK WARN] Crossed book rejected for AAPL: ask 9042.041011 <= best bid 9999.990388
[BOOK WARN] Crossed book rejected for AAPL: ask 9028.537255 <= best bid 9999.990388
[BOOK WARN] Crossed book rejected for AAPL: ask 9022.597612 <= best bid 9999.990388
[BOOK WARN] Crossed book rejected for AAPL: ask 8999.693382 <= best bid 9999.990388
[BOOK WARN] Crossed book rejected for AAPL: ask 8996.724439 <= best bid 9999.990388
[BOOK WARN] Crossed book rejected for AAPL: ask 8998.250662 <= best bid 9999.990388
[BOOK WARN] Crossed book rejected for AAPL: ask 9000.847330 <= best bid 9999.990388
[BOOK WARN] Crossed book rejected for AAPL: ask 9006.615876 <= best bid 9999.990388
[BOOK WARN] Crossed book rejected for AAPL: ask 9014.325612 <= best bid 9999.990388
[BOOK WARN] Crossed book rejected for AAPL: ask 9006.351767 <= best bid 9999.990388
[BOOK WARN] Crossed book rejected for AAPL: ask 9001.511832 <= best bid 9999.990388
[BOOK WARN] Crossed book rejected for AAPL: ask 9005.692326 <= best bid 9999.990388
[BOOK WARN] Crossed book rejected for AAPL: ask 9016.058173 <= best bid 9999.990388
[BOOK WARN] Crossed book rejected for AAPL: ask 9010.416349 <= best bid 9999.990388
[BOOK WARN] Crossed book rejected for AAPL: ask 9002.386875 <= best bid 9999.990388
[BOOK WARN] Crossed book rejected for AAPL: ask 9023.818637 <= best bid 9999.990388
[BOOK WARN] Crossed book rejected for AAPL: ask 9036.293856 <= best bid 9999.990388
[BOOK WARN] Crossed book rejected for AAPL: ask 9048.547660 <= best bid 9999.990388
[BOOK WARN] Crossed book rejected for AAPL: ask 9057.117606 <= best bid 9999.990388
[BOOK WARN] Crossed book rejected for AAPL: ask 9077.878748 <= best bid 9999.990388
[BOOK WARN] Crossed book rejected for AAPL: ask 9080.236855 <= best bid 9999.990388
[BOOK WARN] Crossed book rejected for AAPL: ask 9084.052203 <= best bid 9999.990388
[BOOK WARN] Crossed book rejected for AAPL: ask 9078.512456 <= best bid 9999.990388
[BOOK WARN] Crossed book rejected for AAPL: ask 9055.457977 <= best bid 9999.990388
[BOOK WARN] Crossed book rejected for AAPL: ask 9045.361137 <= best bid 9999.990388
[BOOK WARN] Crossed book rejected for AAPL: ask 9033.416166 <= best bid 9999.990388
[BOOK WARN] Crossed book rejected for AAPL: ask 9031.280273 <= best bid 9999.990388
[BOOK WARN] Crossed book rejected for AAPL: ask 9027.653180 <= best bid 9999.990388
[BOOK WARN] Crossed book rejected for AAPL: ask 9035.045909 <= best bid 9999.990388
[BOOK WARN] Crossed book rejected for AAPL: ask 9032.542079 <= best bid 9999.990388
[BOOK WARN] Crossed book rejected for AAPL: ask 9009.666463 <= best bid 9999.990388
[BOOK WARN] Crossed book rejected for AAPL: ask 9020.775530 <= best bid 9999.990388
[BOOK WARN] Crossed book rejected for AAPL: ask 9029.216960 <= best bid 9999.990388
[BOOK WARN] Crossed book rejected for AAPL: ask 9033.132539 <= best bid 9999.990388
[BOOK WARN] Crossed book rejected for AAPL: ask 9031.076064 <= best bid 9999.990388
[BOOK WARN] Crossed book rejected for AAPL: ask 9035.202450 <= best bid 9999.990388
[BOOK WARN] Crossed book rejected for AAPL: ask 9032.045433 <= best bid 9999.990388
[BOOK WARN] Crossed book rejected for AAPL: ask 9027.644422 <= best bid 9999.990388
[BOOK WARN] Crossed book rejected for AAPL: ask 9028.469464 <= best bid 9999.990388
[BOOK WARN] Crossed book rejected for AAPL: ask 9033.272848 <= best bid 9999.990388
[BOOK WARN] Crossed book rejected for AAPL: ask 9033.761272 <= best bid 9999.990388
[BOOK WARN] Crossed book rejected for AAPL: ask 9037.136187 <= best bid 9999.990388
[BOOK WARN] Crossed book rejected for AAPL: ask 9054.460308 <= best bid 9999.990388
[BOOK WARN] Crossed book rejected for AAPL: ask 9058.881042 <= best bid 9999.990388
[BOOK WARN] Crossed book rejected for AAPL: ask 9053.884695 <= best bid 9999.990388
[BOOK WARN] Crossed book rejected for AAPL: ask 9046.861489 <= best bid 9999.990388
[BOOK WARN] Crossed book rejected for AAPL: ask 9050.271968 <= best bid 9999.990388
[BOOK WARN] Crossed book rejected for AAPL: ask 9043.473563 <= best bid 9999.990388
[BOOK WARN] Crossed book rejected for AAPL: ask 9045.019613 <= best bid 9999.990388
[BOOK WARN] Crossed book rejected for AAPL: ask 9023.217092 <= best bid 9999.990388
[BOOK WARN] Crossed book rejected for AAPL: ask 9014.760366 <= best bid 9999.990388
[BOOK WARN] Crossed book rejected for AAPL: ask 8998.383866 <= best bid 9999.990388
[BOOK WARN] Crossed book rejected for AAPL: ask 8980.947182 <= best bid 9999.990388
[BOOK WARN] Crossed book rejected for AAPL: ask 8990.057239 <= best bid 9999.990388
[BOOK WARN] Crossed book rejected for AAPL: ask 8994.233193 <= best bid 9999.990388
[BOOK WARN] Crossed book rejected for AAPL: ask 8992.843607 <= best bid 9999.990388
[BOOK WARN] Crossed book rejected for AAPL: ask 8997.973275 <= best bid 9999.990388
[BOOK WARN] Crossed book rejected for AAPL: ask 9002.434082 <= best bid 9999.990388
[BOOK WARN] Crossed book rejected for AAPL: ask 8988.430701 <= best bid 9999.990388
[BOOK WARN] Crossed book rejected for AAPL: ask 8983.178872 <= best bid 9999.990388
[BOOK WARN] Crossed book rejected for AAPL: ask 8993.870128 <= best bid 9999.990388
[BOOK WARN] Crossed book rejected for AAPL: ask 8979.692321 <= best bid 9999.990388
[BOOK WARN] Crossed book rejected for AAPL: ask 8985.206971 <= best bid 9999.990388
[BOOK WARN] Crossed book rejected for AAPL: ask 8982.231967 <= best bid 9999.990388
[BOOK WARN] Crossed book rejected for AAPL: ask 8983.158093 <= best bid 9999.990388
[BOOK WARN] Crossed book rejected for AAPL: ask 8991.741522 <= best bid 9999.990388
[BOOK WARN] Crossed book rejected for AAPL: ask 8985.064565 <= best bid 9999.990388
[BOOK WARN] Crossed book rejected for AAPL: ask 8972.952501 <= best bid 9999.990388
[BOOK WARN] Crossed book rejected for AAPL: ask 8968.532993 <= best bid 9999.990388
[BOOK WARN] Crossed book rejected for AAPL: ask 8972.971159 <= best bid 9999.990388
[BOOK WARN] Crossed book rejected for AAPL: ask 8974.851457 <= best bid 9999.990388
[BOOK WARN] Crossed book rejected for AAPL: ask 8982.971111 <= best bid 9999.990388
[BOOK WARN] Crossed book rejected for AAPL: ask 8988.040734 <= best bid 9999.990388
[BOOK WARN] Crossed book rejected for AAPL: ask 9007.504152 <= best bid 9999.990388
[BOOK WARN] Crossed book rejected for AAPL: ask 9008.323304 <= best bid 9999.990388
[BOOK WARN] Crossed book rejected for AAPL: ask 8987.249069 <= best bid 9999.990388
[BOOK WARN] Crossed book rejected for AAPL: ask 8992.855213 <= best bid 9999.990388
[BOOK WARN] Crossed book rejected for AAPL: ask 8999.014790 <= best bid 9999.990388
[BOOK WARN] Crossed book rejected for AAPL: ask 8999.233689 <= best bid 9999.990388
[BOOK WARN] Crossed book rejected for AAPL: ask 9000.510903 <= best bid 9999.990388
[BOOK WARN] Crossed book rejected for AAPL: ask 9009.690753 <= best bid 9999.990388
[BOOK WARN] Crossed book rejected for AAPL: ask 8997.993227 <= best bid 9999.990388
[BOOK WARN] Crossed book rejected for AAPL: ask 8995.805116 <= best bid 9999.990388
[BOOK WARN] Crossed book rejected for AAPL: ask 8996.694203 <= best bid 9999.990388
[BOOK WARN] Crossed book rejected for AAPL: ask 9015.922468 <= best bid 9999.990388
[BOOK WARN] Crossed book rejected for AAPL: ask 9020.245234 <= best bid 9999.990388
[BOOK WARN] Crossed book rejected for AAPL: ask 9010.805717 <= best bid 9999.990388
[BOOK WARN] Crossed book rejected for AAPL: ask 9013.733486 <= best bid 9999.990388
[BOOK WARN] Crossed book rejected for AAPL: ask 9017.006113 <= best bid 9999.990388
[BOOK WARN] Crossed book rejected for AAPL: ask 9012.478114 <= best bid 9999.990388
[BOOK WARN] Crossed book rejected for AAPL: ask 8997.243349 <= best bid 9999.990388
[BOOK WARN] Crossed book rejected for AAPL: ask 9000.273474 <= best bid 9999.990388
[BOOK WARN] Crossed book rejected for AAPL: ask 9003.269556 <= best bid 9999.990388
[BOOK WARN] Crossed book rejected for AAPL: ask 9001.528143 <= best bid 9999.990388
[BOOK WARN] Crossed book rejected for AAPL: ask 9007.411232 <= best bid 9999.990388
[BOOK WARN] Crossed book rejected for AAPL: ask 9004.186225 <= best bid 9999.990388
[BOOK WARN] Crossed book rejected for AAPL: ask 9022.388817 <= best bid 9999.990388
[BOOK WARN] Crossed book rejected for AAPL: ask 9013.337061 <= best bid 9999.990388
[BOOK WARN] Crossed book rejected for AAPL: ask 9005.126603 <= best bid 9999.990388
[BOOK WARN] Crossed book rejected for AAPL: ask 9000.665772 <= best bid 9999.990388
[BOOK WARN] Crossed book rejected for AAPL: ask 8987.293165 <= best bid 9999.990388
[BOOK WARN] Crossed book rejected for AAPL: ask 8995.040645 <= best bid 9999.990388
[BOOK WARN] Crossed book rejected for AAPL: ask 8991.251426 <= best bid 9999.990388
[BOOK WARN] Crossed book rejected for AAPL: ask 9001.255829 <= best bid 9999.990388
[BOOK WARN] Crossed book rejected for AAPL: ask 9000.708008 <= best bid 9999.990388
[BOOK WARN] Crossed book rejected for AAPL: ask 9010.535408 <= best bid 9999.990388
[BOOK WARN] Crossed book rejected for AAPL: ask 9008.330097 <= best bid 9999.990388
[BOOK WARN] Crossed book rejected for AAPL: ask 9006.856272 <= best bid 9999.990388
[BOOK WARN] Crossed book rejected for AAPL: ask 9013.192031 <= best bid 9999.990388
[BOOK WARN] Crossed book rejected for AAPL: ask 9010.973810 <= best bid 9999.990388
[BOOK WARN] Crossed book rejected for AAPL: ask 9001.600821 <= best bid 9999.990388
[BOOK WARN] Crossed book rejected for AAPL: ask 8993.909726 <= best bid 9999.990388
[BOOK WARN] Crossed book rejected for AAPL: ask 8993.368515 <= best bid 9999.990388
[BOOK WARN] Crossed book rejected for AAPL: ask 9007.936939 <= best bid 9999.990388
[BOOK WARN] Crossed book rejected for AAPL: ask 8997.710343 <= best bid 9999.990388
[BOOK WARN] Crossed book rejected for AAPL: ask 9008.906860 <= best bid 9999.990388
[BOOK WARN] Crossed book rejected for AAPL: ask 9013.646760 <= best bid 9999.990388
[BOOK WARN] Crossed book rejected for AAPL: ask 9029.796260 <= best bid 9999.990388
[BOOK WARN] Crossed book rejected for AAPL: ask 9028.187151 <= best bid 9999.990388
[BOOK WARN] Crossed book rejected for AAPL: ask 9035.908189 <= best bid 9999.990388
[BOOK WARN] Crossed book rejected for AAPL: ask 9031.839247 <= best bid 9999.990388
[BOOK WARN] Crossed book rejected for AAPL: ask 9030.415045 <= best bid 9999.990388
[BOOK WARN] Crossed book rejected for AAPL: ask 9038.269323 <= best bid 9999.990388
[BOOK WARN] Crossed book rejected for AAPL: ask 9026.621817 <= best bid 9999.990388
[BOOK WARN] Crossed book rejected for AAPL: ask 9019.135702 <= best bid 9999.990388
[BOOK WARN] Crossed book rejected for AAPL: ask 9028.562113 <= best bid 9999.990388
[BOOK WARN] Crossed book rejected for AAPL: ask 9027.592230 <= best bid 9999.990388
[BOOK WARN] Crossed book rejected for AAPL: ask 9015.064430 <= best bid 9999.990388
[BOOK WARN] Crossed book rejected for AAPL: ask 9019.700735 <= best bid 9999.990388
[BOOK WARN] Crossed book rejected for AAPL: ask 9031.385477 <= best bid 9999.990388
[BOOK WARN] Crossed book rejected for AAPL: ask 9037.605741 <= best bid 9999.990388
[BOOK WARN] Crossed book rejected for AAPL: ask 9046.952543 <= best bid 9999.990388
[BOOK WARN] Crossed book rejected for AAPL: ask 9055.182943 <= best bid 9999.990388
[BOOK WARN] Crossed book rejected for AAPL: ask 9060.080142 <= best bid 9999.990388
[BOOK WARN] Crossed book rejected for AAPL: ask 9047.802485 <= best bid 9999.990388
[BOOK WARN] Crossed book rejected for AAPL: ask 9048.007925 <= best bid 9999.990388
[BOOK WARN] Crossed book rejected for AAPL: ask 9035.725978 <= best bid 9999.990388
[BOOK WARN] Crossed book rejected for AAPL: ask 9038.245552 <= best bid 9999.990388
[BOOK WARN] Crossed book rejected for AAPL: ask 9050.013123 <= best bid 9999.990388
[BOOK WARN] Crossed book rejected for AAPL: ask 9040.545467 <= best bid 9999.990388
[BOOK WARN] Crossed book rejected for AAPL: ask 9021.019156 <= best bid 9999.990388
[BOOK WARN] Crossed book rejected for AAPL: ask 9036.965223 <= best bid 9999.990388
[BOOK WARN] Crossed book rejected for AAPL: ask 9046.717717 <= best bid 9999.990388
[BOOK WARN] Crossed book rejected for AAPL: ask 9052.739726 <= best bid 9999.990388
[BOOK WARN] Crossed book rejected for AAPL: ask 9065.159341 <= best bid 9999.990388
[BOOK WARN] Crossed book rejected for AAPL: ask 9055.534981 <= best bid 9999.990388
[BOOK WARN] Crossed book rejected for AAPL: ask 9059.490646 <= best bid 9999.990388
[BOOK WARN] Crossed book rejected for AAPL: ask 9046.876030 <= best bid 9999.990388
[BOOK WARN] Crossed book rejected for AAPL: ask 9056.997774 <= best bid 9999.990388
[BOOK WARN] Crossed book rejected for AAPL: ask 9072.146101 <= best bid 9999.990388
[BOOK WARN] Crossed book rejected for AAPL: ask 9068.435559 <= best bid 9999.990388
[BOOK WARN] Crossed book rejected for AAPL: ask 9068.643180 <= best bid 9999.990388
[BOOK WARN] Crossed book rejected for AAPL: ask 9076.757650 <= best bid 9999.990388
[BOOK WARN] Crossed book rejected for AAPL: ask 9075.687587 <= best bid 9999.990388
[BOOK WARN] Crossed book rejected for AAPL: ask 9074.695312 <= best bid 9999.990388
[BOOK WARN] Crossed book rejected for AAPL: ask 9094.266007 <= best bid 9999.990388
[BOOK WARN] Crossed book rejected for AAPL: ask 9102.393815 <= best bid 9999.990388
[BOOK WARN] Crossed book rejected for AAPL: ask 9108.170478 <= best bid 9999.990388
[BOOK WARN] Crossed book rejected for AAPL: ask 9100.987734 <= best bid 9999.990388
[BOOK WARN] Crossed book rejected for AAPL: ask 9108.496013 <= best bid 9999.990388
[BOOK WARN] Crossed book rejected for AAPL: ask 9100.587952 <= best bid 9999.990388
[BOOK WARN] Crossed book rejected for AAPL: ask 9098.250060 <= best bid 9999.990388
[BOOK WARN] Crossed book rejected for AAPL: ask 9099.260473 <= best bid 9999.990388
[BOOK WARN] Crossed book rejected for AAPL: ask 9094.276097 <= best bid 9999.990388
[BOOK WARN] Crossed book rejected for AAPL: ask 9103.941443 <= best bid 9999.990388
[BOOK WARN] Crossed book rejected for AAPL: ask 9105.038521 <= best bid 9999.990388
[BOOK WARN] Crossed book rejected for AAPL: ask 9111.334507 <= best bid 9999.990388
[BOOK WARN] Crossed book rejected for AAPL: ask 9091.353979 <= best bid 9999.990388
[BOOK WARN] Crossed book rejected for AAPL: ask 9091.398376 <= best bid 9999.990388
[BOOK WARN] Crossed book rejected for AAPL: ask 9095.174211 <= best bid 9999.990388
[BOOK WARN] Crossed book rejected for AAPL: ask 9100.392799 <= best bid 9999.990388
[BOOK WARN] Crossed book rejected for AAPL: ask 9101.302941 <= best bid 9999.990388
[BOOK WARN] Crossed book rejected for AAPL: ask 9091.099884 <= best bid 9999.990388
[BOOK WARN] Crossed book rejected for AAPL: ask 9100.692911 <= best bid 9999.990388
[BOOK WARN] Crossed book rejected for AAPL: ask 9086.676214 <= best bid 9999.990388
[BOOK WARN] Crossed book rejected for AAPL: ask 9089.157366 <= best bid 9999.990388
[BOOK WARN] Crossed book rejected for AAPL: ask 9072.434299 <= best bid 9999.990388
[BOOK WARN] Crossed book rejected for AAPL: ask 9086.698953 <= best bid 9999.990388
[BOOK WARN] Crossed book rejected for AAPL: ask 9092.419078 <= best bid 9999.990388
[BOOK WARN] Crossed book rejected for AAPL: ask 9094.380325 <= best bid 9999.990388
[BOOK WARN] Crossed book rejected for AAPL: ask 9089.163288 <= best bid 9999.990388
[BOOK WARN] Crossed book rejected for AAPL: ask 9095.564133 <= best bid 9999.990388
[BOOK WARN] Crossed book rejected for AAPL: ask 9107.933516 <= best bid 9999.990388
[BOOK WARN] Crossed book rejected for AAPL: ask 9114.471498 <= best bid 9999.990388
[BOOK WARN] Crossed book rejected for AAPL: ask 9123.293384 <= best bid 9999.990388
[BOOK WARN] Crossed book rejected for AAPL: ask 9113.592289 <= best bid 9999.990388
[BOOK WARN] Crossed book rejected for AAPL: ask 9119.756255 <= best bid 9999.990388
[BOOK WARN] Crossed book rejected for AAPL: ask 9118.695570 <= best bid 9999.990388
[BOOK WARN] Crossed book rejected for AAPL: ask 9122.699432 <= best bid 9999.990388
[BOOK WARN] Crossed book rejected for AAPL: ask 9119.307576 <= best bid 9999.990388
[BOOK WARN] Crossed book rejected for AAPL: ask 9113.641060 <= best bid 9999.990388
[BOOK WARN] Crossed book rejected for AAPL: ask 9113.690680 <= best bid 9999.990388
[BOOK WARN] Crossed book rejected for AAPL: ask 9122.120451 <= best bid 9999.990388
[BOOK WARN] Crossed book rejected for AAPL: ask 9105.822735 <= best bid 9999.990388
[BOOK WARN] Crossed book rejected for AAPL: ask 9109.820743 <= best bid 9999.990388
[BOOK WARN] Crossed book rejected for AAPL: ask 9099.478507 <= best bid 9999.990388
[BOOK WARN] Crossed book rejected for AAPL: ask 9082.063963 <= best bid 9999.990388
[BOOK WARN] Crossed book rejected for AAPL: ask 9077.714435 <= best bid 9999.990388
[BOOK WARN] Crossed book rejected for AAPL: ask 9069.364962 <= best bid 9999.990388
[BOOK WARN] Crossed book rejected for AAPL: ask 9072.437970 <= best bid 9999.990388
[BOOK WARN] Crossed book rejected for AAPL: ask 9083.400304 <= best bid 9999.990388
[BOOK WARN] Crossed book rejected for AAPL: ask 9077.758410 <= best bid 9999.990388
[BOOK WARN] Crossed book rejected for AAPL: ask 9064.237570 <= best bid 9999.990388
[BOOK WARN] Crossed book rejected for AAPL: ask 9070.625614 <= best bid 9999.990388
[BOOK WARN] Crossed book rejected for AAPL: ask 9063.369443 <= best bid 9999.990388
[BOOK WARN] Crossed book rejected for AAPL: ask 9063.759512 <= best bid 9999.990388
[BOOK WARN] Crossed book rejected for AAPL: ask 9057.308343 <= best bid 9999.990388
[BOOK WARN] Crossed book rejected for AAPL: ask 9038.118213 <= best bid 9999.990388
[BOOK WARN] Crossed book rejected for AAPL: ask 9034.651149 <= best bid 9999.990388
[BOOK WARN] Crossed book rejected for AAPL: ask 9049.331798 <= best bid 9999.990388
[BOOK WARN] Crossed book rejected for AAPL: ask 9045.771159 <= best bid 9999.990388
[BOOK WARN] Crossed book rejected for AAPL: ask 9061.377135 <= best bid 9999.990388
[BOOK WARN] Crossed book rejected for AAPL: ask 9069.092830 <= best bid 9999.990388
[BOOK WARN] Crossed book rejected for AAPL: ask 9078.349619 <= best bid 9999.990388
[BOOK WARN] Crossed book rejected for AAPL: ask 9080.606870 <= best bid 9999.990388
[BOOK WARN] Crossed book rejected for AAPL: ask 9086.524587 <= best bid 9999.990388
[BOOK WARN] Crossed book rejected for AAPL: ask 9081.762183 <= best bid 9999.990388
[BOOK WARN] Crossed book rejected for AAPL: ask 9089.009787 <= best bid 9999.990388
[BOOK WARN] Crossed book rejected for AAPL: ask 9078.528483 <= best bid 9999.990388
[BOOK WARN] Crossed book rejected for AAPL: ask 9058.781961 <= best bid 9999.990388
[BOOK WARN] Crossed book rejected for AAPL: ask 9055.575665 <= best bid 9999.990388
[BOOK WARN] Crossed book rejected for AAPL: ask 9064.131056 <= best bid 9999.990388
[BOOK WARN] Crossed book rejected for AAPL: ask 9066.817113 <= best bid 9999.990388
[BOOK WARN] Crossed book rejected for AAPL: ask 9071.972157 <= best bid 9999.990388
[BOOK WARN] Crossed book rejected for AAPL: ask 9070.118840 <= best bid 9999.990388
[BOOK WARN] Crossed book rejected for AAPL: ask 9059.765724 <= best bid 9999.990388
[BOOK WARN] Crossed book rejected for AAPL: ask 9049.395760 <= best bid 9999.990388
[BOOK WARN] Crossed book rejected for AAPL: ask 9052.682073 <= best bid 9999.990388
[BOOK WARN] Crossed book rejected for AAPL: ask 9069.453405 <= best bid 9999.990388
[BOOK WARN] Crossed book rejected for AAPL: ask 9081.834993 <= best bid 9999.990388
[BOOK WARN] Crossed book rejected for AAPL: ask 9088.127848 <= best bid 9999.990388
[BOOK WARN] Crossed book rejected for AAPL: ask 9089.099042 <= best bid 9999.990388
[BOOK WARN] Crossed book rejected for AAPL: ask 9083.182775 <= best bid 9999.990388
[BOOK WARN] Crossed book rejected for AAPL: ask 9086.471780 <= best bid 9999.990388
[BOOK WARN] Crossed book rejected for AAPL: ask 9075.201558 <= best bid 9999.990388
[BOOK WARN] Crossed book rejected for AAPL: ask 9086.461975 <= best bid 9999.990388
[BOOK WARN] Crossed book rejected for AAPL: ask 9075.293363 <= best bid 9999.990388
[BOOK WARN] Crossed book rejected for AAPL: ask 9068.510175 <= best bid 9999.990388
[BOOK WARN] Crossed book rejected for AAPL: ask 9076.633471 <= best bid 9999.990388
[BOOK WARN] Crossed book rejected for AAPL: ask 9067.696122 <= best bid 9999.990388
[BOOK WARN] Crossed book rejected for AAPL: ask 9047.752206 <= best bid 9999.990388
[BOOK WARN] Crossed book rejected for AAPL: ask 9043.440188 <= best bid 9999.990388
[BOOK WARN] Crossed book rejected for AAPL: ask 9040.288581 <= best bid 9999.990388
[BOOK WARN] Crossed book rejected for AAPL: ask 9054.253446 <= best bid 9999.990388
[BOOK WARN] Crossed book rejected for AAPL: ask 9056.072693 <= best bid 9999.990388
[BOOK WARN] Crossed book rejected for AAPL: ask 9051.693790 <= best bid 9999.990388
[BOOK WARN] Crossed book rejected for AAPL: ask 9023.516463 <= best bid 9999.990388
[BOOK WARN] Crossed book rejected for AAPL: ask 9040.111914 <= best bid 9999.990388
[BOOK WARN] Crossed book rejected for AAPL: ask 9048.028291 <= best bid 9999.990388
[BOOK WARN] Crossed book rejected for AAPL: ask 9043.505558 <= best bid 9999.990388
[BOOK WARN] Crossed book rejected for AAPL: ask 9028.741583 <= best bid 9999.990388
[BOOK WARN] Crossed book rejected for AAPL: ask 9023.681454 <= best bid 9999.990388
[BOOK WARN] Crossed book rejected for AAPL: ask 9031.070913 <= best bid 9999.990388
[BOOK WARN] Crossed book rejected for AAPL: ask 9023.576321 <= best bid 9999.990388
[BOOK WARN] Crossed book rejected for AAPL: ask 9033.310398 <= best bid 9999.990388
[BOOK WARN] Crossed book rejected for AAPL: ask 9035.549418 <= best bid 9999.990388
[BOOK WARN] Crossed book rejected for AAPL: ask 9028.703334 <= best bid 9999.990388
[BOOK WARN] Crossed book rejected for AAPL: ask 9032.141847 <= best bid 9999.990388
[BOOK WARN] Crossed book rejected for AAPL: ask 9032.095199 <= best bid 9999.990388
[BOOK WARN] Crossed book rejected for AAPL: ask 9038.342067 <= best bid 9999.990388
[BOOK WARN] Crossed book rejected for AAPL: ask 9023.027619 <= best bid 9999.990388
[BOOK WARN] Crossed book rejected for AAPL: ask 9013.825046 <= best bid 9999.990388
[BOOK WARN] Crossed book rejected for AAPL: ask 9014.809200 <= best bid 9999.990388
[BOOK WARN] Crossed book rejected for AAPL: ask 9004.666365 <= best bid 9999.990388
[BOOK WARN] Crossed book rejected for AAPL: ask 9009.914180 <= best bid 9999.990388
[BOOK WARN] Crossed book rejected for AAPL: ask 9021.122461 <= best bid 9999.990388
[BOOK WARN] Crossed book rejected for AAPL: ask 9034.497002 <= best bid 9999.990388
[BOOK WARN] Crossed book rejected for AAPL: ask 9022.403072 <= best bid 9999.990388
[BOOK WARN] Crossed book rejected for AAPL: ask 9027.754927 <= best bid 9999.990388
[BOOK WARN] Crossed book rejected for AAPL: ask 9037.249551 <= best bid 9999.990388
[BOOK WARN] Crossed book rejected for AAPL: ask 9041.602916 <= best bid 9999.990388
[BOOK WARN] Crossed book rejected for AAPL: ask 9041.092473 <= best bid 9999.990388
[BOOK WARN] Crossed book rejected for AAPL: ask 9040.477378 <= best bid 9999.990388
[BOOK WARN] Crossed book rejected for AAPL: ask 9049.676777 <= best bid 9999.990388
[BOOK WARN] Crossed book rejected for AAPL: ask 9039.832291 <= best bid 9999.990388
[BOOK WARN] Crossed book rejected for AAPL: ask 9021.805486 <= best bid 9999.990388
[BOOK WARN] Crossed book rejected for AAPL: ask 9012.376441 <= best bid 9999.990388
[BOOK WARN] Crossed book rejected for AAPL: ask 8999.484670 <= best bid 9999.990388
[BOOK WARN] Crossed book rejected for AAPL: ask 9003.481545 <= best bid 9999.990388
[BOOK WARN] Crossed book rejected for AAPL: ask 9000.597094 <= best bid 9999.990388
[BOOK WARN] Crossed book rejected for AAPL: ask 8989.261508 <= best bid 9999.990388
[BOOK WARN] Crossed book rejected for AAPL: ask 8985.798452 <= best bid 9999.990388
[BOOK WARN] Crossed book rejected for AAPL: ask 8986.219832 <= best bid 9999.990388
[BOOK WARN] Crossed book rejected for AAPL: ask 8993.535259 <= best bid 9999.990388
[BOOK WARN] Crossed book rejected for AAPL: ask 8977.503832 <= best bid 9999.990388
[BOOK WARN] Crossed book rejected for AAPL: ask 8984.055381 <= best bid 9999.990388
[BOOK WARN] Crossed book rejected for AAPL: ask 8975.744038 <= best bid 9999.990388
[BOOK WARN] Crossed book rejected for AAPL: ask 8967.693533 <= best bid 9999.990388
[BOOK WARN] Crossed book rejected for AAPL: ask 8974.510330 <= best bid 9999.990388
[BOOK WARN] Crossed book rejected for AAPL: ask 8975.998565 <= best bid 9999.990388
[BOOK WARN] Crossed book rejected for AAPL: ask 8990.495233 <= best bid 9999.990388
[BOOK WARN] Crossed book rejected for AAPL: ask 8974.361796 <= best bid 9999.990388
[BOOK WARN] Crossed book rejected for AAPL: ask 8961.525906 <= best bid 9999.990388
[BOOK WARN] Crossed book rejected for AAPL: ask 8953.788962 <= best bid 9999.990388
[BOOK WARN] Crossed book rejected for AAPL: ask 8943.232993 <= best bid 9999.990388
[BOOK WARN] Crossed book rejected for AAPL: ask 8951.065145 <= best bid 9999.990388
[BOOK WARN] Crossed book rejected for AAPL: ask 8954.426778 <= best bid 9999.990388
[BOOK WARN] Crossed book rejected for AAPL: ask 8956.398995 <= best bid 9999.990388
[BOOK WARN] Crossed book rejected for AAPL: ask 8954.237756 <= best bid 9999.990388
[BOOK WARN] Crossed book rejected for AAPL: ask 8952.887972 <= best bid 9999.990388
[BOOK WARN] Crossed book rejected for AAPL: ask 8985.818492 <= best bid 9999.990388
[BOOK WARN] Crossed book rejected for AAPL: ask 8986.611928 <= best bid 9999.990388
[BOOK WARN] Crossed book rejected for AAPL: ask 8977.637808 <= best bid 9999.990388
[BOOK WARN] Crossed book rejected for AAPL: ask 8980.619335 <= best bid 9999.990388
[BOOK WARN] Crossed book rejected for AAPL: ask 8981.954833 <= best bid 9999.990388
[BOOK WARN] Crossed book rejected for AAPL: ask 8976.270416 <= best bid 9999.990388
[BOOK WARN] Crossed book rejected for AAPL: ask 8967.118420 <= best bid 9999.990388
[BOOK WARN] Crossed book rejected for AAPL: ask 8955.663749 <= best bid 9999.990388
[BOOK WARN] Crossed book rejected for AAPL: ask 8952.071680 <= best bid 9999.990388
[BOOK WARN] Crossed book rejected for AAPL: ask 8957.242110 <= best bid 9999.990388
[BOOK WARN] Crossed book rejected for AAPL: ask 8939.125765 <= best bid 9999.990388
[BOOK WARN] Crossed book rejected for AAPL: ask 8940.198646 <= best bid 9999.990388
[BOOK WARN] Crossed book rejected for AAPL: ask 8929.552612 <= best bid 9999.990388
[BOOK WARN] Crossed book rejected for AAPL: ask 8912.792994 <= best bid 9999.990388
[BOOK WARN] Crossed book rejected for AAPL: ask 8901.014184 <= best bid 9999.990388
[BOOK WARN] Crossed book rejected for AAPL: ask 8893.329352 <= best bid 9999.990388
[BOOK WARN] Crossed book rejected for AAPL: ask 8897.533523 <= best bid 9999.990388
[BOOK WARN] Crossed book rejected for AAPL: ask 8891.192547 <= best bid 9999.990388
[BOOK WARN] Crossed book rejected for AAPL: ask 8889.412522 <= best bid 9999.990388
[BOOK WARN] Crossed book rejected for AAPL: ask 8886.902197 <= best bid 9999.990388
[BOOK WARN] Crossed book rejected for AAPL: ask 8893.455541 <= best bid 9999.990388
[BOOK WARN] Crossed book rejected for AAPL: ask 8897.412412 <= best bid 9999.990388
[BOOK WARN] Crossed book rejected for AAPL: ask 8898.987276 <= best bid 9999.990388
[BOOK WARN] Crossed book rejected for AAPL: ask 8896.198593 <= best bid 9999.990388
[BOOK WARN] Crossed book rejected for AAPL: ask 8903.356441 <= best bid 9999.990388
[BOOK WARN] Crossed book rejected for AAPL: ask 8887.089622 <= best bid 9999.990388
[BOOK WARN] Crossed book rejected for AAPL: ask 8896.838784 <= best bid 9999.990388
[BOOK WARN] Crossed book rejected for AAPL: ask 8904.403397 <= best bid 9999.990388
[BOOK WARN] Crossed book rejected for AAPL: ask 8903.750897 <= best bid 9999.990388
[BOOK WARN] Crossed book rejected for AAPL: ask 8906.477062 <= best bid 9999.990388
[BOOK WARN] Crossed book rejected for AAPL: ask 8895.559639 <= best bid 9999.990388
[BOOK WARN] Crossed book rejected for AAPL: ask 8897.738616 <= best bid 9999.990388
[BOOK WARN] Crossed book rejected for AAPL: ask 8895.990567 <= best bid 9999.990388
[BOOK WARN] Crossed book rejected for AAPL: ask 8897.254343 <= best bid 9999.990388
[BOOK WARN] Crossed book rejected for AAPL: ask 8899.963522 <= best bid 9999.990388
[BOOK WARN] Crossed book rejected for AAPL: ask 8884.349012 <= best bid 9999.990388
[BOOK WARN] Crossed book rejected for AAPL: ask 8885.858606 <= best bid 9999.990388
[BOOK WARN] Crossed book rejected for AAPL: ask 8890.810135 <= best bid 9999.990388
[BOOK WARN] Crossed book rejected for AAPL: ask 8874.178522 <= best bid 9999.990388
[BOOK WARN] Crossed book rejected for AAPL: ask 8863.198563 <= best bid 9999.990388
[BOOK WARN] Crossed book rejected for AAPL: ask 8858.397017 <= best bid 9999.990388
[BOOK WARN] Crossed book rejected for AAPL: ask 8852.016417 <= best bid 9999.990388
[BOOK WARN] Crossed book rejected for AAPL: ask 8864.399111 <= best bid 9999.990388
[BOOK WARN] Crossed book rejected for AAPL: ask 8843.349187 <= best bid 9999.990388
[BOOK WARN] Crossed book rejected for AAPL: ask 8856.032174 <= best bid 9999.990388
[BOOK WARN] Crossed book rejected for AAPL: ask 8866.092745 <= best bid 9999.990388
[BOOK WARN] Crossed book rejected for AAPL: ask 8859.806266 <= best bid 9999.990388
[BOOK WARN] Crossed book rejected for AAPL: ask 8850.546684 <= best bid 9999.990388
[BOOK WARN] Crossed book rejected for AAPL: ask 8857.053576 <= best bid 9999.990388
[BOOK WARN] Crossed book rejected for AAPL: ask 8865.622780 <= best bid 9999.990388
[BOOK WARN] Crossed book rejected for AAPL: ask 8858.819137 <= best bid 9999.990388
[BOOK WARN] Crossed book rejected for AAPL: ask 8860.712752 <= best bid 9999.990388
[BOOK WARN] Crossed book rejected for AAPL: ask 8865.104417 <= best bid 9999.990388
[BOOK WARN] Crossed book rejected for AAPL: ask 8878.347662 <= best bid 9999.990388
[BOOK WARN] Crossed book rejected for AAPL: ask 8893.569504 <= best bid 9999.990388
[BOOK WARN] Crossed book rejected for AAPL: ask 8888.052885 <= best bid 9999.990388
[BOOK WARN] Crossed book rejected for AAPL: ask 8888.436411 <= best bid 9999.990388
[BOOK WARN] Crossed book rejected for AAPL: ask 8887.954175 <= best bid 9999.990388
[BOOK WARN] Crossed book rejected for AAPL: ask 8879.799579 <= best bid 9999.990388
[BOOK WARN] Crossed book rejected for AAPL: ask 8891.773978 <= best bid 9999.990388
[BOOK WARN] Crossed book rejected for AAPL: ask 8875.173891 <= best bid 9999.990388
[BOOK WARN] Crossed book rejected for AAPL: ask 8860.412625 <= best bid 9999.990388
[BOOK WARN] Crossed book rejected for AAPL: ask 8878.610067 <= best bid 9999.990388
[BOOK WARN] Crossed book rejected for AAPL: ask 8882.836922 <= best bid 9999.990388
[BOOK WARN] Crossed book rejected for AAPL: ask 8892.711705 <= best bid 9999.990388
[BOOK WARN] Crossed book rejected for AAPL: ask 8878.787450 <= best bid 9999.990388
[BOOK WARN] Crossed book rejected for AAPL: ask 8875.163842 <= best bid 9999.990388
[BOOK WARN] Crossed book rejected for AAPL: ask 8873.637796 <= best bid 9999.990388
[BOOK WARN] Crossed book rejected for AAPL: ask 8867.369629 <= best bid 9999.990388
[BOOK WARN] Crossed book rejected for AAPL: ask 8856.563064 <= best bid 9999.990388
[BOOK WARN] Crossed book rejected for AAPL: ask 8854.028905 <= best bid 9999.990388
[BOOK WARN] Crossed book rejected for AAPL: ask 8858.190488 <= best bid 9999.990388
[BOOK WARN] Crossed book rejected for AAPL: ask 8847.799673 <= best bid 9999.990388
[BOOK WARN] Crossed book rejected for AAPL: ask 8845.506293 <= best bid 9999.990388
[BOOK WARN] Crossed book rejected for AAPL: ask 8854.154423 <= best bid 9999.990388
[BOOK WARN] Crossed book rejected for AAPL: ask 8854.526866 <= best bid 9999.990388
[BOOK WARN] Crossed book rejected for AAPL: ask 8855.992212 <= best bid 9999.990388
[BOOK WARN] Crossed book rejected for AAPL: ask 8856.019806 <= best bid 9999.990388
[BOOK WARN] Crossed book rejected for AAPL: ask 8849.990050 <= best bid 9999.990388
[BOOK WARN] Crossed book rejected for AAPL: ask 8830.644643 <= best bid 9999.990388
[BOOK WARN] Crossed book rejected for AAPL: ask 8828.653933 <= best bid 9999.990388
[BOOK WARN] Crossed book rejected for AAPL: ask 8827.215278 <= best bid 9999.990388
[BOOK WARN] Crossed book rejected for AAPL: ask 8821.807422 <= best bid 9999.990388
[BOOK WARN] Crossed book rejected for AAPL: ask 8824.956236 <= best bid 9999.990388
[BOOK WARN] Crossed book rejected for AAPL: ask 8828.343843 <= best bid 9999.990388
[BOOK WARN] Crossed book rejected for AAPL: ask 8815.125810 <= best bid 9999.990388
[BOOK WARN] Crossed book rejected for AAPL: ask 8812.230784 <= best bid 9999.990388
[BOOK WARN] Crossed book rejected for AAPL: ask 8809.007182 <= best bid 9999.990388
[BOOK WARN] Crossed book rejected for AAPL: ask 8799.899375 <= best bid 9999.990388
[BOOK WARN] Crossed book rejected for AAPL: ask 8796.798734 <= best bid 9999.990388
[BOOK WARN] Crossed book rejected for AAPL: ask 8799.823081 <= best bid 9999.990388
[BOOK WARN] Crossed book rejected for AAPL: ask 8788.798377 <= best bid 9999.990388
[BOOK WARN] Crossed book rejected for AAPL: ask 8795.657445 <= best bid 9999.990388
[BOOK WARN] Crossed book rejected for AAPL: ask 8791.471873 <= best bid 9999.990388
[BOOK WARN] Crossed book rejected for AAPL: ask 8785.021140 <= best bid 9999.990388
[BOOK WARN] Crossed book rejected for AAPL: ask 8791.393009 <= best bid 9999.990388
[BOOK WARN] Crossed book rejected for AAPL: ask 8781.915368 <= best bid 9999.990388
[BOOK WARN] Crossed book rejected for AAPL: ask 8783.182525 <= best bid 9999.990388
[BOOK WARN] Crossed book rejected for AAPL: ask 8771.321210 <= best bid 9999.990388
[BOOK WARN] Crossed book rejected for AAPL: ask 8775.940754 <= best bid 9999.990388
[BOOK WARN] Crossed book rejected for AAPL: ask 8780.679354 <= best bid 9999.990388
[BOOK WARN] Crossed book rejected for AAPL: ask 8775.827457 <= best bid 9999.990388
[BOOK WARN] Crossed book rejected for AAPL: ask 8786.836741 <= best bid 9999.990388
[BOOK WARN] Crossed book rejected for AAPL: ask 8787.686387 <= best bid 9999.990388
[BOOK WARN] Crossed book rejected for AAPL: ask 8786.451279 <= best bid 9999.990388
[BOOK WARN] Crossed book rejected for AAPL: ask 8770.720089 <= best bid 9999.990388
[BOOK WARN] Crossed book rejected for AAPL: ask 8774.657370 <= best bid 9999.990388
[BOOK WARN] Crossed book rejected for AAPL: ask 8778.124077 <= best bid 9999.990388
[BOOK WARN] Crossed book rejected for AAPL: ask 8772.713563 <= best bid 9999.990388
[BOOK WARN] Crossed book rejected for AAPL: ask 8773.518603 <= best bid 9999.990388
[BOOK WARN] Crossed book rejected for AAPL: ask 8760.238607 <= best bid 9999.990388
[BOOK WARN] Crossed book rejected for AAPL: ask 8765.929405 <= best bid 9999.990388
[BOOK WARN] Crossed book rejected for AAPL: ask 8747.468386 <= best bid 9999.990388
[BOOK WARN] Crossed book rejected for AAPL: ask 8751.237692 <= best bid 9999.990388
[BOOK WARN] Crossed book rejected for AAPL: ask 8760.295878 <= best bid 9999.990388
[BOOK WARN] Crossed book rejected for AAPL: ask 8759.482177 <= best bid 9999.990388
[BOOK WARN] Crossed book rejected for AAPL: ask 8765.560587 <= best bid 9999.990388
[BOOK WARN] Crossed book rejected for AAPL: ask 8773.637470 <= best bid 9999.990388
[BOOK WARN] Crossed book rejected for AAPL: ask 8768.550603 <= best bid 9999.990388
[BOOK WARN] Crossed book rejected for AAPL: ask 8769.406897 <= best bid 9999.990388
[BOOK WARN] Crossed book rejected for AAPL: ask 8758.467856 <= best bid 9999.990388
[BOOK WARN] Crossed book rejected for AAPL: ask 8754.810765 <= best bid 9999.990388
[BOOK WARN] Crossed book rejected for AAPL: ask 8753.238223 <= best bid 9999.990388
[BOOK WARN] Crossed book rejected for AAPL: ask 8745.463237 <= best bid 9999.990388
[BOOK WARN] Crossed book rejected for AAPL: ask 8742.587529 <= best bid 9999.990388
[BOOK WARN] Crossed book rejected for AAPL: ask 8741.184720 <= best bid 9999.990388
[BOOK WARN] Crossed book rejected for AAPL: ask 8739.436466 <= best bid 9999.990388
[BOOK WARN] Crossed book rejected for AAPL: ask 8748.430581 <= best bid 9999.990388
[BOOK WARN] Crossed book rejected for AAPL: ask 8725.706861 <= best bid 9999.990388
[BOOK WARN] Crossed book rejected for AAPL: ask 8730.315730 <= best bid 9999.990388
[BOOK WARN] Crossed book rejected for AAPL: ask 8735.882746 <= best bid 9999.990388
[BOOK WARN] Crossed book rejected for AAPL: ask 8740.373618 <= best bid 9999.990388
[BOOK WARN] Crossed book rejected for AAPL: ask 8748.584734 <= best bid 9999.990388
[BOOK WARN] Crossed book rejected for AAPL: ask 8749.661177 <= best bid 9999.990388
[BOOK WARN] Crossed book rejected for AAPL: ask 8753.441808 <= best bid 9999.990388
[BOOK WARN] Crossed book rejected for AAPL: ask 8766.396039 <= best bid 9999.990388
[BOOK WARN] Crossed book rejected for AAPL: ask 8758.737401 <= best bid 9999.990388
[BOOK WARN] Crossed book rejected for AAPL: ask 8772.385196 <= best bid 9999.990388
[BOOK WARN] Crossed book rejected for AAPL: ask 8770.858851 <= best bid 9999.990388
[BOOK WARN] Crossed book rejected for AAPL: ask 8767.801840 <= best bid 9999.990388
[BOOK WARN] Crossed book rejected for AAPL: ask 8769.243560 <= best bid 9999.990388
[BOOK WARN] Crossed book rejected for AAPL: ask 8740.424471 <= best bid 9999.990388
[BOOK WARN] Crossed book rejected for AAPL: ask 8735.580571 <= best bid 9999.990388
[BOOK WARN] Crossed book rejected for AAPL: ask 8735.274811 <= best bid 9999.990388
[BOOK WARN] Crossed book rejected for AAPL: ask 8739.801734 <= best bid 9999.990388
[BOOK WARN] Crossed book rejected for AAPL: ask 8740.260746 <= best bid 9999.990388
[BOOK WARN] Crossed book rejected for AAPL: ask 8742.604999 <= best bid 9999.990388
[BOOK WARN] Crossed book rejected for AAPL: ask 8728.707476 <= best bid 9999.990388
[BOOK WARN] Crossed book rejected for AAPL: ask 8722.452952 <= best bid 9999.990388
[BOOK WARN] Crossed book rejected for AAPL: ask 8712.121357 <= best bid 9999.990388
[BOOK WARN] Crossed book rejected for AAPL: ask 8708.516818 <= best bid 9999.990388
[BOOK WARN] Crossed book rejected for AAPL: ask 8701.203448 <= best bid 9999.990388
[BOOK WARN] Crossed book rejected for AAPL: ask 8691.481919 <= best bid 9999.990388
[BOOK WARN] Crossed book rejected for AAPL: ask 8705.516093 <= best bid 9999.990388
[BOOK WARN] Crossed book rejected for AAPL: ask 8702.539733 <= best bid 9999.990388
[BOOK WARN] Crossed book rejected for AAPL: ask 8702.722416 <= best bid 9999.990388
[BOOK WARN] Crossed book rejected for AAPL: ask 8705.607675 <= best bid 9999.990388
[BOOK WARN] Crossed book rejected for AAPL: ask 8709.304022 <= best bid 9999.990388
[BOOK WARN] Crossed book rejected for AAPL: ask 8717.038019 <= best bid 9999.990388
[BOOK WARN] Crossed book rejected for AAPL: ask 8722.550886 <= best bid 9999.990388
[BOOK WARN] Crossed book rejected for AAPL: ask 8717.288058 <= best bid 9999.990388
[BOOK WARN] Crossed book rejected for AAPL: ask 8702.836935 <= best bid 9999.990388
[BOOK WARN] Crossed book rejected for AAPL: ask 8679.404551 <= best bid 9999.990388
[BOOK WARN] Crossed book rejected for AAPL: ask 8685.297834 <= best bid 9999.990388
[BOOK WARN] Crossed book rejected for AAPL: ask 8685.972323 <= best bid 9999.990388
[BOOK WARN] Crossed book rejected for AAPL: ask 8688.761901 <= best bid 9999.990388
[BOOK WARN] Crossed book rejected for AAPL: ask 8692.405918 <= best bid 9999.990388
[BOOK WARN] Crossed book rejected for AAPL: ask 8688.983785 <= best bid 9999.990388
[BOOK WARN] Crossed book rejected for AAPL: ask 8688.876699 <= best bid 9999.990388
[BOOK WARN] Crossed book rejected for AAPL: ask 8694.785141 <= best bid 9999.990388
[BOOK WARN] Crossed book rejected for AAPL: ask 8705.723319 <= best bid 9999.990388
[BOOK WARN] Crossed book rejected for AAPL: ask 8702.968345 <= best bid 9999.990388
[BOOK WARN] Crossed book rejected for AAPL: ask 8694.689031 <= best bid 9999.990388
[BOOK WARN] Crossed book rejected for AAPL: ask 8698.426369 <= best bid 9999.990388
[BOOK WARN] Crossed book rejected for AAPL: ask 8702.277530 <= best bid 9999.990388
[BOOK WARN] Crossed book rejected for AAPL: ask 8697.498158 <= best bid 9999.990388
[BOOK WARN] Crossed book rejected for AAPL: ask 8696.731059 <= best bid 9999.990388
[BOOK WARN] Crossed book rejected for AAPL: ask 8703.120671 <= best bid 9999.990388
[BOOK WARN] Crossed book rejected for AAPL: ask 8692.390723 <= best bid 9999.990388
[BOOK WARN] Crossed book rejected for AAPL: ask 8695.755537 <= best bid 9999.990388
[BOOK WARN] Crossed book rejected for AAPL: ask 8710.190389 <= best bid 9999.990388
[BOOK WARN] Crossed book rejected for AAPL: ask 8711.038693 <= best bid 9999.990388
[BOOK WARN] Crossed book rejected for AAPL: ask 8704.877785 <= best bid 9999.990388
[BOOK WARN] Crossed book rejected for AAPL: ask 8692.220959 <= best bid 9999.990388
[BOOK WARN] Crossed book rejected for AAPL: ask 8676.999680 <= best bid 9999.990388
[BOOK WARN] Crossed book rejected for AAPL: ask 8665.987428 <= best bid 9999.990388
[BOOK WARN] Crossed book rejected for AAPL: ask 8670.158355 <= best bid 9999.990388
[BOOK WARN] Crossed book rejected for AAPL: ask 8682.889155 <= best bid 9999.990388
[BOOK WARN] Crossed book rejected for AAPL: ask 8680.604410 <= best bid 9999.990388
[BOOK WARN] Crossed book rejected for AAPL: ask 8667.860347 <= best bid 9999.990388
[BOOK WARN] Crossed book rejected for AAPL: ask 8654.930254 <= best bid 9999.990388
[BOOK WARN] Crossed book rejected for AAPL: ask 8663.358883 <= best bid 9999.990388
[BOOK WARN] Crossed book rejected for AAPL: ask 8658.729309 <= best bid 9999.990388
[BOOK WARN] Crossed book rejected for AAPL: ask 8656.443581 <= best bid 9999.990388
[BOOK WARN] Crossed book rejected for AAPL: ask 8657.457508 <= best bid 9999.990388
[BOOK WARN] Crossed book rejected for AAPL: ask 8647.736067 <= best bid 9999.990388
[BOOK WARN] Crossed book rejected for AAPL: ask 8653.019597 <= best bid 9999.990388
[BOOK WARN] Crossed book rejected for AAPL: ask 8649.222976 <= best bid 9999.990388
[BOOK WARN] Crossed book rejected for AAPL: ask 8626.747461 <= best bid 9999.990388
[BOOK WARN] Crossed book rejected for AAPL: ask 8619.886948 <= best bid 9999.990388
[BOOK WARN] Crossed book rejected for AAPL: ask 8615.803510 <= best bid 9999.990388
[BOOK WARN] Crossed book rejected for AAPL: ask 8635.542974 <= best bid 9999.990388
[BOOK WARN] Crossed book rejected for AAPL: ask 8629.479599 <= best bid 9999.990388
[BOOK WARN] Crossed book rejected for AAPL: ask 8645.930826 <= best bid 9999.990388
[BOOK WARN] Crossed book rejected for AAPL: ask 8644.079895 <= best bid 9999.990388
[BOOK WARN] Crossed book rejected for AAPL: ask 8648.652441 <= best bid 9999.990388
[BOOK WARN] Crossed book rejected for AAPL: ask 8645.477073 <= best bid 9999.990388
[BOOK WARN] Crossed book rejected for AAPL: ask 8661.857041 <= best bid 9999.990388
[BOOK WARN] Crossed book rejected for AAPL: ask 8647.687231 <= best bid 9999.990388
[BOOK WARN] Crossed book rejected for AAPL: ask 8664.405881 <= best bid 9999.990388
[BOOK WARN] Crossed book rejected for AAPL: ask 8666.753174 <= best bid 9999.990388
[BOOK WARN] Crossed book rejected for AAPL: ask 8654.899483 <= best bid 9999.990388
[BOOK WARN] Crossed book rejected for AAPL: ask 8655.821924 <= best bid 9999.990388
[BOOK WARN] Crossed book rejected for AAPL: ask 8660.154814 <= best bid 9999.990388
[BOOK WARN] Crossed book rejected for AAPL: ask 8666.124359 <= best bid 9999.990388
[BOOK WARN] Crossed book rejected for AAPL: ask 8660.454648 <= best bid 9999.990388
[BOOK WARN] Crossed book rejected for AAPL: ask 8650.609287 <= best bid 9999.990388
[BOOK WARN] Crossed book rejected for AAPL: ask 8657.347807 <= best bid 9999.990388
[BOOK WARN] Crossed book rejected for AAPL: ask 8655.915760 <= best bid 9999.990388
[BOOK WARN] Crossed book rejected for AAPL: ask 8655.771511 <= best bid 9999.990388
[BOOK WARN] Crossed book rejected for AAPL: ask 8653.155587 <= best bid 9999.990388
[BOOK WARN] Crossed book rejected for AAPL: ask 8656.193510 <= best bid 9999.990388
[BOOK WARN] Crossed book rejected for AAPL: ask 8674.711355 <= best bid 9999.990388
[BOOK WARN] Crossed book rejected for AAPL: ask 8685.382431 <= best bid 9999.990388
[BOOK WARN] Crossed book rejected for AAPL: ask 8689.486247 <= best bid 9999.990388
[BOOK WARN] Crossed book rejected for AAPL: ask 8703.544136 <= best bid 9999.990388
[BOOK WARN] Crossed book rejected for AAPL: ask 8697.568565 <= best bid 9999.990388
[BOOK WARN] Crossed book rejected for AAPL: ask 8681.202232 <= best bid 9999.990388
[BOOK WARN] Crossed book rejected for AAPL: ask 8683.470070 <= best bid 9999.990388
[BOOK WARN] Crossed book rejected for AAPL: ask 8676.811689 <= best bid 9999.990388
[BOOK WARN] Crossed book rejected for AAPL: ask 8663.860419 <= best bid 9999.990388
[BOOK WARN] Crossed book rejected for AAPL: ask 8655.912613 <= best bid 9999.990388
[BOOK WARN] Crossed book rejected for AAPL: ask 8652.069843 <= best bid 9999.990388
[BOOK WARN] Crossed book rejected for AAPL: ask 8643.072999 <= best bid 9999.990388
[BOOK WARN] Crossed book rejected for AAPL: ask 8642.342687 <= best bid 9999.990388
[BOOK WARN] Crossed book rejected for AAPL: ask 8647.911293 <= best bid 9999.990388
[BOOK WARN] Crossed book rejected for AAPL: ask 8651.802938 <= best bid 9999.990388
[BOOK WARN] Crossed book rejected for AAPL: ask 8653.202939 <= best bid 9999.990388
[BOOK WARN] Crossed book rejected for AAPL: ask 8648.894861 <= best bid 9999.990388
[BOOK WARN] Crossed book rejected for AAPL: ask 8669.437229 <= best bid 9999.990388
[BOOK WARN] Crossed book rejected for AAPL: ask 8673.261648 <= best bid 9999.990388
[BOOK WARN] Crossed book rejected for AAPL: ask 8661.716520 <= best bid 9999.990388
[BOOK WARN] Crossed book rejected for AAPL: ask 8669.468875 <= best bid 9999.990388
[BOOK WARN] Crossed book rejected for AAPL: ask 8661.035384 <= best bid 9999.990388
[BOOK WARN] Crossed book rejected for AAPL: ask 8669.179836 <= best bid 9999.990388
[BOOK WARN] Crossed book rejected for AAPL: ask 8680.649090 <= best bid 9999.990388
[BOOK WARN] Crossed book rejected for AAPL: ask 8675.075366 <= best bid 9999.990388
[BOOK WARN] Crossed book rejected for AAPL: ask 8678.630323 <= best bid 9999.990388
[BOOK WARN] Crossed book rejected for AAPL: ask 8666.789298 <= best bid 9999.990388
[BOOK WARN] Crossed book rejected for AAPL: ask 8670.551539 <= best bid 9999.990388
[BOOK WARN] Crossed book rejected for AAPL: ask 8661.050339 <= best bid 9999.990388
[BOOK WARN] Crossed book rejected for AAPL: ask 8653.447629 <= best bid 9999.990388
[BOOK WARN] Crossed book rejected for AAPL: ask 8645.057420 <= best bid 9999.990388
[BOOK WARN] Crossed book rejected for AAPL: ask 8664.166509 <= best bid 9999.990388
[BOOK WARN] Crossed book rejected for AAPL: ask 8681.105763 <= best bid 9999.990388
[BOOK WARN] Crossed book rejected for AAPL: ask 8684.556544 <= best bid 9999.990388
[BOOK WARN] Crossed book rejected for AAPL: ask 8701.743772 <= best bid 9999.990388
[BOOK WARN] Crossed book rejected for AAPL: ask 8682.864768 <= best bid 9999.990388
[BOOK WARN] Crossed book rejected for AAPL: ask 8674.544839 <= best bid 9999.990388
[BOOK WARN] Crossed book rejected for AAPL: ask 8670.161090 <= best bid 9999.990388
[BOOK WARN] Crossed book rejected for AAPL: ask 8654.775623 <= best bid 9999.990388
[BOOK WARN] Crossed book rejected for AAPL: ask 8643.714664 <= best bid 9999.990388
[BOOK WARN] Crossed book rejected for AAPL: ask 8656.392813 <= best bid 9999.990388
[BOOK WARN] Crossed book rejected for AAPL: ask 8659.658853 <= best bid 9999.990388
[BOOK WARN] Crossed book rejected for AAPL: ask 8672.273015 <= best bid 9999.990388
[BOOK WARN] Crossed book rejected for AAPL: ask 8676.102780 <= best bid 9999.990388
[BOOK WARN] Crossed book rejected for AAPL: ask 8674.976767 <= best bid 9999.990388
[BOOK WARN] Crossed book rejected for AAPL: ask 8672.011264 <= best bid 9999.990388
[BOOK WARN] Crossed book rejected for AAPL: ask 8678.246049 <= best bid 9999.990388
[BOOK WARN] Crossed book rejected for AAPL: ask 8684.789945 <= best bid 9999.990388
[BOOK WARN] Crossed book rejected for AAPL: ask 8680.680203 <= best bid 9999.990388
[BOOK WARN] Crossed book rejected for AAPL: ask 8693.861172 <= best bid 9999.990388
[BOOK WARN] Crossed book rejected for AAPL: ask 8689.924649 <= best bid 9999.990388
[BOOK WARN] Crossed book rejected for AAPL: ask 8683.065497 <= best bid 9999.990388
[BOOK WARN] Crossed book rejected for AAPL: ask 8684.733879 <= best bid 9999.990388
[BOOK WARN] Crossed book rejected for AAPL: ask 8662.095792 <= best bid 9999.990388
[BOOK WARN] Crossed book rejected for AAPL: ask 8650.305149 <= best bid 9999.990388
[BOOK WARN] Crossed book rejected for AAPL: ask 8653.187807 <= best bid 9999.990388
[BOOK WARN] Crossed book rejected for AAPL: ask 8665.622975 <= best bid 9999.990388
[BOOK WARN] Crossed book rejected for AAPL: ask 8661.600781 <= best bid 9999.990388
[BOOK WARN] Crossed book rejected for AAPL: ask 8645.367381 <= best bid 9999.990388
[BOOK WARN] Crossed book rejected for AAPL: ask 8655.110183 <= best bid 9999.990388
[BOOK WARN] Crossed book rejected for AAPL: ask 8659.730683 <= best bid 9999.990388
[BOOK WARN] Crossed book rejected for AAPL: ask 8658.884778 <= best bid 9999.990388
[BOOK WARN] Crossed book rejected for AAPL: ask 8649.191286 <= best bid 9999.990388
[BOOK WARN] Crossed book rejected for AAPL: ask 8651.615840 <= best bid 9999.990388
[BOOK WARN] Crossed book rejected for AAPL: ask 8653.404824 <= best bid 9999.990388
[BOOK WARN] Crossed book rejected for AAPL: ask 8655.796691 <= best bid 9999.990388
[BOOK WARN] Crossed book rejected for AAPL: ask 8667.887988 <= best bid 9999.990388
[BOOK WARN] Crossed book rejected for AAPL: ask 8676.191852 <= best bid 9999.990388
[BOOK WARN] Crossed book rejected for AAPL: ask 8667.171579 <= best bid 9999.990388
[BOOK WARN] Crossed book rejected for AAPL: ask 8662.882800 <= best bid 9999.990388
[BOOK WARN] Crossed book rejected for AAPL: ask 8668.789600 <= best bid 9999.990388
[BOOK WARN] Crossed book rejected for AAPL: ask 8657.879782 <= best bid 9999.990388
[BOOK WARN] Crossed book rejected for AAPL: ask 8646.967833 <= best bid 9999.990388
[BOOK WARN] Crossed book rejected for AAPL: ask 8634.780781 <= best bid 9999.990388
[BOOK WARN] Crossed book rejected for AAPL: ask 8634.932629 <= best bid 9999.990388
[BOOK WARN] Crossed book rejected for AAPL: ask 8637.889640 <= best bid 9999.990388
[BOOK WARN] Crossed book rejected for AAPL: ask 8633.837623 <= best bid 9999.990388
[BOOK WARN] Crossed book rejected for AAPL: ask 8640.144290 <= best bid 9999.990388
[BOOK WARN] Crossed book rejected for AAPL: ask 8652.242720 <= best bid 9999.990388
[BOOK WARN] Crossed book rejected for AAPL: ask 8667.327524 <= best bid 9999.990388
[BOOK WARN] Crossed book rejected for AAPL: ask 8664.173677 <= best bid 9999.990388
[BOOK WARN] Crossed book rejected for AAPL: ask 8650.687152 <= best bid 9999.990388
[BOOK WARN] Crossed book rejected for AAPL: ask 8647.658638 <= best bid 9999.990388
[BOOK WARN] Crossed book rejected for AAPL: ask 8633.490623 <= best bid 9999.990388
[BOOK WARN] Crossed book rejected for AAPL: ask 8635.932834 <= best bid 9999.990388
[BOOK WARN] Crossed book rejected for AAPL: ask 8640.303913 <= best bid 9999.990388
[BOOK WARN] Crossed book rejected for AAPL: ask 8647.972195 <= best bid 9999.990388
[BOOK WARN] Crossed book rejected for AAPL: ask 8665.151871 <= best bid 9999.990388
[BOOK WARN] Crossed book rejected for AAPL: ask 8667.175054 <= best bid 9999.990388
[BOOK WARN] Crossed book rejected for AAPL: ask 8655.038544 <= best bid 9999.990388
[BOOK WARN] Crossed book rejected for AAPL: ask 8654.167599 <= best bid 9999.990388
[BOOK WARN] Crossed book rejected for AAPL: ask 8635.626213 <= best bid 9999.990388
[BOOK WARN] Crossed book rejected for AAPL: ask 8631.095198 <= best bid 9999.990388
[BOOK WARN] Crossed book rejected for AAPL: ask 8639.531368 <= best bid 9999.990388
[BOOK WARN] Crossed book rejected for AAPL: ask 8635.654912 <= best bid 9999.990388
[BOOK WARN] Crossed book rejected for AAPL: ask 8643.502651 <= best bid 9999.990388
[BOOK WARN] Crossed book rejected for AAPL: ask 8651.955056 <= best bid 9999.990388
[BOOK WARN] Crossed book rejected for AAPL: ask 8636.282544 <= best bid 9999.990388
[BOOK WARN] Crossed book rejected for AAPL: ask 8638.454973 <= best bid 9999.990388
[BOOK WARN] Crossed book rejected for AAPL: ask 8647.273790 <= best bid 9999.990388
[BOOK WARN] Crossed book rejected for AAPL: ask 8647.093036 <= best bid 9999.990388
[BOOK WARN] Crossed book rejected for AAPL: ask 8645.452330 <= best bid 9999.990388
[BOOK WARN] Crossed book rejected for AAPL: ask 8641.434237 <= best bid 9999.990388
[BOOK WARN] Crossed book rejected for AAPL: ask 8639.186825 <= best bid 9999.990388
[BOOK WARN] Crossed book rejected for AAPL: ask 8635.627639 <= best bid 9999.990388
[BOOK WARN] Crossed book rejected for AAPL: ask 8635.040391 <= best bid 9999.990388
[BOOK WARN] Crossed book rejected for AAPL: ask 8634.186906 <= best bid 9999.990388
[BOOK WARN] Crossed book rejected for AAPL: ask 8628.046922 <= best bid 9999.990388
[BOOK WARN] Crossed book rejected for AAPL: ask 8628.259427 <= best bid 9999.990388
[BOOK WARN] Crossed book rejected for AAPL: ask 8628.541392 <= best bid 9999.990388
[BOOK WARN] Crossed book rejected for AAPL: ask 8633.757962 <= best bid 9999.990388
[BOOK WARN] Crossed book rejected for AAPL: ask 8626.996822 <= best bid 9999.990388
[BOOK WARN] Crossed book rejected for AAPL: ask 8629.785771 <= best bid 9999.990388
[BOOK WARN] Crossed book rejected for AAPL: ask 8626.760787 <= best bid 9999.990388
[BOOK WARN] Crossed book rejected for AAPL: ask 8609.295065 <= best bid 9999.990388
[BOOK WARN] Crossed book rejected for AAPL: ask 8592.326190 <= best bid 9999.990388
[BOOK WARN] Crossed book rejected for AAPL: ask 8608.225629 <= best bid 9999.990388
[BOOK WARN] Crossed book rejected for AAPL: ask 8616.464350 <= best bid 9999.990388
[BOOK WARN] Crossed book rejected for AAPL: ask 8619.739736 <= best bid 9999.990388
[BOOK WARN] Crossed book rejected for AAPL: ask 8624.056940 <= best bid 9999.990388
[BOOK WARN] Crossed book rejected for AAPL: ask 8618.595268 <= best bid 9999.990388
[BOOK WARN] Crossed book rejected for AAPL: ask 8623.158165 <= best bid 9999.990388
[BOOK WARN] Crossed book rejected for AAPL: ask 8629.982998 <= best bid 9999.990388
[BOOK WARN] Crossed book rejected for AAPL: ask 8618.380441 <= best bid 9999.990388
[BOOK WARN] Crossed book rejected for AAPL: ask 8623.800687 <= best bid 9999.990388
[BOOK WARN] Crossed book rejected for AAPL: ask 8622.458770 <= best bid 9999.990388
[BOOK WARN] Crossed book rejected for AAPL: ask 8622.864934 <= best bid 9999.990388
[BOOK WARN] Crossed book rejected for AAPL: ask 8631.697264 <= best bid 9999.990388
[BOOK WARN] Crossed book rejected for AAPL: ask 8638.889128 <= best bid 9999.990388
[BOOK WARN] Crossed book rejected for AAPL: ask 8644.660986 <= best bid 9999.990388
[BOOK WARN] Crossed book rejected for AAPL: ask 8656.790435 <= best bid 9999.990388
[BOOK WARN] Crossed book rejected for AAPL: ask 8664.969429 <= best bid 9999.990388
[BOOK WARN] Crossed book rejected for AAPL: ask 8656.663316 <= best bid 9999.990388
[BOOK WARN] Crossed book rejected for AAPL: ask 8646.884245 <= best bid 9999.990388
[BOOK WARN] Crossed book rejected for AAPL: ask 8651.673868 <= best bid 9999.990388
[BOOK WARN] Crossed book rejected for AAPL: ask 8646.764877 <= best bid 9999.990388
[BOOK WARN] Crossed book rejected for AAPL: ask 8641.109107 <= best bid 9999.990388
[BOOK WARN] Crossed book rejected for AAPL: ask 8623.039676 <= best bid 9999.990388
[BOOK WARN] Crossed book rejected for AAPL: ask 8624.630006 <= best bid 9999.990388
[BOOK WARN] Crossed book rejected for AAPL: ask 8619.968375 <= best bid 9999.990388
[BOOK WARN] Crossed book rejected for AAPL: ask 8625.460705 <= best bid 9999.990388
[BOOK WARN] Crossed book rejected for AAPL: ask 8617.943590 <= best bid 9999.990388
[BOOK WARN] Crossed book rejected for AAPL: ask 8617.432901 <= best bid 9999.990388
[BOOK WARN] Crossed book rejected for AAPL: ask 8612.481884 <= best bid 9999.990388
[BOOK WARN] Crossed book rejected for AAPL: ask 8603.332485 <= best bid 9999.990388
[BOOK WARN] Crossed book rejected for AAPL: ask 8600.109163 <= best bid 9999.990388
[BOOK WARN] Crossed book rejected for AAPL: ask 8613.096027 <= best bid 9999.990388
[BOOK WARN] Crossed book rejected for AAPL: ask 8611.826952 <= best bid 9999.990388
[BOOK WARN] Crossed book rejected for AAPL: ask 8609.433699 <= best bid 9999.990388
[BOOK WARN] Crossed book rejected for AAPL: ask 8614.395534 <= best bid 9999.990388
[BOOK WARN] Crossed book rejected for AAPL: ask 8625.526896 <= best bid 9999.990388
[BOOK WARN] Crossed book rejected for AAPL: ask 8622.591210 <= best bid 9999.990388
[BOOK WARN] Crossed book rejected for AAPL: ask 8615.645850 <= best bid 9999.990388
[BOOK WARN] Crossed book rejected for AAPL: ask 8633.275881 <= best bid 9999.990388
[BOOK WARN] Crossed book rejected for AAPL: ask 8639.005819 <= best bid 9999.990388
[BOOK WARN] Crossed book rejected for AAPL: ask 8629.806015 <= best bid 9999.990388
[BOOK WARN] Crossed book rejected for AAPL: ask 8623.071972 <= best bid 9999.990388
[BOOK WARN] Crossed book rejected for AAPL: ask 8616.871588 <= best bid 9999.990388
[BOOK WARN] Crossed book rejected for AAPL: ask 8613.053036 <= best bid 9999.990388
[BOOK WARN] Crossed book rejected for AAPL: ask 8618.963721 <= best bid 9999.990388
[BOOK WARN] Crossed book rejected for AAPL: ask 8605.379642 <= best bid 9999.990388
[BOOK WARN] Crossed book rejected for AAPL: ask 8606.109714 <= best bid 9999.990388
[BOOK WARN] Crossed book rejected for AAPL: ask 8596.503766 <= best bid 9999.990388
[BOOK WARN] Crossed book rejected for AAPL: ask 8602.842587 <= best bid 9999.990388
[BOOK WARN] Crossed book rejected for AAPL: ask 8608.652950 <= best bid 9999.990388
[BOOK WARN] Crossed book rejected for AAPL: ask 8609.468002 <= best bid 9999.990388
[BOOK WARN] Crossed book rejected for AAPL: ask 8623.240461 <= best bid 9999.990388
[BOOK WARN] Crossed book rejected for AAPL: ask 8624.304735 <= best bid 9999.990388
[BOOK WARN] Crossed book rejected for AAPL: ask 8627.046794 <= best bid 9999.990388
[BOOK WARN] Crossed book rejected for AAPL: ask 8632.208672 <= best bid 9999.990388
[BOOK WARN] Crossed book rejected for AAPL: ask 8636.188774 <= best bid 9999.990388
[BOOK WARN] Crossed book rejected for AAPL: ask 8647.092254 <= best bid 9999.990388
[BOOK WARN] Crossed book rejected for AAPL: ask 8655.136342 <= best bid 9999.990388
[BOOK WARN] Crossed book rejected for AAPL: ask 8659.243822 <= best bid 9999.990388
[BOOK WARN] Crossed book rejected for AAPL: ask 8650.403494 <= best bid 9999.990388
[BOOK WARN] Crossed book rejected for AAPL: ask 8641.083675 <= best bid 9999.990388
[BOOK WARN] Crossed book rejected for AAPL: ask 8647.423643 <= best bid 9999.990388
PipelineFixture/BM_Pipeline_Throughput/50000/real_time                          103 ms        0.005 ms            7 book_ticks/s=149.997k/s drop_rate_%=0 items_per_second=149.997k/s
Exit: 0
