Unable to determine clock rate from sysctl: hw.cpufrequency: No such file or directory
This does not affect benchmark measurements, only the metadata output.
***WARNING*** Failed to set thread affinity. Estimated CPU frequency may be incorrect.
2026-05-11T18:29:03+03:00
Running ./build-release/benchmarks/mdp-benchmarks
Run on (12 X 24 MHz CPU s)
CPU Caches:
  L1 Data 64 KiB
  L1 Instruction 128 KiB
  L2 Unified 4096 KiB (x12)
Load Average: 3.78, 3.09, 3.01
-----------------------------------------------------------------------------------------------------------------------------------
Benchmark                                                                         Time             CPU   Iterations UserCounters...
-----------------------------------------------------------------------------------------------------------------------------------
BM_RingBuffer_PushPop_Sequential                                               3.00 ns         3.00 ns    228564139 items_per_second=333.184M/s
BM_RingBuffer_Push_ThroughputBurst/64                                           264 ns          264 ns      2679098 items_per_second=484.312M/s
BM_RingBuffer_Push_ThroughputBurst/512                                         2250 ns         2250 ns       304713 items_per_second=455.072M/s
BM_RingBuffer_Push_ThroughputBurst/4096                                       18111 ns        18111 ns        38475 items_per_second=452.33M/s
BM_RingBuffer_SPSC_Concurrent/min_time:1.000/process_time/real_time            41.5 ns         82.9 ns     32499335 consumed=24.1012M/s items_per_second=24.1012M/s
BM_TickParser_Throughput/100/real_time                                        25541 ns        25388 ns        28245 items_per_second=3.9152M/s ticks/s=3.9152M/s
BM_TickParser_Throughput/1000/real_time                                      248217 ns       247831 ns         2894 items_per_second=4.02873M/s ticks/s=4.02873M/s
BM_TickParser_Throughput/10000/real_time                                    2478821 ns      2474238 ns          286 items_per_second=4.03418M/s ticks/s=4.03418M/s
BM_TickParser_Latency/min_time:1.000/manual_time                                454 ns          474 ns      2992530
BM_Normalizer_Throughput_Unique/100/real_time                                 26249 ns        26248 ns        25991 items_per_second=3.8097M/s ticks/s=3.8097M/s
BM_Normalizer_Throughput_Unique/1000/real_time                               258828 ns       258824 ns         2442 items_per_second=3.86357M/s ticks/s=3.86357M/s
BM_Normalizer_Throughput_Duplicate/100/real_time                           22886397 ns         4645 ns           31 items_per_second=4.36941k/s
BM_Normalizer_Throughput_Duplicate/1000/real_time                          23452046 ns        13200 ns           30 items_per_second=42.6402k/s
PipelineFixture/BM_Pipeline_Throughput/1000/real_time                           103 ms        0.006 ms            7 book_ticks/s=3.00314k/s drop_rate_%=0 items_per_second=3.00314k/s
[BOOK WARN] Crossed book rejected for AAPL: ask 9989.360720 <= best bid 9999.991543
[BOOK WARN] Crossed book rejected for AAPL: ask 9987.591575 <= best bid 9999.991543
[BOOK WARN] Crossed book rejected for AAPL: ask 9977.844285 <= best bid 9999.991543
[BOOK WARN] Crossed book rejected for AAPL: ask 9972.165398 <= best bid 9999.991543
[BOOK WARN] Crossed book rejected for AAPL: ask 9971.005022 <= best bid 9999.991543
[BOOK WARN] Crossed book rejected for AAPL: ask 9970.655479 <= best bid 9999.991543
[BOOK WARN] Crossed book rejected for AAPL: ask 9979.660693 <= best bid 9999.991543
[BOOK WARN] Crossed book rejected for AAPL: ask 9979.870024 <= best bid 9999.991543
[BOOK WARN] Crossed book rejected for AAPL: ask 9981.874083 <= best bid 9999.991543
[BOOK WARN] Crossed book rejected for AAPL: ask 9986.311849 <= best bid 9999.991543
[BOOK WARN] Crossed book rejected for AAPL: ask 9983.790114 <= best bid 9999.991543
[BOOK WARN] Crossed book rejected for AAPL: ask 9984.278637 <= best bid 9999.991543
[BOOK WARN] Crossed book rejected for MSFT: ask 2990.168583 <= best bid 3003.580551
[BOOK WARN] Crossed book rejected for MSFT: ask 2990.547039 <= best bid 3003.580551
[BOOK WARN] Crossed book rejected for MSFT: ask 2988.927280 <= best bid 3003.580551
[BOOK WARN] Crossed book rejected for MSFT: ask 2995.751153 <= best bid 3003.580551
[BOOK WARN] Crossed book rejected for MSFT: ask 2994.835082 <= best bid 3003.580551
[BOOK WARN] Crossed book rejected for MSFT: ask 2992.943835 <= best bid 3003.580551
[BOOK WARN] Crossed book rejected for MSFT: ask 2990.549651 <= best bid 3003.580551
[BOOK WARN] Crossed book rejected for MSFT: ask 2990.521110 <= best bid 3003.580551
[BOOK WARN] Crossed book rejected for MSFT: ask 2989.003488 <= best bid 3003.580551
[BOOK WARN] Crossed book rejected for MSFT: ask 2985.372301 <= best bid 3003.580551
[BOOK WARN] Crossed book rejected for MSFT: ask 2984.718264 <= best bid 3003.580551
[BOOK WARN] Crossed book rejected for MSFT: ask 2987.790138 <= best bid 3003.580551
[BOOK WARN] Crossed book rejected for MSFT: ask 2987.596231 <= best bid 3003.580551
[BOOK WARN] Crossed book rejected for MSFT: ask 2985.666857 <= best bid 3003.580551
[BOOK WARN] Crossed book rejected for MSFT: ask 2986.964080 <= best bid 3003.580551
[BOOK WARN] Crossed book rejected for MSFT: ask 2988.090265 <= best bid 3003.580551
[BOOK WARN] Crossed book rejected for MSFT: ask 2991.181145 <= best bid 3003.580551
[BOOK WARN] Crossed book rejected for MSFT: ask 2999.445448 <= best bid 3003.580551
[BOOK WARN] Crossed book rejected for MSFT: ask 3000.856486 <= best bid 3003.580551
PipelineFixture/BM_Pipeline_Throughput/5000/real_time                           101 ms        0.005 ms            7 book_ticks/s=15.0032k/s drop_rate_%=0 items_per_second=15.0032k/s
[BOOK WARN] Crossed book rejected for AAPL: ask 9993.918937 <= best bid 9999.993349
[BOOK WARN] Crossed book rejected for AAPL: ask 9987.432569 <= best bid 9999.993349
[BOOK WARN] Crossed book rejected for AAPL: ask 9986.280369 <= best bid 9999.993349
[BOOK WARN] Crossed book rejected for AAPL: ask 9999.592791 <= best bid 9999.993349
PipelineFixture/BM_Pipeline_Throughput/10000/real_time                          102 ms        0.005 ms            7 book_ticks/s=29.9992k/s drop_rate_%=0 items_per_second=29.9992k/s
[BOOK WARN] Crossed book rejected for AAPL: ask 9995.133056 <= best bid 9999.990673
[BOOK WARN] Crossed book rejected for AAPL: ask 9980.518135 <= best bid 9999.990673
[BOOK WARN] Crossed book rejected for AAPL: ask 9981.900861 <= best bid 9999.990673
[BOOK WARN] Crossed book rejected for AAPL: ask 9979.318814 <= best bid 9999.990673
[BOOK WARN] Crossed book rejected for AAPL: ask 9982.091804 <= best bid 9999.990673
[BOOK WARN] Crossed book rejected for AAPL: ask 9964.380878 <= best bid 9999.990673
[BOOK WARN] Crossed book rejected for AAPL: ask 9952.746789 <= best bid 9999.990673
[BOOK WARN] Crossed book rejected for AAPL: ask 9942.421587 <= best bid 9999.990673
[BOOK WARN] Crossed book rejected for AAPL: ask 9929.679249 <= best bid 9999.990673
[BOOK WARN] Crossed book rejected for AAPL: ask 9926.536463 <= best bid 9999.990673
[BOOK WARN] Crossed book rejected for AAPL: ask 9925.995704 <= best bid 9999.990673
[BOOK WARN] Crossed book rejected for AAPL: ask 9920.234163 <= best bid 9999.990673
[BOOK WARN] Crossed book rejected for AAPL: ask 9915.479150 <= best bid 9999.990673
[BOOK WARN] Crossed book rejected for AAPL: ask 9918.535676 <= best bid 9999.990673
[BOOK WARN] Crossed book rejected for AAPL: ask 9919.383901 <= best bid 9999.990673
[BOOK WARN] Crossed book rejected for AAPL: ask 9909.693583 <= best bid 9999.990673
[BOOK WARN] Crossed book rejected for AAPL: ask 9903.451879 <= best bid 9999.990673
[BOOK WARN] Crossed book rejected for AAPL: ask 9917.903960 <= best bid 9999.990673
[BOOK WARN] Crossed book rejected for AAPL: ask 9916.646492 <= best bid 9999.990673
[BOOK WARN] Crossed book rejected for AAPL: ask 9906.934973 <= best bid 9999.990673
[BOOK WARN] Crossed book rejected for AAPL: ask 9915.519760 <= best bid 9999.990673
[BOOK WARN] Crossed book rejected for AAPL: ask 9906.213500 <= best bid 9999.990673
[BOOK WARN] Crossed book rejected for AAPL: ask 9911.778306 <= best bid 9999.990673
[BOOK WARN] Crossed book rejected for AAPL: ask 9919.151768 <= best bid 9999.990673
[BOOK WARN] Crossed book rejected for AAPL: ask 9906.391878 <= best bid 9999.990673
[BOOK WARN] Crossed book rejected for AAPL: ask 9909.279859 <= best bid 9999.990673
[BOOK WARN] Crossed book rejected for AAPL: ask 9894.219355 <= best bid 9999.990673
[BOOK WARN] Crossed book rejected for AAPL: ask 9883.458390 <= best bid 9999.990673
[BOOK WARN] Crossed book rejected for AAPL: ask 9879.129346 <= best bid 9999.990673
[BOOK WARN] Crossed book rejected for AAPL: ask 9862.359361 <= best bid 9999.990673
[BOOK WARN] Crossed book rejected for AAPL: ask 9884.719484 <= best bid 9999.990673
[BOOK WARN] Crossed book rejected for AAPL: ask 9897.612194 <= best bid 9999.990673
[BOOK WARN] Crossed book rejected for AAPL: ask 9897.036653 <= best bid 9999.990673
[BOOK WARN] Crossed book rejected for AAPL: ask 9902.717755 <= best bid 9999.990673
[BOOK WARN] Crossed book rejected for AAPL: ask 9902.791920 <= best bid 9999.990673
[BOOK WARN] Crossed book rejected for AAPL: ask 9898.358648 <= best bid 9999.990673
[BOOK WARN] Crossed book rejected for AAPL: ask 9911.478307 <= best bid 9999.990673
[BOOK WARN] Crossed book rejected for AAPL: ask 9903.843441 <= best bid 9999.990673
[BOOK WARN] Crossed book rejected for AAPL: ask 9896.265777 <= best bid 9999.990673
[BOOK WARN] Crossed book rejected for AAPL: ask 9902.704361 <= best bid 9999.990673
[BOOK WARN] Crossed book rejected for AAPL: ask 9884.831319 <= best bid 9999.990673
[BOOK WARN] Crossed book rejected for AAPL: ask 9896.544086 <= best bid 9999.990673
[BOOK WARN] Crossed book rejected for AAPL: ask 9924.098561 <= best bid 9999.990673
[BOOK WARN] Crossed book rejected for AAPL: ask 9941.513578 <= best bid 9999.990673
[BOOK WARN] Crossed book rejected for AAPL: ask 9929.207565 <= best bid 9999.990673
[BOOK WARN] Crossed book rejected for AAPL: ask 9938.184782 <= best bid 9999.990673
[BOOK WARN] Crossed book rejected for AAPL: ask 9924.994122 <= best bid 9999.990673
[BOOK WARN] Crossed book rejected for AAPL: ask 9916.785129 <= best bid 9999.990673
[BOOK WARN] Crossed book rejected for AAPL: ask 9912.382890 <= best bid 9999.990673
[BOOK WARN] Crossed book rejected for AAPL: ask 9918.060640 <= best bid 9999.990673
[BOOK WARN] Crossed book rejected for AAPL: ask 9915.351796 <= best bid 9999.990673
[BOOK WARN] Crossed book rejected for AAPL: ask 9930.664347 <= best bid 9999.990673
[BOOK WARN] Crossed book rejected for AAPL: ask 9935.226096 <= best bid 9999.990673
[BOOK WARN] Crossed book rejected for AAPL: ask 9945.282455 <= best bid 9999.990673
[BOOK WARN] Crossed book rejected for AAPL: ask 9936.647153 <= best bid 9999.990673
[BOOK WARN] Crossed book rejected for AAPL: ask 9943.016348 <= best bid 9999.990673
[BOOK WARN] Crossed book rejected for AAPL: ask 9948.278119 <= best bid 9999.990673
[BOOK WARN] Crossed book rejected for AAPL: ask 9935.280193 <= best bid 9999.990673
[BOOK WARN] Crossed book rejected for AAPL: ask 9947.222678 <= best bid 9999.990673
[BOOK WARN] Crossed book rejected for AAPL: ask 9965.446209 <= best bid 9999.990673
[BOOK WARN] Crossed book rejected for AAPL: ask 9959.895634 <= best bid 9999.990673
[BOOK WARN] Crossed book rejected for AAPL: ask 9948.639270 <= best bid 9999.990673
[BOOK WARN] Crossed book rejected for AAPL: ask 9959.003134 <= best bid 9999.990673
[BOOK WARN] Crossed book rejected for AAPL: ask 9962.704047 <= best bid 9999.990673
[BOOK WARN] Crossed book rejected for AAPL: ask 9960.684483 <= best bid 9999.990673
[BOOK WARN] Crossed book rejected for AAPL: ask 9972.742437 <= best bid 9999.990673
[BOOK WARN] Crossed book rejected for AAPL: ask 9992.468275 <= best bid 9999.990673
[BOOK WARN] Crossed book rejected for AAPL: ask 9985.792051 <= best bid 9999.990673
[BOOK WARN] Crossed book rejected for AAPL: ask 9987.926514 <= best bid 9999.990673
[BOOK WARN] Crossed book rejected for AAPL: ask 9982.410317 <= best bid 9999.990673
[BOOK WARN] Crossed book rejected for AAPL: ask 9962.057903 <= best bid 9999.990673
[BOOK WARN] Crossed book rejected for AAPL: ask 9969.645110 <= best bid 9999.990673
[BOOK WARN] Crossed book rejected for AAPL: ask 9963.328740 <= best bid 9999.990673
[BOOK WARN] Crossed book rejected for AAPL: ask 9967.826060 <= best bid 9999.990673
[BOOK WARN] Crossed book rejected for AAPL: ask 9967.899274 <= best bid 9999.990673
[BOOK WARN] Crossed book rejected for AAPL: ask 9946.484714 <= best bid 9999.990673
[BOOK WARN] Crossed book rejected for AAPL: ask 9948.709283 <= best bid 9999.990673
[BOOK WARN] Crossed book rejected for AAPL: ask 9933.287844 <= best bid 9999.990673
[BOOK WARN] Crossed book rejected for AAPL: ask 9928.337308 <= best bid 9999.990673
[BOOK WARN] Crossed book rejected for AAPL: ask 9921.369850 <= best bid 9999.990673
[BOOK WARN] Crossed book rejected for AAPL: ask 9903.800027 <= best bid 9999.990673
[BOOK WARN] Crossed book rejected for AAPL: ask 9897.653401 <= best bid 9999.990673
[BOOK WARN] Crossed book rejected for AAPL: ask 9899.871945 <= best bid 9999.990673
[BOOK WARN] Crossed book rejected for AAPL: ask 9903.741551 <= best bid 9999.990673
[BOOK WARN] Crossed book rejected for AAPL: ask 9891.474615 <= best bid 9999.990673
[BOOK WARN] Crossed book rejected for AAPL: ask 9910.022089 <= best bid 9999.990673
[BOOK WARN] Crossed book rejected for AAPL: ask 9902.744896 <= best bid 9999.990673
[BOOK WARN] Crossed book rejected for AAPL: ask 9912.800565 <= best bid 9999.990673
[BOOK WARN] Crossed book rejected for AAPL: ask 9914.998788 <= best bid 9999.990673
[BOOK WARN] Crossed book rejected for AAPL: ask 9906.557274 <= best bid 9999.990673
[BOOK WARN] Crossed book rejected for AAPL: ask 9892.003152 <= best bid 9999.990673
[BOOK WARN] Crossed book rejected for AAPL: ask 9888.474216 <= best bid 9999.990673
[BOOK WARN] Crossed book rejected for AAPL: ask 9879.169696 <= best bid 9999.990673
[BOOK WARN] Crossed book rejected for AAPL: ask 9880.327990 <= best bid 9999.990673
[BOOK WARN] Crossed book rejected for AAPL: ask 9894.109150 <= best bid 9999.990673
[BOOK WARN] Crossed book rejected for AAPL: ask 9905.348968 <= best bid 9999.990673
[BOOK WARN] Crossed book rejected for AAPL: ask 9919.169852 <= best bid 9999.990673
[BOOK WARN] Crossed book rejected for AAPL: ask 9914.723304 <= best bid 9999.990673
[BOOK WARN] Crossed book rejected for AAPL: ask 9911.637079 <= best bid 9999.990673
[BOOK WARN] Crossed book rejected for AAPL: ask 9914.718450 <= best bid 9999.990673
[BOOK WARN] Crossed book rejected for AAPL: ask 9898.405728 <= best bid 9999.990673
[BOOK WARN] Crossed book rejected for AAPL: ask 9898.760058 <= best bid 9999.990673
[BOOK WARN] Crossed book rejected for AAPL: ask 9908.658790 <= best bid 9999.990673
[BOOK WARN] Crossed book rejected for AAPL: ask 9914.635001 <= best bid 9999.990673
[BOOK WARN] Crossed book rejected for AAPL: ask 9915.179754 <= best bid 9999.990673
[BOOK WARN] Crossed book rejected for AAPL: ask 9915.397329 <= best bid 9999.990673
[BOOK WARN] Crossed book rejected for AAPL: ask 9918.654598 <= best bid 9999.990673
[BOOK WARN] Crossed book rejected for AAPL: ask 9907.178439 <= best bid 9999.990673
[BOOK WARN] Crossed book rejected for AAPL: ask 9904.935721 <= best bid 9999.990673
[BOOK WARN] Crossed book rejected for AAPL: ask 9910.107534 <= best bid 9999.990673
[BOOK WARN] Crossed book rejected for AAPL: ask 9917.347967 <= best bid 9999.990673
[BOOK WARN] Crossed book rejected for AAPL: ask 9924.693670 <= best bid 9999.990673
[BOOK WARN] Crossed book rejected for AAPL: ask 9917.089513 <= best bid 9999.990673
[BOOK WARN] Crossed book rejected for AAPL: ask 9900.201823 <= best bid 9999.990673
[BOOK WARN] Crossed book rejected for AAPL: ask 9915.251765 <= best bid 9999.990673
[BOOK WARN] Crossed book rejected for AAPL: ask 9895.487456 <= best bid 9999.990673
[BOOK WARN] Crossed book rejected for AAPL: ask 9887.718193 <= best bid 9999.990673
[BOOK WARN] Crossed book rejected for AAPL: ask 9891.419785 <= best bid 9999.990673
[BOOK WARN] Crossed book rejected for AAPL: ask 9901.364429 <= best bid 9999.990673
[BOOK WARN] Crossed book rejected for AAPL: ask 9921.500658 <= best bid 9999.990673
[BOOK WARN] Crossed book rejected for AAPL: ask 9913.420081 <= best bid 9999.990673
[BOOK WARN] Crossed book rejected for AAPL: ask 9919.213682 <= best bid 9999.990673
[BOOK WARN] Crossed book rejected for AAPL: ask 9927.288232 <= best bid 9999.990673
[BOOK WARN] Crossed book rejected for AAPL: ask 9931.401477 <= best bid 9999.990673
[BOOK WARN] Crossed book rejected for AAPL: ask 9922.693828 <= best bid 9999.990673
[BOOK WARN] Crossed book rejected for AAPL: ask 9929.772113 <= best bid 9999.990673
[BOOK WARN] Crossed book rejected for AAPL: ask 9928.705345 <= best bid 9999.990673
[BOOK WARN] Crossed book rejected for AAPL: ask 9919.263559 <= best bid 9999.990673
[BOOK WARN] Crossed book rejected for AAPL: ask 9901.541018 <= best bid 9999.990673
[BOOK WARN] Crossed book rejected for AAPL: ask 9901.513920 <= best bid 9999.990673
[BOOK WARN] Crossed book rejected for AAPL: ask 9896.195138 <= best bid 9999.990673
[BOOK WARN] Crossed book rejected for AAPL: ask 9904.844705 <= best bid 9999.990673
[BOOK WARN] Crossed book rejected for AAPL: ask 9916.956505 <= best bid 9999.990673
[BOOK WARN] Crossed book rejected for AAPL: ask 9921.629500 <= best bid 9999.990673
[BOOK WARN] Crossed book rejected for AAPL: ask 9945.564808 <= best bid 9999.990673
[BOOK WARN] Crossed book rejected for AAPL: ask 9952.343617 <= best bid 9999.990673
[BOOK WARN] Crossed book rejected for AAPL: ask 9939.921960 <= best bid 9999.990673
[BOOK WARN] Crossed book rejected for AAPL: ask 9936.039083 <= best bid 9999.990673
[BOOK WARN] Crossed book rejected for AAPL: ask 9918.735802 <= best bid 9999.990673
[BOOK WARN] Crossed book rejected for AAPL: ask 9906.640220 <= best bid 9999.990673
[BOOK WARN] Crossed book rejected for AAPL: ask 9913.236815 <= best bid 9999.990673
[BOOK WARN] Crossed book rejected for AAPL: ask 9895.464074 <= best bid 9999.990673
[BOOK WARN] Crossed book rejected for AAPL: ask 9903.766690 <= best bid 9999.990673
[BOOK WARN] Crossed book rejected for AAPL: ask 9908.557116 <= best bid 9999.990673
[BOOK WARN] Crossed book rejected for AAPL: ask 9907.239687 <= best bid 9999.990673
[BOOK WARN] Crossed book rejected for AAPL: ask 9891.130305 <= best bid 9999.990673
[BOOK WARN] Crossed book rejected for AAPL: ask 9890.158670 <= best bid 9999.990673
[BOOK WARN] Crossed book rejected for AAPL: ask 9898.447757 <= best bid 9999.990673
[BOOK WARN] Crossed book rejected for AAPL: ask 9904.819092 <= best bid 9999.990673
[BOOK WARN] Crossed book rejected for AAPL: ask 9904.036626 <= best bid 9999.990673
[BOOK WARN] Crossed book rejected for AAPL: ask 9905.895089 <= best bid 9999.990673
[BOOK WARN] Crossed book rejected for AAPL: ask 9916.253240 <= best bid 9999.990673
[BOOK WARN] Crossed book rejected for AAPL: ask 9931.449583 <= best bid 9999.990673
[BOOK WARN] Crossed book rejected for AAPL: ask 9936.736703 <= best bid 9999.990673
[BOOK WARN] Crossed book rejected for AAPL: ask 9936.193112 <= best bid 9999.990673
[BOOK WARN] Crossed book rejected for AAPL: ask 9948.753327 <= best bid 9999.990673
[BOOK WARN] Crossed book rejected for AAPL: ask 9932.062004 <= best bid 9999.990673
[BOOK WARN] Crossed book rejected for AAPL: ask 9920.050529 <= best bid 9999.990673
[BOOK WARN] Crossed book rejected for AAPL: ask 9909.069715 <= best bid 9999.990673
[BOOK WARN] Crossed book rejected for AAPL: ask 9909.705136 <= best bid 9999.990673
[BOOK WARN] Crossed book rejected for AAPL: ask 9908.829462 <= best bid 9999.990673
[BOOK WARN] Crossed book rejected for AAPL: ask 9897.496692 <= best bid 9999.990673
[BOOK WARN] Crossed book rejected for AAPL: ask 9901.705352 <= best bid 9999.990673
[BOOK WARN] Crossed book rejected for AAPL: ask 9912.645615 <= best bid 9999.990673
[BOOK WARN] Crossed book rejected for AAPL: ask 9922.350075 <= best bid 9999.990673
[BOOK WARN] Crossed book rejected for AAPL: ask 9929.650803 <= best bid 9999.990673
[BOOK WARN] Crossed book rejected for AAPL: ask 9931.417376 <= best bid 9999.990673
[BOOK WARN] Crossed book rejected for AAPL: ask 9930.226557 <= best bid 9999.990673
[BOOK WARN] Crossed book rejected for AAPL: ask 9920.954273 <= best bid 9999.990673
[BOOK WARN] Crossed book rejected for AAPL: ask 9927.684331 <= best bid 9999.990673
[BOOK WARN] Crossed book rejected for AAPL: ask 9934.317449 <= best bid 9999.990673
[BOOK WARN] Crossed book rejected for AAPL: ask 9936.319705 <= best bid 9999.990673
[BOOK WARN] Crossed book rejected for AAPL: ask 9933.917718 <= best bid 9999.990673
[BOOK WARN] Crossed book rejected for AAPL: ask 9954.911358 <= best bid 9999.990673
[BOOK WARN] Crossed book rejected for AAPL: ask 9965.530695 <= best bid 9999.990673
[BOOK WARN] Crossed book rejected for AAPL: ask 9945.976946 <= best bid 9999.990673
[BOOK WARN] Crossed book rejected for AAPL: ask 9946.734808 <= best bid 9999.990673
[BOOK WARN] Crossed book rejected for AAPL: ask 9947.403662 <= best bid 9999.990673
[BOOK WARN] Crossed book rejected for AAPL: ask 9944.956872 <= best bid 9999.990673
[BOOK WARN] Crossed book rejected for AAPL: ask 9941.826470 <= best bid 9999.990673
[BOOK WARN] Crossed book rejected for AAPL: ask 9944.935577 <= best bid 9999.990673
[BOOK WARN] Crossed book rejected for AAPL: ask 9950.495194 <= best bid 9999.990673
[BOOK WARN] Crossed book rejected for AAPL: ask 9928.588164 <= best bid 9999.990673
[BOOK WARN] Crossed book rejected for AAPL: ask 9940.709755 <= best bid 9999.990673
[BOOK WARN] Crossed book rejected for AAPL: ask 9941.410426 <= best bid 9999.990673
[BOOK WARN] Crossed book rejected for AAPL: ask 9930.279116 <= best bid 9999.990673
[BOOK WARN] Crossed book rejected for AAPL: ask 9923.043247 <= best bid 9999.990673
[BOOK WARN] Crossed book rejected for AAPL: ask 9923.674648 <= best bid 9999.990673
[BOOK WARN] Crossed book rejected for AAPL: ask 9939.731405 <= best bid 9999.990673
[BOOK WARN] Crossed book rejected for AAPL: ask 9946.063941 <= best bid 9999.990673
[BOOK WARN] Crossed book rejected for AAPL: ask 9946.170550 <= best bid 9999.990673
[BOOK WARN] Crossed book rejected for AAPL: ask 9931.241856 <= best bid 9999.990673
[BOOK WARN] Crossed book rejected for AAPL: ask 9933.295005 <= best bid 9999.990673
[BOOK WARN] Crossed book rejected for AAPL: ask 9952.129599 <= best bid 9999.990673
[BOOK WARN] Crossed book rejected for AAPL: ask 9946.569837 <= best bid 9999.990673
[BOOK WARN] Crossed book rejected for AAPL: ask 9950.734731 <= best bid 9999.990673
[BOOK WARN] Crossed book rejected for AAPL: ask 9946.391761 <= best bid 9999.990673
[BOOK WARN] Crossed book rejected for AAPL: ask 9956.058006 <= best bid 9999.990673
[BOOK WARN] Crossed book rejected for AAPL: ask 9967.258412 <= best bid 9999.990673
[BOOK WARN] Crossed book rejected for AAPL: ask 9957.402935 <= best bid 9999.990673
[BOOK WARN] Crossed book rejected for AAPL: ask 9968.746250 <= best bid 9999.990673
[BOOK WARN] Crossed book rejected for AAPL: ask 9956.730787 <= best bid 9999.990673
[BOOK WARN] Crossed book rejected for AAPL: ask 9954.739817 <= best bid 9999.990673
[BOOK WARN] Crossed book rejected for AAPL: ask 9948.130851 <= best bid 9999.990673
[BOOK WARN] Crossed book rejected for AAPL: ask 9940.548978 <= best bid 9999.990673
[BOOK WARN] Crossed book rejected for AAPL: ask 9945.193127 <= best bid 9999.990673
[BOOK WARN] Crossed book rejected for AAPL: ask 9947.514693 <= best bid 9999.990673
[BOOK WARN] Crossed book rejected for AAPL: ask 9948.856102 <= best bid 9999.990673
[BOOK WARN] Crossed book rejected for AAPL: ask 9941.032837 <= best bid 9999.990673
[BOOK WARN] Crossed book rejected for AAPL: ask 9943.334858 <= best bid 9999.990673
[BOOK WARN] Crossed book rejected for AAPL: ask 9931.433959 <= best bid 9999.990673
[BOOK WARN] Crossed book rejected for AAPL: ask 9922.906637 <= best bid 9999.990673
[BOOK WARN] Crossed book rejected for AAPL: ask 9899.969606 <= best bid 9999.990673
[BOOK WARN] Crossed book rejected for AAPL: ask 9882.039275 <= best bid 9999.990673
[BOOK WARN] Crossed book rejected for AAPL: ask 9868.962722 <= best bid 9999.990673
[BOOK WARN] Crossed book rejected for AAPL: ask 9887.281891 <= best bid 9999.990673
[BOOK WARN] Crossed book rejected for AAPL: ask 9878.596750 <= best bid 9999.990673
[BOOK WARN] Crossed book rejected for AAPL: ask 9878.272583 <= best bid 9999.990673
[BOOK WARN] Crossed book rejected for AAPL: ask 9884.631912 <= best bid 9999.990673
[BOOK WARN] Crossed book rejected for AAPL: ask 9877.735664 <= best bid 9999.990673
[BOOK WARN] Crossed book rejected for AAPL: ask 9878.486001 <= best bid 9999.990673
[BOOK WARN] Crossed book rejected for AAPL: ask 9874.543183 <= best bid 9999.990673
[BOOK WARN] Crossed book rejected for AAPL: ask 9886.460094 <= best bid 9999.990673
[BOOK WARN] Crossed book rejected for AAPL: ask 9889.654868 <= best bid 9999.990673
[BOOK WARN] Crossed book rejected for AAPL: ask 9879.659026 <= best bid 9999.990673
[BOOK WARN] Crossed book rejected for AAPL: ask 9880.918702 <= best bid 9999.990673
[BOOK WARN] Crossed book rejected for AAPL: ask 9858.343111 <= best bid 9999.990673
[BOOK WARN] Crossed book rejected for AAPL: ask 9852.748353 <= best bid 9999.990673
[BOOK WARN] Crossed book rejected for AAPL: ask 9872.319060 <= best bid 9999.990673
[BOOK WARN] Crossed book rejected for AAPL: ask 9876.592413 <= best bid 9999.990673
[BOOK WARN] Crossed book rejected for AAPL: ask 9884.571650 <= best bid 9999.990673
[BOOK WARN] Crossed book rejected for AAPL: ask 9877.397575 <= best bid 9999.990673
[BOOK WARN] Crossed book rejected for AAPL: ask 9873.524559 <= best bid 9999.990673
[BOOK WARN] Crossed book rejected for AAPL: ask 9857.351499 <= best bid 9999.990673
[BOOK WARN] Crossed book rejected for AAPL: ask 9852.986940 <= best bid 9999.990673
[BOOK WARN] Crossed book rejected for AAPL: ask 9854.952797 <= best bid 9999.990673
[BOOK WARN] Crossed book rejected for AAPL: ask 9860.820677 <= best bid 9999.990673
[BOOK WARN] Crossed book rejected for AAPL: ask 9869.573092 <= best bid 9999.990673
[BOOK WARN] Crossed book rejected for AAPL: ask 9885.658594 <= best bid 9999.990673
[BOOK WARN] Crossed book rejected for AAPL: ask 9886.481918 <= best bid 9999.990673
[BOOK WARN] Crossed book rejected for AAPL: ask 9878.035944 <= best bid 9999.990673
[BOOK WARN] Crossed book rejected for AAPL: ask 9887.860590 <= best bid 9999.990673
[BOOK WARN] Crossed book rejected for AAPL: ask 9900.303658 <= best bid 9999.990673
[BOOK WARN] Crossed book rejected for AAPL: ask 9914.772142 <= best bid 9999.990673
[BOOK WARN] Crossed book rejected for AAPL: ask 9917.895317 <= best bid 9999.990673
[BOOK WARN] Crossed book rejected for AAPL: ask 9914.299630 <= best bid 9999.990673
[BOOK WARN] Crossed book rejected for AAPL: ask 9920.750393 <= best bid 9999.990673
[BOOK WARN] Crossed book rejected for AAPL: ask 9911.422306 <= best bid 9999.990673
[BOOK WARN] Crossed book rejected for AAPL: ask 9913.280301 <= best bid 9999.990673
[BOOK WARN] Crossed book rejected for AAPL: ask 9912.797197 <= best bid 9999.990673
[BOOK WARN] Crossed book rejected for AAPL: ask 9902.194045 <= best bid 9999.990673
[BOOK WARN] Crossed book rejected for AAPL: ask 9905.732596 <= best bid 9999.990673
[BOOK WARN] Crossed book rejected for AAPL: ask 9905.750816 <= best bid 9999.990673
[BOOK WARN] Crossed book rejected for AAPL: ask 9908.774677 <= best bid 9999.990673
[BOOK WARN] Crossed book rejected for AAPL: ask 9896.946643 <= best bid 9999.990673
[BOOK WARN] Crossed book rejected for AAPL: ask 9914.974777 <= best bid 9999.990673
[BOOK WARN] Crossed book rejected for AAPL: ask 9916.082100 <= best bid 9999.990673
[BOOK WARN] Crossed book rejected for AAPL: ask 9923.644524 <= best bid 9999.990673
[BOOK WARN] Crossed book rejected for AAPL: ask 9901.496857 <= best bid 9999.990673
[BOOK WARN] Crossed book rejected for AAPL: ask 9910.366545 <= best bid 9999.990673
[BOOK WARN] Crossed book rejected for AAPL: ask 9915.393566 <= best bid 9999.990673
[BOOK WARN] Crossed book rejected for AAPL: ask 9917.020485 <= best bid 9999.990673
[BOOK WARN] Crossed book rejected for AAPL: ask 9913.043399 <= best bid 9999.990673
[BOOK WARN] Crossed book rejected for AAPL: ask 9902.728142 <= best bid 9999.990673
[BOOK WARN] Crossed book rejected for AAPL: ask 9904.218775 <= best bid 9999.990673
[BOOK WARN] Crossed book rejected for AAPL: ask 9902.477283 <= best bid 9999.990673
[BOOK WARN] Crossed book rejected for AAPL: ask 9907.815004 <= best bid 9999.990673
[BOOK WARN] Crossed book rejected for AAPL: ask 9893.770220 <= best bid 9999.990673
[BOOK WARN] Crossed book rejected for AAPL: ask 9879.741800 <= best bid 9999.990673
[BOOK WARN] Crossed book rejected for AAPL: ask 9882.534891 <= best bid 9999.990673
[BOOK WARN] Crossed book rejected for AAPL: ask 9887.742750 <= best bid 9999.990673
[BOOK WARN] Crossed book rejected for AAPL: ask 9879.979847 <= best bid 9999.990673
[BOOK WARN] Crossed book rejected for AAPL: ask 9867.075259 <= best bid 9999.990673
[BOOK WARN] Crossed book rejected for AAPL: ask 9882.766748 <= best bid 9999.990673
[BOOK WARN] Crossed book rejected for AAPL: ask 9877.302343 <= best bid 9999.990673
[BOOK WARN] Crossed book rejected for AAPL: ask 9869.976431 <= best bid 9999.990673
[BOOK WARN] Crossed book rejected for AAPL: ask 9870.095167 <= best bid 9999.990673
[BOOK WARN] Crossed book rejected for AAPL: ask 9885.030003 <= best bid 9999.990673
[BOOK WARN] Crossed book rejected for AAPL: ask 9869.354801 <= best bid 9999.990673
[BOOK WARN] Crossed book rejected for AAPL: ask 9873.153668 <= best bid 9999.990673
[BOOK WARN] Crossed book rejected for AAPL: ask 9874.873067 <= best bid 9999.990673
[BOOK WARN] Crossed book rejected for AAPL: ask 9888.171517 <= best bid 9999.990673
[BOOK WARN] Crossed book rejected for AAPL: ask 9882.756657 <= best bid 9999.990673
[BOOK WARN] Crossed book rejected for AAPL: ask 9882.881263 <= best bid 9999.990673
[BOOK WARN] Crossed book rejected for AAPL: ask 9889.636130 <= best bid 9999.990673
[BOOK WARN] Crossed book rejected for AAPL: ask 9885.867713 <= best bid 9999.990673
[BOOK WARN] Crossed book rejected for AAPL: ask 9872.191869 <= best bid 9999.990673
[BOOK WARN] Crossed book rejected for AAPL: ask 9862.208950 <= best bid 9999.990673
[BOOK WARN] Crossed book rejected for AAPL: ask 9866.624790 <= best bid 9999.990673
[BOOK WARN] Crossed book rejected for AAPL: ask 9862.598791 <= best bid 9999.990673
[BOOK WARN] Crossed book rejected for AAPL: ask 9885.799044 <= best bid 9999.990673
[BOOK WARN] Crossed book rejected for AAPL: ask 9889.782066 <= best bid 9999.990673
[BOOK WARN] Crossed book rejected for AAPL: ask 9904.688133 <= best bid 9999.990673
[BOOK WARN] Crossed book rejected for AAPL: ask 9931.251649 <= best bid 9999.990673
[BOOK WARN] Crossed book rejected for AAPL: ask 9917.372153 <= best bid 9999.990673
[BOOK WARN] Crossed book rejected for AAPL: ask 9911.415864 <= best bid 9999.990673
[BOOK WARN] Crossed book rejected for AAPL: ask 9917.397727 <= best bid 9999.990673
[BOOK WARN] Crossed book rejected for AAPL: ask 9905.165754 <= best bid 9999.990673
[BOOK WARN] Crossed book rejected for AAPL: ask 9907.082721 <= best bid 9999.990673
[BOOK WARN] Crossed book rejected for AAPL: ask 9891.112266 <= best bid 9999.990673
[BOOK WARN] Crossed book rejected for AAPL: ask 9879.347456 <= best bid 9999.990673
[BOOK WARN] Crossed book rejected for AAPL: ask 9881.459162 <= best bid 9999.990673
[BOOK WARN] Crossed book rejected for AAPL: ask 9879.351790 <= best bid 9999.990673
[BOOK WARN] Crossed book rejected for AAPL: ask 9884.791596 <= best bid 9999.990673
[BOOK WARN] Crossed book rejected for AAPL: ask 9873.657314 <= best bid 9999.990673
[BOOK WARN] Crossed book rejected for AAPL: ask 9868.236628 <= best bid 9999.990673
[BOOK WARN] Crossed book rejected for AAPL: ask 9877.576499 <= best bid 9999.990673
[BOOK WARN] Crossed book rejected for AAPL: ask 9869.940373 <= best bid 9999.990673
[BOOK WARN] Crossed book rejected for AAPL: ask 9876.849889 <= best bid 9999.990673
[BOOK WARN] Crossed book rejected for AAPL: ask 9889.170236 <= best bid 9999.990673
[BOOK WARN] Crossed book rejected for AAPL: ask 9895.237684 <= best bid 9999.990673
[BOOK WARN] Crossed book rejected for AAPL: ask 9899.205508 <= best bid 9999.990673
[BOOK WARN] Crossed book rejected for AAPL: ask 9897.298969 <= best bid 9999.990673
[BOOK WARN] Crossed book rejected for AAPL: ask 9877.894312 <= best bid 9999.990673
[BOOK WARN] Crossed book rejected for AAPL: ask 9881.288063 <= best bid 9999.990673
[BOOK WARN] Crossed book rejected for AAPL: ask 9869.476358 <= best bid 9999.990673
[BOOK WARN] Crossed book rejected for AAPL: ask 9869.418912 <= best bid 9999.990673
[BOOK WARN] Crossed book rejected for AAPL: ask 9873.867691 <= best bid 9999.990673
[BOOK WARN] Crossed book rejected for AAPL: ask 9860.221647 <= best bid 9999.990673
[BOOK WARN] Crossed book rejected for AAPL: ask 9848.035718 <= best bid 9999.990673
[BOOK WARN] Crossed book rejected for AAPL: ask 9866.644637 <= best bid 9999.990673
[BOOK WARN] Crossed book rejected for AAPL: ask 9861.505362 <= best bid 9999.990673
[BOOK WARN] Crossed book rejected for AAPL: ask 9862.680748 <= best bid 9999.990673
[BOOK WARN] Crossed book rejected for AAPL: ask 9868.364337 <= best bid 9999.990673
[BOOK WARN] Crossed book rejected for AAPL: ask 9864.643141 <= best bid 9999.990673
[BOOK WARN] Crossed book rejected for AAPL: ask 9863.972808 <= best bid 9999.990673
[BOOK WARN] Crossed book rejected for AAPL: ask 9861.481611 <= best bid 9999.990673
[BOOK WARN] Crossed book rejected for AAPL: ask 9865.899086 <= best bid 9999.990673
[BOOK WARN] Crossed book rejected for AAPL: ask 9879.589251 <= best bid 9999.990673
[BOOK WARN] Crossed book rejected for AAPL: ask 9893.314701 <= best bid 9999.990673
[BOOK WARN] Crossed book rejected for AAPL: ask 9884.000137 <= best bid 9999.990673
[BOOK WARN] Crossed book rejected for AAPL: ask 9891.407407 <= best bid 9999.990673
[BOOK WARN] Crossed book rejected for AAPL: ask 9889.609152 <= best bid 9999.990673
[BOOK WARN] Crossed book rejected for AAPL: ask 9882.168707 <= best bid 9999.990673
[BOOK WARN] Crossed book rejected for AAPL: ask 9885.453906 <= best bid 9999.990673
[BOOK WARN] Crossed book rejected for AAPL: ask 9892.645212 <= best bid 9999.990673
[BOOK WARN] Crossed book rejected for AAPL: ask 9908.451374 <= best bid 9999.990673
[BOOK WARN] Crossed book rejected for AAPL: ask 9905.076403 <= best bid 9999.990673
[BOOK WARN] Crossed book rejected for AAPL: ask 9915.869432 <= best bid 9999.990673
[BOOK WARN] Crossed book rejected for AAPL: ask 9915.996762 <= best bid 9999.990673
[BOOK WARN] Crossed book rejected for AAPL: ask 9910.829726 <= best bid 9999.990673
[BOOK WARN] Crossed book rejected for AAPL: ask 9911.983124 <= best bid 9999.990673
[BOOK WARN] Crossed book rejected for AAPL: ask 9929.074871 <= best bid 9999.990673
[BOOK WARN] Crossed book rejected for AAPL: ask 9921.955015 <= best bid 9999.990673
[BOOK WARN] Crossed book rejected for AAPL: ask 9918.306139 <= best bid 9999.990673
[BOOK WARN] Crossed book rejected for AAPL: ask 9926.246192 <= best bid 9999.990673
[BOOK WARN] Crossed book rejected for AAPL: ask 9928.909884 <= best bid 9999.990673
[BOOK WARN] Crossed book rejected for AAPL: ask 9916.707691 <= best bid 9999.990673
[BOOK WARN] Crossed book rejected for AAPL: ask 9907.712146 <= best bid 9999.990673
[BOOK WARN] Crossed book rejected for AAPL: ask 9890.384978 <= best bid 9999.990673
[BOOK WARN] Crossed book rejected for AAPL: ask 9903.913310 <= best bid 9999.990673
[BOOK WARN] Crossed book rejected for AAPL: ask 9887.855091 <= best bid 9999.990673
[BOOK WARN] Crossed book rejected for AAPL: ask 9890.554382 <= best bid 9999.990673
[BOOK WARN] Crossed book rejected for AAPL: ask 9890.497636 <= best bid 9999.990673
[BOOK WARN] Crossed book rejected for AAPL: ask 9883.979672 <= best bid 9999.990673
[BOOK WARN] Crossed book rejected for AAPL: ask 9884.828980 <= best bid 9999.990673
[BOOK WARN] Crossed book rejected for AAPL: ask 9869.964399 <= best bid 9999.990673
[BOOK WARN] Crossed book rejected for AAPL: ask 9859.960706 <= best bid 9999.990673
[BOOK WARN] Crossed book rejected for AAPL: ask 9851.340327 <= best bid 9999.990673
[BOOK WARN] Crossed book rejected for AAPL: ask 9843.542997 <= best bid 9999.990673
[BOOK WARN] Crossed book rejected for AAPL: ask 9836.724955 <= best bid 9999.990673
[BOOK WARN] Crossed book rejected for AAPL: ask 9837.695634 <= best bid 9999.990673
[BOOK WARN] Crossed book rejected for AAPL: ask 9852.318735 <= best bid 9999.990673
[BOOK WARN] Crossed book rejected for AAPL: ask 9843.633935 <= best bid 9999.990673
[BOOK WARN] Crossed book rejected for AAPL: ask 9831.440465 <= best bid 9999.990673
[BOOK WARN] Crossed book rejected for AAPL: ask 9832.803550 <= best bid 9999.990673
[BOOK WARN] Crossed book rejected for AAPL: ask 9833.482857 <= best bid 9999.990673
[BOOK WARN] Crossed book rejected for AAPL: ask 9834.872434 <= best bid 9999.990673
[BOOK WARN] Crossed book rejected for AAPL: ask 9832.449383 <= best bid 9999.990673
[BOOK WARN] Crossed book rejected for AAPL: ask 9841.255725 <= best bid 9999.990673
[BOOK WARN] Crossed book rejected for AAPL: ask 9850.002790 <= best bid 9999.990673
[BOOK WARN] Crossed book rejected for AAPL: ask 9861.152345 <= best bid 9999.990673
[BOOK WARN] Crossed book rejected for AAPL: ask 9867.797773 <= best bid 9999.990673
[BOOK WARN] Crossed book rejected for AAPL: ask 9891.074849 <= best bid 9999.990673
[BOOK WARN] Crossed book rejected for AAPL: ask 9890.595248 <= best bid 9999.990673
[BOOK WARN] Crossed book rejected for AAPL: ask 9885.364355 <= best bid 9999.990673
[BOOK WARN] Crossed book rejected for AAPL: ask 9886.268569 <= best bid 9999.990673
[BOOK WARN] Crossed book rejected for AAPL: ask 9886.772845 <= best bid 9999.990673
[BOOK WARN] Crossed book rejected for AAPL: ask 9894.480857 <= best bid 9999.990673
[BOOK WARN] Crossed book rejected for AAPL: ask 9869.504275 <= best bid 9999.990673
[BOOK WARN] Crossed book rejected for AAPL: ask 9855.656282 <= best bid 9999.990673
[BOOK WARN] Crossed book rejected for AAPL: ask 9832.352570 <= best bid 9999.990673
[BOOK WARN] Crossed book rejected for AAPL: ask 9814.735209 <= best bid 9999.990673
[BOOK WARN] Crossed book rejected for AAPL: ask 9809.565908 <= best bid 9999.990673
[BOOK WARN] Crossed book rejected for AAPL: ask 9816.450096 <= best bid 9999.990673
[BOOK WARN] Crossed book rejected for AAPL: ask 9815.791556 <= best bid 9999.990673
[BOOK WARN] Crossed book rejected for AAPL: ask 9821.278520 <= best bid 9999.990673
[BOOK WARN] Crossed book rejected for AAPL: ask 9819.520583 <= best bid 9999.990673
[BOOK WARN] Crossed book rejected for AAPL: ask 9829.882287 <= best bid 9999.990673
[BOOK WARN] Crossed book rejected for AAPL: ask 9843.955870 <= best bid 9999.990673
[BOOK WARN] Crossed book rejected for AAPL: ask 9842.112285 <= best bid 9999.990673
[BOOK WARN] Crossed book rejected for AAPL: ask 9827.116343 <= best bid 9999.990673
[BOOK WARN] Crossed book rejected for AAPL: ask 9842.012643 <= best bid 9999.990673
[BOOK WARN] Crossed book rejected for AAPL: ask 9830.198244 <= best bid 9999.990673
[BOOK WARN] Crossed book rejected for AAPL: ask 9845.110028 <= best bid 9999.990673
[BOOK WARN] Crossed book rejected for AAPL: ask 9851.223737 <= best bid 9999.990673
[BOOK WARN] Crossed book rejected for AAPL: ask 9832.397810 <= best bid 9999.990673
[BOOK WARN] Crossed book rejected for AAPL: ask 9816.668102 <= best bid 9999.990673
[BOOK WARN] Crossed book rejected for AAPL: ask 9821.479163 <= best bid 9999.990673
[BOOK WARN] Crossed book rejected for AAPL: ask 9828.880509 <= best bid 9999.990673
[BOOK WARN] Crossed book rejected for AAPL: ask 9826.565911 <= best bid 9999.990673
[BOOK WARN] Crossed book rejected for AAPL: ask 9817.392425 <= best bid 9999.990673
[BOOK WARN] Crossed book rejected for AAPL: ask 9802.550992 <= best bid 9999.990673
[BOOK WARN] Crossed book rejected for AAPL: ask 9807.106263 <= best bid 9999.990673
[BOOK WARN] Crossed book rejected for AAPL: ask 9808.251923 <= best bid 9999.990673
[BOOK WARN] Crossed book rejected for AAPL: ask 9805.393633 <= best bid 9999.990673
[BOOK WARN] Crossed book rejected for AAPL: ask 9800.835392 <= best bid 9999.990673
[BOOK WARN] Crossed book rejected for AAPL: ask 9815.215292 <= best bid 9999.990673
[BOOK WARN] Crossed book rejected for AAPL: ask 9808.276090 <= best bid 9999.990673
[BOOK WARN] Crossed book rejected for AAPL: ask 9813.148500 <= best bid 9999.990673
[BOOK WARN] Crossed book rejected for AAPL: ask 9815.070766 <= best bid 9999.990673
[BOOK WARN] Crossed book rejected for AAPL: ask 9806.404816 <= best bid 9999.990673
[BOOK WARN] Crossed book rejected for AAPL: ask 9792.527635 <= best bid 9999.990673
[BOOK WARN] Crossed book rejected for AAPL: ask 9803.829273 <= best bid 9999.990673
[BOOK WARN] Crossed book rejected for AAPL: ask 9814.013331 <= best bid 9999.990673
[BOOK WARN] Crossed book rejected for AAPL: ask 9828.263361 <= best bid 9999.990673
[BOOK WARN] Crossed book rejected for AAPL: ask 9816.001737 <= best bid 9999.990673
[BOOK WARN] Crossed book rejected for AAPL: ask 9829.404484 <= best bid 9999.990673
[BOOK WARN] Crossed book rejected for AAPL: ask 9823.228170 <= best bid 9999.990673
[BOOK WARN] Crossed book rejected for AAPL: ask 9830.919859 <= best bid 9999.990673
[BOOK WARN] Crossed book rejected for AAPL: ask 9843.406033 <= best bid 9999.990673
[BOOK WARN] Crossed book rejected for AAPL: ask 9830.880693 <= best bid 9999.990673
[BOOK WARN] Crossed book rejected for AAPL: ask 9819.144777 <= best bid 9999.990673
[BOOK WARN] Crossed book rejected for AAPL: ask 9796.182627 <= best bid 9999.990673
[BOOK WARN] Crossed book rejected for AAPL: ask 9794.619514 <= best bid 9999.990673
[BOOK WARN] Crossed book rejected for AAPL: ask 9801.606880 <= best bid 9999.990673
[BOOK WARN] Crossed book rejected for AAPL: ask 9795.029960 <= best bid 9999.990673
[BOOK WARN] Crossed book rejected for AAPL: ask 9779.338900 <= best bid 9999.990673
[BOOK WARN] Crossed book rejected for AAPL: ask 9770.687235 <= best bid 9999.990673
[BOOK WARN] Crossed book rejected for AAPL: ask 9770.013354 <= best bid 9999.990673
[BOOK WARN] Crossed book rejected for AAPL: ask 9764.016915 <= best bid 9999.990673
[BOOK WARN] Crossed book rejected for AAPL: ask 9761.261745 <= best bid 9999.990673
[BOOK WARN] Crossed book rejected for AAPL: ask 9758.968510 <= best bid 9999.990673
[BOOK WARN] Crossed book rejected for AAPL: ask 9772.969948 <= best bid 9999.990673
[BOOK WARN] Crossed book rejected for AAPL: ask 9763.671309 <= best bid 9999.990673
[BOOK WARN] Crossed book rejected for AAPL: ask 9775.510007 <= best bid 9999.990673
[BOOK WARN] Crossed book rejected for AAPL: ask 9769.995722 <= best bid 9999.990673
[BOOK WARN] Crossed book rejected for AAPL: ask 9783.423987 <= best bid 9999.990673
[BOOK WARN] Crossed book rejected for AAPL: ask 9791.506536 <= best bid 9999.990673
[BOOK WARN] Crossed book rejected for AAPL: ask 9784.447163 <= best bid 9999.990673
[BOOK WARN] Crossed book rejected for AAPL: ask 9799.944944 <= best bid 9999.990673
[BOOK WARN] Crossed book rejected for AAPL: ask 9798.297782 <= best bid 9999.990673
[BOOK WARN] Crossed book rejected for AAPL: ask 9804.898794 <= best bid 9999.990673
[BOOK WARN] Crossed book rejected for AAPL: ask 9791.505066 <= best bid 9999.990673
[BOOK WARN] Crossed book rejected for AAPL: ask 9785.512360 <= best bid 9999.990673
[BOOK WARN] Crossed book rejected for AAPL: ask 9781.573729 <= best bid 9999.990673
[BOOK WARN] Crossed book rejected for AAPL: ask 9787.620532 <= best bid 9999.990673
[BOOK WARN] Crossed book rejected for AAPL: ask 9790.508083 <= best bid 9999.990673
[BOOK WARN] Crossed book rejected for AAPL: ask 9807.480645 <= best bid 9999.990673
[BOOK WARN] Crossed book rejected for AAPL: ask 9803.275454 <= best bid 9999.990673
[BOOK WARN] Crossed book rejected for AAPL: ask 9807.402569 <= best bid 9999.990673
[BOOK WARN] Crossed book rejected for AAPL: ask 9782.798067 <= best bid 9999.990673
[BOOK WARN] Crossed book rejected for AAPL: ask 9780.556241 <= best bid 9999.990673
[BOOK WARN] Crossed book rejected for AAPL: ask 9782.327966 <= best bid 9999.990673
[BOOK WARN] Crossed book rejected for AAPL: ask 9792.076728 <= best bid 9999.990673
[BOOK WARN] Crossed book rejected for AAPL: ask 9788.819715 <= best bid 9999.990673
[BOOK WARN] Crossed book rejected for AAPL: ask 9774.804564 <= best bid 9999.990673
[BOOK WARN] Crossed book rejected for AAPL: ask 9797.128420 <= best bid 9999.990673
[BOOK WARN] Crossed book rejected for AAPL: ask 9801.518090 <= best bid 9999.990673
[BOOK WARN] Crossed book rejected for AAPL: ask 9805.405563 <= best bid 9999.990673
[BOOK WARN] Crossed book rejected for AAPL: ask 9807.586745 <= best bid 9999.990673
[BOOK WARN] Crossed book rejected for AAPL: ask 9796.102445 <= best bid 9999.990673
[BOOK WARN] Crossed book rejected for AAPL: ask 9792.481925 <= best bid 9999.990673
[BOOK WARN] Crossed book rejected for AAPL: ask 9781.236790 <= best bid 9999.990673
[BOOK WARN] Crossed book rejected for AAPL: ask 9772.620057 <= best bid 9999.990673
[BOOK WARN] Crossed book rejected for AAPL: ask 9769.254775 <= best bid 9999.990673
[BOOK WARN] Crossed book rejected for AAPL: ask 9761.191108 <= best bid 9999.990673
[BOOK WARN] Crossed book rejected for AAPL: ask 9765.634397 <= best bid 9999.990673
[BOOK WARN] Crossed book rejected for AAPL: ask 9773.301118 <= best bid 9999.990673
[BOOK WARN] Crossed book rejected for AAPL: ask 9782.999004 <= best bid 9999.990673
[BOOK WARN] Crossed book rejected for AAPL: ask 9791.986956 <= best bid 9999.990673
[BOOK WARN] Crossed book rejected for AAPL: ask 9797.031366 <= best bid 9999.990673
[BOOK WARN] Crossed book rejected for AAPL: ask 9799.975864 <= best bid 9999.990673
[BOOK WARN] Crossed book rejected for AAPL: ask 9799.670048 <= best bid 9999.990673
[BOOK WARN] Crossed book rejected for AAPL: ask 9806.216945 <= best bid 9999.990673
[BOOK WARN] Crossed book rejected for AAPL: ask 9809.001155 <= best bid 9999.990673
[BOOK WARN] Crossed book rejected for AAPL: ask 9798.393138 <= best bid 9999.990673
[BOOK WARN] Crossed book rejected for AAPL: ask 9790.202282 <= best bid 9999.990673
[BOOK WARN] Crossed book rejected for AAPL: ask 9804.380570 <= best bid 9999.990673
[BOOK WARN] Crossed book rejected for AAPL: ask 9798.673650 <= best bid 9999.990673
[BOOK WARN] Crossed book rejected for AAPL: ask 9775.603813 <= best bid 9999.990673
[BOOK WARN] Crossed book rejected for AAPL: ask 9775.947076 <= best bid 9999.990673
[BOOK WARN] Crossed book rejected for AAPL: ask 9773.543464 <= best bid 9999.990673
[BOOK WARN] Crossed book rejected for AAPL: ask 9799.945897 <= best bid 9999.990673
[BOOK WARN] Crossed book rejected for AAPL: ask 9795.110980 <= best bid 9999.990673
[BOOK WARN] Crossed book rejected for AAPL: ask 9808.275579 <= best bid 9999.990673
[BOOK WARN] Crossed book rejected for AAPL: ask 9825.019773 <= best bid 9999.990673
[BOOK WARN] Crossed book rejected for AAPL: ask 9833.085466 <= best bid 9999.990673
[BOOK WARN] Crossed book rejected for AAPL: ask 9827.803805 <= best bid 9999.990673
[BOOK WARN] Crossed book rejected for AAPL: ask 9812.991604 <= best bid 9999.990673
[BOOK WARN] Crossed book rejected for AAPL: ask 9822.103349 <= best bid 9999.990673
[BOOK WARN] Crossed book rejected for AAPL: ask 9825.339642 <= best bid 9999.990673
[BOOK WARN] Crossed book rejected for AAPL: ask 9817.265022 <= best bid 9999.990673
[BOOK WARN] Crossed book rejected for AAPL: ask 9817.931146 <= best bid 9999.990673
[BOOK WARN] Crossed book rejected for AAPL: ask 9823.648962 <= best bid 9999.990673
[BOOK WARN] Crossed book rejected for AAPL: ask 9834.541778 <= best bid 9999.990673
[BOOK WARN] Crossed book rejected for AAPL: ask 9826.759051 <= best bid 9999.990673
[BOOK WARN] Crossed book rejected for AAPL: ask 9835.314491 <= best bid 9999.990673
[BOOK WARN] Crossed book rejected for AAPL: ask 9841.398620 <= best bid 9999.990673
[BOOK WARN] Crossed book rejected for AAPL: ask 9844.923710 <= best bid 9999.990673
[BOOK WARN] Crossed book rejected for AAPL: ask 9844.993723 <= best bid 9999.990673
[BOOK WARN] Crossed book rejected for AAPL: ask 9843.981781 <= best bid 9999.990673
[BOOK WARN] Crossed book rejected for AAPL: ask 9851.457331 <= best bid 9999.990673
[BOOK WARN] Crossed book rejected for AAPL: ask 9847.064947 <= best bid 9999.990673
[BOOK WARN] Crossed book rejected for AAPL: ask 9834.447608 <= best bid 9999.990673
[BOOK WARN] Crossed book rejected for AAPL: ask 9818.413015 <= best bid 9999.990673
[BOOK WARN] Crossed book rejected for AAPL: ask 9824.473359 <= best bid 9999.990673
[BOOK WARN] Crossed book rejected for AAPL: ask 9826.246543 <= best bid 9999.990673
[BOOK WARN] Crossed book rejected for AAPL: ask 9826.482988 <= best bid 9999.990673
[BOOK WARN] Crossed book rejected for AAPL: ask 9808.586179 <= best bid 9999.990673
[BOOK WARN] Crossed book rejected for AAPL: ask 9802.794082 <= best bid 9999.990673
[BOOK WARN] Crossed book rejected for AAPL: ask 9795.167990 <= best bid 9999.990673
[BOOK WARN] Crossed book rejected for AAPL: ask 9795.556163 <= best bid 9999.990673
[BOOK WARN] Crossed book rejected for AAPL: ask 9804.021943 <= best bid 9999.990673
[BOOK WARN] Crossed book rejected for AAPL: ask 9807.125359 <= best bid 9999.990673
[BOOK WARN] Crossed book rejected for AAPL: ask 9817.963543 <= best bid 9999.990673
[BOOK WARN] Crossed book rejected for AAPL: ask 9818.040134 <= best bid 9999.990673
[BOOK WARN] Crossed book rejected for AAPL: ask 9803.747279 <= best bid 9999.990673
[BOOK WARN] Crossed book rejected for AAPL: ask 9811.187103 <= best bid 9999.990673
[BOOK WARN] Crossed book rejected for AAPL: ask 9820.428180 <= best bid 9999.990673
[BOOK WARN] Crossed book rejected for AAPL: ask 9806.078425 <= best bid 9999.990673
[BOOK WARN] Crossed book rejected for AAPL: ask 9797.072129 <= best bid 9999.990673
[BOOK WARN] Crossed book rejected for AAPL: ask 9793.315694 <= best bid 9999.990673
[BOOK WARN] Crossed book rejected for AAPL: ask 9784.117699 <= best bid 9999.990673
[BOOK WARN] Crossed book rejected for AAPL: ask 9793.593702 <= best bid 9999.990673
[BOOK WARN] Crossed book rejected for AAPL: ask 9803.681102 <= best bid 9999.990673
[BOOK WARN] Crossed book rejected for AAPL: ask 9789.323550 <= best bid 9999.990673
[BOOK WARN] Crossed book rejected for AAPL: ask 9796.981521 <= best bid 9999.990673
[BOOK WARN] Crossed book rejected for AAPL: ask 9805.509799 <= best bid 9999.990673
[BOOK WARN] Crossed book rejected for AAPL: ask 9803.218729 <= best bid 9999.990673
[BOOK WARN] Crossed book rejected for AAPL: ask 9799.719863 <= best bid 9999.990673
[BOOK WARN] Crossed book rejected for AAPL: ask 9793.859236 <= best bid 9999.990673
[BOOK WARN] Crossed book rejected for AAPL: ask 9804.543183 <= best bid 9999.990673
[BOOK WARN] Crossed book rejected for AAPL: ask 9796.303020 <= best bid 9999.990673
[BOOK WARN] Crossed book rejected for AAPL: ask 9792.752397 <= best bid 9999.990673
[BOOK WARN] Crossed book rejected for AAPL: ask 9810.472790 <= best bid 9999.990673
[BOOK WARN] Crossed book rejected for AAPL: ask 9826.304380 <= best bid 9999.990673
[BOOK WARN] Crossed book rejected for AAPL: ask 9812.636223 <= best bid 9999.990673
[BOOK WARN] Crossed book rejected for AAPL: ask 9817.275882 <= best bid 9999.990673
[BOOK WARN] Crossed book rejected for AAPL: ask 9816.965418 <= best bid 9999.990673
[BOOK WARN] Crossed book rejected for AAPL: ask 9823.270572 <= best bid 9999.990673
[BOOK WARN] Crossed book rejected for AAPL: ask 9836.275604 <= best bid 9999.990673
[BOOK WARN] Crossed book rejected for AAPL: ask 9845.076614 <= best bid 9999.990673
[BOOK WARN] Crossed book rejected for AAPL: ask 9869.850703 <= best bid 9999.990673
[BOOK WARN] Crossed book rejected for AAPL: ask 9873.372721 <= best bid 9999.990673
[BOOK WARN] Crossed book rejected for AAPL: ask 9878.320044 <= best bid 9999.990673
[BOOK WARN] Crossed book rejected for AAPL: ask 9888.618335 <= best bid 9999.990673
[BOOK WARN] Crossed book rejected for AAPL: ask 9887.566461 <= best bid 9999.990673
[BOOK WARN] Crossed book rejected for AAPL: ask 9888.643924 <= best bid 9999.990673
[BOOK WARN] Crossed book rejected for AAPL: ask 9881.516816 <= best bid 9999.990673
[BOOK WARN] Crossed book rejected for AAPL: ask 9883.028091 <= best bid 9999.990673
[BOOK WARN] Crossed book rejected for AAPL: ask 9884.594712 <= best bid 9999.990673
[BOOK WARN] Crossed book rejected for AAPL: ask 9876.868579 <= best bid 9999.990673
[BOOK WARN] Crossed book rejected for AAPL: ask 9877.830482 <= best bid 9999.990673
[BOOK WARN] Crossed book rejected for AAPL: ask 9883.019195 <= best bid 9999.990673
[BOOK WARN] Crossed book rejected for AAPL: ask 9875.566477 <= best bid 9999.990673
[BOOK WARN] Crossed book rejected for AAPL: ask 9864.718631 <= best bid 9999.990673
[BOOK WARN] Crossed book rejected for AAPL: ask 9856.607880 <= best bid 9999.990673
[BOOK WARN] Crossed book rejected for AAPL: ask 9854.763575 <= best bid 9999.990673
[BOOK WARN] Crossed book rejected for AAPL: ask 9831.515966 <= best bid 9999.990673
[BOOK WARN] Crossed book rejected for AAPL: ask 9816.553111 <= best bid 9999.990673
[BOOK WARN] Crossed book rejected for AAPL: ask 9804.947126 <= best bid 9999.990673
[BOOK WARN] Crossed book rejected for AAPL: ask 9810.197391 <= best bid 9999.990673
[BOOK WARN] Crossed book rejected for AAPL: ask 9800.875622 <= best bid 9999.990673
[BOOK WARN] Crossed book rejected for AAPL: ask 9800.485193 <= best bid 9999.990673
[BOOK WARN] Crossed book rejected for AAPL: ask 9783.179483 <= best bid 9999.990673
[BOOK WARN] Crossed book rejected for AAPL: ask 9796.977725 <= best bid 9999.990673
[BOOK WARN] Crossed book rejected for AAPL: ask 9780.580415 <= best bid 9999.990673
[BOOK WARN] Crossed book rejected for AAPL: ask 9783.278164 <= best bid 9999.990673
[BOOK WARN] Crossed book rejected for AAPL: ask 9788.241806 <= best bid 9999.990673
[BOOK WARN] Crossed book rejected for AAPL: ask 9777.837622 <= best bid 9999.990673
[BOOK WARN] Crossed book rejected for AAPL: ask 9777.792972 <= best bid 9999.990673
[BOOK WARN] Crossed book rejected for AAPL: ask 9778.065252 <= best bid 9999.990673
[BOOK WARN] Crossed book rejected for AAPL: ask 9773.781583 <= best bid 9999.990673
[BOOK WARN] Crossed book rejected for AAPL: ask 9766.215949 <= best bid 9999.990673
[BOOK WARN] Crossed book rejected for AAPL: ask 9769.862714 <= best bid 9999.990673
[BOOK WARN] Crossed book rejected for AAPL: ask 9764.751984 <= best bid 9999.990673
[BOOK WARN] Crossed book rejected for AAPL: ask 9760.760806 <= best bid 9999.990673
[BOOK WARN] Crossed book rejected for AAPL: ask 9756.488248 <= best bid 9999.990673
[BOOK WARN] Crossed book rejected for AAPL: ask 9767.475608 <= best bid 9999.990673
[BOOK WARN] Crossed book rejected for AAPL: ask 9773.105886 <= best bid 9999.990673
[BOOK WARN] Crossed book rejected for AAPL: ask 9765.289424 <= best bid 9999.990673
[BOOK WARN] Crossed book rejected for AAPL: ask 9774.027400 <= best bid 9999.990673
[BOOK WARN] Crossed book rejected for AAPL: ask 9784.216822 <= best bid 9999.990673
[BOOK WARN] Crossed book rejected for AAPL: ask 9779.291989 <= best bid 9999.990673
[BOOK WARN] Crossed book rejected for AAPL: ask 9782.930461 <= best bid 9999.990673
[BOOK WARN] Crossed book rejected for AAPL: ask 9785.969330 <= best bid 9999.990673
[BOOK WARN] Crossed book rejected for AAPL: ask 9801.500152 <= best bid 9999.990673
[BOOK WARN] Crossed book rejected for AAPL: ask 9814.894876 <= best bid 9999.990673
[BOOK WARN] Crossed book rejected for AAPL: ask 9831.008189 <= best bid 9999.990673
[BOOK WARN] Crossed book rejected for AAPL: ask 9841.033013 <= best bid 9999.990673
[BOOK WARN] Crossed book rejected for AAPL: ask 9841.309686 <= best bid 9999.990673
[BOOK WARN] Crossed book rejected for AAPL: ask 9849.062392 <= best bid 9999.990673
[BOOK WARN] Crossed book rejected for AAPL: ask 9835.406432 <= best bid 9999.990673
[BOOK WARN] Crossed book rejected for AAPL: ask 9848.200895 <= best bid 9999.990673
[BOOK WARN] Crossed book rejected for AAPL: ask 9856.326679 <= best bid 9999.990673
[BOOK WARN] Crossed book rejected for AAPL: ask 9844.908817 <= best bid 9999.990673
[BOOK WARN] Crossed book rejected for AAPL: ask 9846.858824 <= best bid 9999.990673
[BOOK WARN] Crossed book rejected for AAPL: ask 9834.819394 <= best bid 9999.990673
[BOOK WARN] Crossed book rejected for AAPL: ask 9819.744885 <= best bid 9999.990673
[BOOK WARN] Crossed book rejected for AAPL: ask 9813.715398 <= best bid 9999.990673
[BOOK WARN] Crossed book rejected for AAPL: ask 9823.283643 <= best bid 9999.990673
[BOOK WARN] Crossed book rejected for AAPL: ask 9818.110081 <= best bid 9999.990673
[BOOK WARN] Crossed book rejected for AAPL: ask 9828.466068 <= best bid 9999.990673
[BOOK WARN] Crossed book rejected for AAPL: ask 9821.211916 <= best bid 9999.990673
[BOOK WARN] Crossed book rejected for AAPL: ask 9813.373918 <= best bid 9999.990673
[BOOK WARN] Crossed book rejected for AAPL: ask 9818.020309 <= best bid 9999.990673
[BOOK WARN] Crossed book rejected for AAPL: ask 9813.844979 <= best bid 9999.990673
[BOOK WARN] Crossed book rejected for AAPL: ask 9834.741157 <= best bid 9999.990673
[BOOK WARN] Crossed book rejected for AAPL: ask 9854.262639 <= best bid 9999.990673
[BOOK WARN] Crossed book rejected for AAPL: ask 9846.088428 <= best bid 9999.990673
[BOOK WARN] Crossed book rejected for AAPL: ask 9852.718047 <= best bid 9999.990673
[BOOK WARN] Crossed book rejected for AAPL: ask 9854.677047 <= best bid 9999.990673
[BOOK WARN] Crossed book rejected for AAPL: ask 9856.886370 <= best bid 9999.990673
[BOOK WARN] Crossed book rejected for AAPL: ask 9846.374691 <= best bid 9999.990673
[BOOK WARN] Crossed book rejected for AAPL: ask 9855.149394 <= best bid 9999.990673
[BOOK WARN] Crossed book rejected for AAPL: ask 9842.567513 <= best bid 9999.990673
[BOOK WARN] Crossed book rejected for AAPL: ask 9831.561163 <= best bid 9999.990673
[BOOK WARN] Crossed book rejected for AAPL: ask 9824.722377 <= best bid 9999.990673
[BOOK WARN] Crossed book rejected for AAPL: ask 9827.476680 <= best bid 9999.990673
[BOOK WARN] Crossed book rejected for AAPL: ask 9840.865346 <= best bid 9999.990673
[BOOK WARN] Crossed book rejected for AAPL: ask 9833.777509 <= best bid 9999.990673
[BOOK WARN] Crossed book rejected for AAPL: ask 9827.531287 <= best bid 9999.990673
[BOOK WARN] Crossed book rejected for AAPL: ask 9827.611610 <= best bid 9999.990673
[BOOK WARN] Crossed book rejected for AAPL: ask 9816.478523 <= best bid 9999.990673
[BOOK WARN] Crossed book rejected for AAPL: ask 9817.620398 <= best bid 9999.990673
[BOOK WARN] Crossed book rejected for AAPL: ask 9804.522972 <= best bid 9999.990673
[BOOK WARN] Crossed book rejected for AAPL: ask 9793.523544 <= best bid 9999.990673
[BOOK WARN] Crossed book rejected for AAPL: ask 9794.126659 <= best bid 9999.990673
[BOOK WARN] Crossed book rejected for AAPL: ask 9792.174565 <= best bid 9999.990673
[BOOK WARN] Crossed book rejected for AAPL: ask 9779.994220 <= best bid 9999.990673
[BOOK WARN] Crossed book rejected for AAPL: ask 9774.042020 <= best bid 9999.990673
[BOOK WARN] Crossed book rejected for AAPL: ask 9783.672167 <= best bid 9999.990673
[BOOK WARN] Crossed book rejected for AAPL: ask 9792.423985 <= best bid 9999.990673
[BOOK WARN] Crossed book rejected for AAPL: ask 9805.072557 <= best bid 9999.990673
[BOOK WARN] Crossed book rejected for AAPL: ask 9800.095694 <= best bid 9999.990673
[BOOK WARN] Crossed book rejected for AAPL: ask 9786.428468 <= best bid 9999.990673
[BOOK WARN] Crossed book rejected for AAPL: ask 9786.751728 <= best bid 9999.990673
[BOOK WARN] Crossed book rejected for AAPL: ask 9797.922457 <= best bid 9999.990673
[BOOK WARN] Crossed book rejected for AAPL: ask 9803.338424 <= best bid 9999.990673
[BOOK WARN] Crossed book rejected for AAPL: ask 9802.776550 <= best bid 9999.990673
[BOOK WARN] Crossed book rejected for AAPL: ask 9797.519170 <= best bid 9999.990673
[BOOK WARN] Crossed book rejected for AAPL: ask 9796.311514 <= best bid 9999.990673
[BOOK WARN] Crossed book rejected for AAPL: ask 9798.998430 <= best bid 9999.990673
[BOOK WARN] Crossed book rejected for AAPL: ask 9802.119162 <= best bid 9999.990673
[BOOK WARN] Crossed book rejected for AAPL: ask 9809.648367 <= best bid 9999.990673
[BOOK WARN] Crossed book rejected for AAPL: ask 9817.618688 <= best bid 9999.990673
[BOOK WARN] Crossed book rejected for AAPL: ask 9827.433137 <= best bid 9999.990673
[BOOK WARN] Crossed book rejected for AAPL: ask 9824.986352 <= best bid 9999.990673
[BOOK WARN] Crossed book rejected for AAPL: ask 9823.771696 <= best bid 9999.990673
[BOOK WARN] Crossed book rejected for AAPL: ask 9813.840927 <= best bid 9999.990673
[BOOK WARN] Crossed book rejected for AAPL: ask 9828.864901 <= best bid 9999.990673
[BOOK WARN] Crossed book rejected for AAPL: ask 9838.701089 <= best bid 9999.990673
[BOOK WARN] Crossed book rejected for AAPL: ask 9862.780229 <= best bid 9999.990673
[BOOK WARN] Crossed book rejected for AAPL: ask 9849.679020 <= best bid 9999.990673
[BOOK WARN] Crossed book rejected for AAPL: ask 9860.062851 <= best bid 9999.990673
[BOOK WARN] Crossed book rejected for AAPL: ask 9852.808510 <= best bid 9999.990673
[BOOK WARN] Crossed book rejected for AAPL: ask 9857.547483 <= best bid 9999.990673
[BOOK WARN] Crossed book rejected for AAPL: ask 9850.931496 <= best bid 9999.990673
[BOOK WARN] Crossed book rejected for AAPL: ask 9858.617056 <= best bid 9999.990673
[BOOK WARN] Crossed book rejected for AAPL: ask 9858.059966 <= best bid 9999.990673
[BOOK WARN] Crossed book rejected for AAPL: ask 9852.054894 <= best bid 9999.990673
[BOOK WARN] Crossed book rejected for AAPL: ask 9861.621557 <= best bid 9999.990673
[BOOK WARN] Crossed book rejected for AAPL: ask 9859.123799 <= best bid 9999.990673
[BOOK WARN] Crossed book rejected for AAPL: ask 9853.615918 <= best bid 9999.990673
[BOOK WARN] Crossed book rejected for AAPL: ask 9839.536640 <= best bid 9999.990673
[BOOK WARN] Crossed book rejected for AAPL: ask 9840.865523 <= best bid 9999.990673
[BOOK WARN] Crossed book rejected for AAPL: ask 9823.305185 <= best bid 9999.990673
[BOOK WARN] Crossed book rejected for AAPL: ask 9815.118327 <= best bid 9999.990673
[BOOK WARN] Crossed book rejected for AAPL: ask 9813.699034 <= best bid 9999.990673
[BOOK WARN] Crossed book rejected for AAPL: ask 9813.942805 <= best bid 9999.990673
[BOOK WARN] Crossed book rejected for AAPL: ask 9821.276618 <= best bid 9999.990673
[BOOK WARN] Crossed book rejected for AAPL: ask 9824.039841 <= best bid 9999.990673
[BOOK WARN] Crossed book rejected for AAPL: ask 9831.258189 <= best bid 9999.990673
[BOOK WARN] Crossed book rejected for AAPL: ask 9846.823346 <= best bid 9999.990673
[BOOK WARN] Crossed book rejected for AAPL: ask 9854.063040 <= best bid 9999.990673
[BOOK WARN] Crossed book rejected for AAPL: ask 9854.189613 <= best bid 9999.990673
[BOOK WARN] Crossed book rejected for AAPL: ask 9859.253700 <= best bid 9999.990673
[BOOK WARN] Crossed book rejected for AAPL: ask 9862.635988 <= best bid 9999.990673
[BOOK WARN] Crossed book rejected for AAPL: ask 9845.872796 <= best bid 9999.990673
[BOOK WARN] Crossed book rejected for AAPL: ask 9835.138995 <= best bid 9999.990673
[BOOK WARN] Crossed book rejected for AAPL: ask 9842.702332 <= best bid 9999.990673
[BOOK WARN] Crossed book rejected for AAPL: ask 9850.718617 <= best bid 9999.990673
[BOOK WARN] Crossed book rejected for AAPL: ask 9851.164958 <= best bid 9999.990673
[BOOK WARN] Crossed book rejected for AAPL: ask 9859.494027 <= best bid 9999.990673
[BOOK WARN] Crossed book rejected for AAPL: ask 9851.842162 <= best bid 9999.990673
[BOOK WARN] Crossed book rejected for AAPL: ask 9858.088243 <= best bid 9999.990673
[BOOK WARN] Crossed book rejected for AAPL: ask 9853.301883 <= best bid 9999.990673
[BOOK WARN] Crossed book rejected for AAPL: ask 9857.804500 <= best bid 9999.990673
[BOOK WARN] Crossed book rejected for AAPL: ask 9854.323741 <= best bid 9999.990673
[BOOK WARN] Crossed book rejected for AAPL: ask 9851.679016 <= best bid 9999.990673
[BOOK WARN] Crossed book rejected for AAPL: ask 9863.401475 <= best bid 9999.990673
[BOOK WARN] Crossed book rejected for AAPL: ask 9857.057873 <= best bid 9999.990673
[BOOK WARN] Crossed book rejected for AAPL: ask 9857.872886 <= best bid 9999.990673
[BOOK WARN] Crossed book rejected for AAPL: ask 9860.513100 <= best bid 9999.990673
[BOOK WARN] Crossed book rejected for AAPL: ask 9858.415422 <= best bid 9999.990673
[BOOK WARN] Crossed book rejected for AAPL: ask 9853.826810 <= best bid 9999.990673
[BOOK WARN] Crossed book rejected for AAPL: ask 9836.841264 <= best bid 9999.990673
[BOOK WARN] Crossed book rejected for AAPL: ask 9825.237411 <= best bid 9999.990673
[BOOK WARN] Crossed book rejected for AAPL: ask 9834.111797 <= best bid 9999.990673
[BOOK WARN] Crossed book rejected for AAPL: ask 9832.678224 <= best bid 9999.990673
[BOOK WARN] Crossed book rejected for AAPL: ask 9843.208863 <= best bid 9999.990673
[BOOK WARN] Crossed book rejected for AAPL: ask 9843.899038 <= best bid 9999.990673
[BOOK WARN] Crossed book rejected for AAPL: ask 9832.486914 <= best bid 9999.990673
[BOOK WARN] Crossed book rejected for AAPL: ask 9848.868891 <= best bid 9999.990673
[BOOK WARN] Crossed book rejected for AAPL: ask 9864.487327 <= best bid 9999.990673
[BOOK WARN] Crossed book rejected for AAPL: ask 9873.555560 <= best bid 9999.990673
[BOOK WARN] Crossed book rejected for AAPL: ask 9877.648876 <= best bid 9999.990673
[BOOK WARN] Crossed book rejected for AAPL: ask 9883.411515 <= best bid 9999.990673
[BOOK WARN] Crossed book rejected for AAPL: ask 9871.425861 <= best bid 9999.990673
[BOOK WARN] Crossed book rejected for AAPL: ask 9864.740357 <= best bid 9999.990673
[BOOK WARN] Crossed book rejected for AAPL: ask 9883.638505 <= best bid 9999.990673
[BOOK WARN] Crossed book rejected for AAPL: ask 9883.744355 <= best bid 9999.990673
[BOOK WARN] Crossed book rejected for AAPL: ask 9893.786852 <= best bid 9999.990673
[BOOK WARN] Crossed book rejected for AAPL: ask 9903.687539 <= best bid 9999.990673
[BOOK WARN] Crossed book rejected for AAPL: ask 9911.582228 <= best bid 9999.990673
[BOOK WARN] Crossed book rejected for AAPL: ask 9908.516538 <= best bid 9999.990673
[BOOK WARN] Crossed book rejected for AAPL: ask 9904.385002 <= best bid 9999.990673
[BOOK WARN] Crossed book rejected for AAPL: ask 9896.260311 <= best bid 9999.990673
[BOOK WARN] Crossed book rejected for AAPL: ask 9894.272221 <= best bid 9999.990673
[BOOK WARN] Crossed book rejected for AAPL: ask 9895.357421 <= best bid 9999.990673
[BOOK WARN] Crossed book rejected for AAPL: ask 9899.103907 <= best bid 9999.990673
[BOOK WARN] Crossed book rejected for AAPL: ask 9902.585547 <= best bid 9999.990673
[BOOK WARN] Crossed book rejected for AAPL: ask 9903.271080 <= best bid 9999.990673
[BOOK WARN] Crossed book rejected for AAPL: ask 9881.385298 <= best bid 9999.990673
[BOOK WARN] Crossed book rejected for AAPL: ask 9865.444150 <= best bid 9999.990673
[BOOK WARN] Crossed book rejected for AAPL: ask 9849.238932 <= best bid 9999.990673
[BOOK WARN] Crossed book rejected for AAPL: ask 9855.612469 <= best bid 9999.990673
[BOOK WARN] Crossed book rejected for AAPL: ask 9837.807970 <= best bid 9999.990673
[BOOK WARN] Crossed book rejected for AAPL: ask 9837.327980 <= best bid 9999.990673
[BOOK WARN] Crossed book rejected for AAPL: ask 9843.930051 <= best bid 9999.990673
[BOOK WARN] Crossed book rejected for AAPL: ask 9828.449326 <= best bid 9999.990673
[BOOK WARN] Crossed book rejected for AAPL: ask 9839.376583 <= best bid 9999.990673
[BOOK WARN] Crossed book rejected for AAPL: ask 9829.388576 <= best bid 9999.990673
[BOOK WARN] Crossed book rejected for AAPL: ask 9837.082328 <= best bid 9999.990673
[BOOK WARN] Crossed book rejected for AAPL: ask 9823.626020 <= best bid 9999.990673
[BOOK WARN] Crossed book rejected for AAPL: ask 9828.618366 <= best bid 9999.990673
[BOOK WARN] Crossed book rejected for AAPL: ask 9819.736622 <= best bid 9999.990673
[BOOK WARN] Crossed book rejected for AAPL: ask 9808.299584 <= best bid 9999.990673
[BOOK WARN] Crossed book rejected for AAPL: ask 9805.156827 <= best bid 9999.990673
[BOOK WARN] Crossed book rejected for AAPL: ask 9810.005130 <= best bid 9999.990673
[BOOK WARN] Crossed book rejected for AAPL: ask 9806.943121 <= best bid 9999.990673
[BOOK WARN] Crossed book rejected for AAPL: ask 9816.001672 <= best bid 9999.990673
[BOOK WARN] Crossed book rejected for AAPL: ask 9814.028904 <= best bid 9999.990673
[BOOK WARN] Crossed book rejected for AAPL: ask 9816.790488 <= best bid 9999.990673
[BOOK WARN] Crossed book rejected for AAPL: ask 9835.219146 <= best bid 9999.990673
[BOOK WARN] Crossed book rejected for AAPL: ask 9839.194896 <= best bid 9999.990673
[BOOK WARN] Crossed book rejected for AAPL: ask 9830.692512 <= best bid 9999.990673
[BOOK WARN] Crossed book rejected for AAPL: ask 9829.198499 <= best bid 9999.990673
[BOOK WARN] Crossed book rejected for AAPL: ask 9831.879008 <= best bid 9999.990673
[BOOK WARN] Crossed book rejected for AAPL: ask 9817.243896 <= best bid 9999.990673
[BOOK WARN] Crossed book rejected for AAPL: ask 9816.390231 <= best bid 9999.990673
[BOOK WARN] Crossed book rejected for AAPL: ask 9829.316966 <= best bid 9999.990673
[BOOK WARN] Crossed book rejected for AAPL: ask 9822.043390 <= best bid 9999.990673
[BOOK WARN] Crossed book rejected for AAPL: ask 9845.363016 <= best bid 9999.990673
[BOOK WARN] Crossed book rejected for AAPL: ask 9835.856527 <= best bid 9999.990673
[BOOK WARN] Crossed book rejected for AAPL: ask 9825.661790 <= best bid 9999.990673
[BOOK WARN] Crossed book rejected for AAPL: ask 9821.272255 <= best bid 9999.990673
[BOOK WARN] Crossed book rejected for AAPL: ask 9813.906253 <= best bid 9999.990673
[BOOK WARN] Crossed book rejected for AAPL: ask 9810.097058 <= best bid 9999.990673
[BOOK WARN] Crossed book rejected for AAPL: ask 9805.326533 <= best bid 9999.990673
[BOOK WARN] Crossed book rejected for AAPL: ask 9782.605752 <= best bid 9999.990673
[BOOK WARN] Crossed book rejected for AAPL: ask 9778.347394 <= best bid 9999.990673
[BOOK WARN] Crossed book rejected for AAPL: ask 9791.475998 <= best bid 9999.990673
[BOOK WARN] Crossed book rejected for AAPL: ask 9792.173452 <= best bid 9999.990673
[BOOK WARN] Crossed book rejected for AAPL: ask 9790.301129 <= best bid 9999.990673
[BOOK WARN] Crossed book rejected for AAPL: ask 9788.546665 <= best bid 9999.990673
[BOOK WARN] Crossed book rejected for AAPL: ask 9792.189237 <= best bid 9999.990673
[BOOK WARN] Crossed book rejected for AAPL: ask 9789.359418 <= best bid 9999.990673
[BOOK WARN] Crossed book rejected for AAPL: ask 9783.227617 <= best bid 9999.990673
[BOOK WARN] Crossed book rejected for AAPL: ask 9784.924097 <= best bid 9999.990673
[BOOK WARN] Crossed book rejected for AAPL: ask 9767.399934 <= best bid 9999.990673
[BOOK WARN] Crossed book rejected for AAPL: ask 9763.317120 <= best bid 9999.990673
[BOOK WARN] Crossed book rejected for AAPL: ask 9758.831729 <= best bid 9999.990673
[BOOK WARN] Crossed book rejected for AAPL: ask 9750.700697 <= best bid 9999.990673
[BOOK WARN] Crossed book rejected for AAPL: ask 9755.871618 <= best bid 9999.990673
[BOOK WARN] Crossed book rejected for AAPL: ask 9769.980586 <= best bid 9999.990673
[BOOK WARN] Crossed book rejected for AAPL: ask 9757.997003 <= best bid 9999.990673
[BOOK WARN] Crossed book rejected for AAPL: ask 9732.823849 <= best bid 9999.990673
[BOOK WARN] Crossed book rejected for AAPL: ask 9727.720037 <= best bid 9999.990673
[BOOK WARN] Crossed book rejected for AAPL: ask 9720.374083 <= best bid 9999.990673
[BOOK WARN] Crossed book rejected for AAPL: ask 9719.487903 <= best bid 9999.990673
[BOOK WARN] Crossed book rejected for AAPL: ask 9720.118088 <= best bid 9999.990673
[BOOK WARN] Crossed book rejected for AAPL: ask 9711.568693 <= best bid 9999.990673
[BOOK WARN] Crossed book rejected for AAPL: ask 9707.938672 <= best bid 9999.990673
[BOOK WARN] Crossed book rejected for AAPL: ask 9706.504703 <= best bid 9999.990673
[BOOK WARN] Crossed book rejected for AAPL: ask 9699.485691 <= best bid 9999.990673
[BOOK WARN] Crossed book rejected for AAPL: ask 9701.205733 <= best bid 9999.990673
[BOOK WARN] Crossed book rejected for AAPL: ask 9713.702586 <= best bid 9999.990673
[BOOK WARN] Crossed book rejected for AAPL: ask 9710.147615 <= best bid 9999.990673
[BOOK WARN] Crossed book rejected for AAPL: ask 9719.112301 <= best bid 9999.990673
[BOOK WARN] Crossed book rejected for AAPL: ask 9706.680144 <= best bid 9999.990673
[BOOK WARN] Crossed book rejected for AAPL: ask 9701.438517 <= best bid 9999.990673
[BOOK WARN] Crossed book rejected for AAPL: ask 9691.733324 <= best bid 9999.990673
[BOOK WARN] Crossed book rejected for AAPL: ask 9692.901863 <= best bid 9999.990673
[BOOK WARN] Crossed book rejected for AAPL: ask 9686.403281 <= best bid 9999.990673
[BOOK WARN] Crossed book rejected for AAPL: ask 9674.684562 <= best bid 9999.990673
[BOOK WARN] Crossed book rejected for AAPL: ask 9671.446924 <= best bid 9999.990673
[BOOK WARN] Crossed book rejected for AAPL: ask 9672.850424 <= best bid 9999.990673
[BOOK WARN] Crossed book rejected for AAPL: ask 9676.849011 <= best bid 9999.990673
[BOOK WARN] Crossed book rejected for AAPL: ask 9682.904847 <= best bid 9999.990673
[BOOK WARN] Crossed book rejected for AAPL: ask 9681.792197 <= best bid 9999.990673
[BOOK WARN] Crossed book rejected for AAPL: ask 9681.648168 <= best bid 9999.990673
[BOOK WARN] Crossed book rejected for AAPL: ask 9683.606779 <= best bid 9999.990673
[BOOK WARN] Crossed book rejected for AAPL: ask 9686.559793 <= best bid 9999.990673
[BOOK WARN] Crossed book rejected for AAPL: ask 9693.073317 <= best bid 9999.990673
[BOOK WARN] Crossed book rejected for AAPL: ask 9690.142497 <= best bid 9999.990673
[BOOK WARN] Crossed book rejected for AAPL: ask 9683.079838 <= best bid 9999.990673
[BOOK WARN] Crossed book rejected for AAPL: ask 9691.221373 <= best bid 9999.990673
[BOOK WARN] Crossed book rejected for AAPL: ask 9707.140172 <= best bid 9999.990673
[BOOK WARN] Crossed book rejected for AAPL: ask 9685.734062 <= best bid 9999.990673
[BOOK WARN] Crossed book rejected for AAPL: ask 9688.183933 <= best bid 9999.990673
[BOOK WARN] Crossed book rejected for AAPL: ask 9703.067161 <= best bid 9999.990673
[BOOK WARN] Crossed book rejected for AAPL: ask 9704.656795 <= best bid 9999.990673
[BOOK WARN] Crossed book rejected for AAPL: ask 9706.327701 <= best bid 9999.990673
[BOOK WARN] Crossed book rejected for AAPL: ask 9701.614878 <= best bid 9999.990673
[BOOK WARN] Crossed book rejected for AAPL: ask 9714.436763 <= best bid 9999.990673
[BOOK WARN] Crossed book rejected for AAPL: ask 9714.520304 <= best bid 9999.990673
[BOOK WARN] Crossed book rejected for AAPL: ask 9719.402918 <= best bid 9999.990673
[BOOK WARN] Crossed book rejected for AAPL: ask 9721.965259 <= best bid 9999.990673
[BOOK WARN] Crossed book rejected for AAPL: ask 9721.326349 <= best bid 9999.990673
[BOOK WARN] Crossed book rejected for AAPL: ask 9718.342068 <= best bid 9999.990673
[BOOK WARN] Crossed book rejected for AAPL: ask 9713.183628 <= best bid 9999.990673
[BOOK WARN] Crossed book rejected for AAPL: ask 9703.990855 <= best bid 9999.990673
[BOOK WARN] Crossed book rejected for AAPL: ask 9703.133528 <= best bid 9999.990673
[BOOK WARN] Crossed book rejected for AAPL: ask 9709.003289 <= best bid 9999.990673
[BOOK WARN] Crossed book rejected for AAPL: ask 9735.572251 <= best bid 9999.990673
[BOOK WARN] Crossed book rejected for AAPL: ask 9732.136853 <= best bid 9999.990673
[BOOK WARN] Crossed book rejected for AAPL: ask 9726.731135 <= best bid 9999.990673
[BOOK WARN] Crossed book rejected for AAPL: ask 9713.898006 <= best bid 9999.990673
[BOOK WARN] Crossed book rejected for AAPL: ask 9716.996688 <= best bid 9999.990673
[BOOK WARN] Crossed book rejected for AAPL: ask 9721.536675 <= best bid 9999.990673
[BOOK WARN] Crossed book rejected for AAPL: ask 9717.667082 <= best bid 9999.990673
[BOOK WARN] Crossed book rejected for AAPL: ask 9735.805058 <= best bid 9999.990673
[BOOK WARN] Crossed book rejected for AAPL: ask 9714.067584 <= best bid 9999.990673
[BOOK WARN] Crossed book rejected for AAPL: ask 9705.113255 <= best bid 9999.990673
[BOOK WARN] Crossed book rejected for AAPL: ask 9701.243776 <= best bid 9999.990673
[BOOK WARN] Crossed book rejected for AAPL: ask 9683.727111 <= best bid 9999.990673
[BOOK WARN] Crossed book rejected for AAPL: ask 9660.427427 <= best bid 9999.990673
[BOOK WARN] Crossed book rejected for AAPL: ask 9651.672804 <= best bid 9999.990673
[BOOK WARN] Crossed book rejected for AAPL: ask 9645.293464 <= best bid 9999.990673
[BOOK WARN] Crossed book rejected for AAPL: ask 9646.933233 <= best bid 9999.990673
[BOOK WARN] Crossed book rejected for AAPL: ask 9638.334129 <= best bid 9999.990673
[BOOK WARN] Crossed book rejected for AAPL: ask 9627.143772 <= best bid 9999.990673
[BOOK WARN] Crossed book rejected for AAPL: ask 9633.738195 <= best bid 9999.990673
[BOOK WARN] Crossed book rejected for AAPL: ask 9640.084324 <= best bid 9999.990673
[BOOK WARN] Crossed book rejected for AAPL: ask 9635.184684 <= best bid 9999.990673
[BOOK WARN] Crossed book rejected for AAPL: ask 9638.414399 <= best bid 9999.990673
[BOOK WARN] Crossed book rejected for AAPL: ask 9638.177407 <= best bid 9999.990673
[BOOK WARN] Crossed book rejected for AAPL: ask 9641.418808 <= best bid 9999.990673
[BOOK WARN] Crossed book rejected for AAPL: ask 9645.319117 <= best bid 9999.990673
[BOOK WARN] Crossed book rejected for AAPL: ask 9653.340185 <= best bid 9999.990673
[BOOK WARN] Crossed book rejected for AAPL: ask 9656.406378 <= best bid 9999.990673
[BOOK WARN] Crossed book rejected for AAPL: ask 9668.581354 <= best bid 9999.990673
[BOOK WARN] Crossed book rejected for AAPL: ask 9650.857946 <= best bid 9999.990673
[BOOK WARN] Crossed book rejected for AAPL: ask 9643.473980 <= best bid 9999.990673
[BOOK WARN] Crossed book rejected for AAPL: ask 9659.531202 <= best bid 9999.990673
[BOOK WARN] Crossed book rejected for AAPL: ask 9654.308886 <= best bid 9999.990673
[BOOK WARN] Crossed book rejected for AAPL: ask 9663.031035 <= best bid 9999.990673
[BOOK WARN] Crossed book rejected for AAPL: ask 9652.366755 <= best bid 9999.990673
[BOOK WARN] Crossed book rejected for AAPL: ask 9634.876659 <= best bid 9999.990673
[BOOK WARN] Crossed book rejected for AAPL: ask 9643.566911 <= best bid 9999.990673
[BOOK WARN] Crossed book rejected for AAPL: ask 9642.710271 <= best bid 9999.990673
[BOOK WARN] Crossed book rejected for AAPL: ask 9639.982104 <= best bid 9999.990673
[BOOK WARN] Crossed book rejected for AAPL: ask 9642.391957 <= best bid 9999.990673
[BOOK WARN] Crossed book rejected for AAPL: ask 9636.640548 <= best bid 9999.990673
[BOOK WARN] Crossed book rejected for AAPL: ask 9639.522158 <= best bid 9999.990673
[BOOK WARN] Crossed book rejected for AAPL: ask 9646.580180 <= best bid 9999.990673
[BOOK WARN] Crossed book rejected for AAPL: ask 9650.592913 <= best bid 9999.990673
[BOOK WARN] Crossed book rejected for AAPL: ask 9633.948639 <= best bid 9999.990673
[BOOK WARN] Crossed book rejected for AAPL: ask 9653.102144 <= best bid 9999.990673
[BOOK WARN] Crossed book rejected for AAPL: ask 9644.574541 <= best bid 9999.990673
[BOOK WARN] Crossed book rejected for AAPL: ask 9646.209032 <= best bid 9999.990673
[BOOK WARN] Crossed book rejected for AAPL: ask 9648.100084 <= best bid 9999.990673
[BOOK WARN] Crossed book rejected for AAPL: ask 9654.640498 <= best bid 9999.990673
[BOOK WARN] Crossed book rejected for AAPL: ask 9651.451890 <= best bid 9999.990673
[BOOK WARN] Crossed book rejected for AAPL: ask 9652.546154 <= best bid 9999.990673
[BOOK WARN] Crossed book rejected for AAPL: ask 9649.143245 <= best bid 9999.990673
[BOOK WARN] Crossed book rejected for AAPL: ask 9666.960797 <= best bid 9999.990673
[BOOK WARN] Crossed book rejected for AAPL: ask 9667.804862 <= best bid 9999.990673
[BOOK WARN] Crossed book rejected for AAPL: ask 9664.511360 <= best bid 9999.990673
[BOOK WARN] Crossed book rejected for AAPL: ask 9659.497724 <= best bid 9999.990673
[BOOK WARN] Crossed book rejected for AAPL: ask 9650.448041 <= best bid 9999.990673
[BOOK WARN] Crossed book rejected for AAPL: ask 9648.480918 <= best bid 9999.990673
[BOOK WARN] Crossed book rejected for AAPL: ask 9658.202132 <= best bid 9999.990673
[BOOK WARN] Crossed book rejected for AAPL: ask 9653.694036 <= best bid 9999.990673
[BOOK WARN] Crossed book rejected for AAPL: ask 9647.088118 <= best bid 9999.990673
[BOOK WARN] Crossed book rejected for AAPL: ask 9652.153026 <= best bid 9999.990673
[BOOK WARN] Crossed book rejected for AAPL: ask 9651.820661 <= best bid 9999.990673
[BOOK WARN] Crossed book rejected for AAPL: ask 9662.132205 <= best bid 9999.990673
[BOOK WARN] Crossed book rejected for AAPL: ask 9669.820366 <= best bid 9999.990673
[BOOK WARN] Crossed book rejected for AAPL: ask 9681.430905 <= best bid 9999.990673
[BOOK WARN] Crossed book rejected for AAPL: ask 9673.683525 <= best bid 9999.990673
[BOOK WARN] Crossed book rejected for AAPL: ask 9661.760291 <= best bid 9999.990673
[BOOK WARN] Crossed book rejected for AAPL: ask 9674.469040 <= best bid 9999.990673
[BOOK WARN] Crossed book rejected for AAPL: ask 9682.045432 <= best bid 9999.990673
[BOOK WARN] Crossed book rejected for AAPL: ask 9673.132920 <= best bid 9999.990673
[BOOK WARN] Crossed book rejected for AAPL: ask 9674.479868 <= best bid 9999.990673
[BOOK WARN] Crossed book rejected for AAPL: ask 9662.202880 <= best bid 9999.990673
[BOOK WARN] Crossed book rejected for AAPL: ask 9642.268752 <= best bid 9999.990673
[BOOK WARN] Crossed book rejected for AAPL: ask 9636.579600 <= best bid 9999.990673
[BOOK WARN] Crossed book rejected for AAPL: ask 9627.989640 <= best bid 9999.990673
[BOOK WARN] Crossed book rejected for AAPL: ask 9625.663731 <= best bid 9999.990673
[BOOK WARN] Crossed book rejected for AAPL: ask 9635.960199 <= best bid 9999.990673
[BOOK WARN] Crossed book rejected for AAPL: ask 9625.107250 <= best bid 9999.990673
[BOOK WARN] Crossed book rejected for AAPL: ask 9632.071905 <= best bid 9999.990673
[BOOK WARN] Crossed book rejected for AAPL: ask 9634.450036 <= best bid 9999.990673
[BOOK WARN] Crossed book rejected for AAPL: ask 9617.241528 <= best bid 9999.990673
[BOOK WARN] Crossed book rejected for AAPL: ask 9617.961943 <= best bid 9999.990673
[BOOK WARN] Crossed book rejected for AAPL: ask 9627.395994 <= best bid 9999.990673
[BOOK WARN] Crossed book rejected for AAPL: ask 9635.621277 <= best bid 9999.990673
[BOOK WARN] Crossed book rejected for AAPL: ask 9639.520982 <= best bid 9999.990673
[BOOK WARN] Crossed book rejected for AAPL: ask 9646.134220 <= best bid 9999.990673
[BOOK WARN] Crossed book rejected for AAPL: ask 9639.702642 <= best bid 9999.990673
[BOOK WARN] Crossed book rejected for AAPL: ask 9648.666102 <= best bid 9999.990673
[BOOK WARN] Crossed book rejected for AAPL: ask 9645.691777 <= best bid 9999.990673
[BOOK WARN] Crossed book rejected for AAPL: ask 9656.402742 <= best bid 9999.990673
[BOOK WARN] Crossed book rejected for AAPL: ask 9654.875647 <= best bid 9999.990673
[BOOK WARN] Crossed book rejected for AAPL: ask 9657.865002 <= best bid 9999.990673
[BOOK WARN] Crossed book rejected for AAPL: ask 9650.148372 <= best bid 9999.990673
[BOOK WARN] Crossed book rejected for AAPL: ask 9652.712241 <= best bid 9999.990673
[BOOK WARN] Crossed book rejected for AAPL: ask 9679.989202 <= best bid 9999.990673
[BOOK WARN] Crossed book rejected for AAPL: ask 9670.427794 <= best bid 9999.990673
[BOOK WARN] Crossed book rejected for AAPL: ask 9658.303287 <= best bid 9999.990673
[BOOK WARN] Crossed book rejected for AAPL: ask 9651.526032 <= best bid 9999.990673
[BOOK WARN] Crossed book rejected for AAPL: ask 9656.269421 <= best bid 9999.990673
[BOOK WARN] Crossed book rejected for AAPL: ask 9658.543965 <= best bid 9999.990673
[BOOK WARN] Crossed book rejected for AAPL: ask 9673.249950 <= best bid 9999.990673
[BOOK WARN] Crossed book rejected for AAPL: ask 9662.924422 <= best bid 9999.990673
[BOOK WARN] Crossed book rejected for AAPL: ask 9655.719282 <= best bid 9999.990673
[BOOK WARN] Crossed book rejected for AAPL: ask 9651.457901 <= best bid 9999.990673
[BOOK WARN] Crossed book rejected for AAPL: ask 9656.517783 <= best bid 9999.990673
[BOOK WARN] Crossed book rejected for AAPL: ask 9657.823769 <= best bid 9999.990673
[BOOK WARN] Crossed book rejected for AAPL: ask 9666.983775 <= best bid 9999.990673
[BOOK WARN] Crossed book rejected for AAPL: ask 9661.960210 <= best bid 9999.990673
[BOOK WARN] Crossed book rejected for AAPL: ask 9657.610248 <= best bid 9999.990673
[BOOK WARN] Crossed book rejected for AAPL: ask 9663.667757 <= best bid 9999.990673
[BOOK WARN] Crossed book rejected for AAPL: ask 9636.265048 <= best bid 9999.990673
[BOOK WARN] Crossed book rejected for AAPL: ask 9648.940562 <= best bid 9999.990673
[BOOK WARN] Crossed book rejected for AAPL: ask 9644.330831 <= best bid 9999.990673
[BOOK WARN] Crossed book rejected for AAPL: ask 9638.684544 <= best bid 9999.990673
[BOOK WARN] Crossed book rejected for AAPL: ask 9654.513902 <= best bid 9999.990673
[BOOK WARN] Crossed book rejected for AAPL: ask 9654.217996 <= best bid 9999.990673
[BOOK WARN] Crossed book rejected for AAPL: ask 9661.925542 <= best bid 9999.990673
[BOOK WARN] Crossed book rejected for AAPL: ask 9668.665815 <= best bid 9999.990673
[BOOK WARN] Crossed book rejected for AAPL: ask 9657.883540 <= best bid 9999.990673
[BOOK WARN] Crossed book rejected for AAPL: ask 9670.514629 <= best bid 9999.990673
[BOOK WARN] Crossed book rejected for AAPL: ask 9661.077028 <= best bid 9999.990673
[BOOK WARN] Crossed book rejected for AAPL: ask 9656.404240 <= best bid 9999.990673
[BOOK WARN] Crossed book rejected for AAPL: ask 9641.271712 <= best bid 9999.990673
[BOOK WARN] Crossed book rejected for AAPL: ask 9657.668060 <= best bid 9999.990673
[BOOK WARN] Crossed book rejected for AAPL: ask 9663.274126 <= best bid 9999.990673
[BOOK WARN] Crossed book rejected for AAPL: ask 9657.289469 <= best bid 9999.990673
[BOOK WARN] Crossed book rejected for AAPL: ask 9651.211853 <= best bid 9999.990673
[BOOK WARN] Crossed book rejected for AAPL: ask 9645.909825 <= best bid 9999.990673
[BOOK WARN] Crossed book rejected for AAPL: ask 9646.120069 <= best bid 9999.990673
[BOOK WARN] Crossed book rejected for AAPL: ask 9646.853458 <= best bid 9999.990673
[BOOK WARN] Crossed book rejected for AAPL: ask 9655.156608 <= best bid 9999.990673
[BOOK WARN] Crossed book rejected for AAPL: ask 9648.744829 <= best bid 9999.990673
[BOOK WARN] Crossed book rejected for AAPL: ask 9642.380042 <= best bid 9999.990673
[BOOK WARN] Crossed book rejected for AAPL: ask 9650.421309 <= best bid 9999.990673
[BOOK WARN] Crossed book rejected for AAPL: ask 9647.656812 <= best bid 9999.990673
[BOOK WARN] Crossed book rejected for AAPL: ask 9648.125494 <= best bid 9999.990673
[BOOK WARN] Crossed book rejected for AAPL: ask 9665.163252 <= best bid 9999.990673
[BOOK WARN] Crossed book rejected for AAPL: ask 9671.456817 <= best bid 9999.990673
[BOOK WARN] Crossed book rejected for AAPL: ask 9684.823454 <= best bid 9999.990673
[BOOK WARN] Crossed book rejected for AAPL: ask 9651.251427 <= best bid 9999.990673
[BOOK WARN] Crossed book rejected for AAPL: ask 9646.186162 <= best bid 9999.990673
[BOOK WARN] Crossed book rejected for AAPL: ask 9639.794368 <= best bid 9999.990673
[BOOK WARN] Crossed book rejected for AAPL: ask 9652.130038 <= best bid 9999.990673
[BOOK WARN] Crossed book rejected for AAPL: ask 9655.259215 <= best bid 9999.990673
[BOOK WARN] Crossed book rejected for AAPL: ask 9660.114871 <= best bid 9999.990673
[BOOK WARN] Crossed book rejected for AAPL: ask 9656.781247 <= best bid 9999.990673
[BOOK WARN] Crossed book rejected for AAPL: ask 9662.639564 <= best bid 9999.990673
[BOOK WARN] Crossed book rejected for AAPL: ask 9662.902619 <= best bid 9999.990673
[BOOK WARN] Crossed book rejected for AAPL: ask 9647.221144 <= best bid 9999.990673
[BOOK WARN] Crossed book rejected for AAPL: ask 9653.826952 <= best bid 9999.990673
[BOOK WARN] Crossed book rejected for AAPL: ask 9660.330038 <= best bid 9999.990673
[BOOK WARN] Crossed book rejected for AAPL: ask 9642.517318 <= best bid 9999.990673
[BOOK WARN] Crossed book rejected for AAPL: ask 9656.902318 <= best bid 9999.990673
[BOOK WARN] Crossed book rejected for AAPL: ask 9625.111344 <= best bid 9999.990673
[BOOK WARN] Crossed book rejected for AAPL: ask 9631.695258 <= best bid 9999.990673
[BOOK WARN] Crossed book rejected for AAPL: ask 9636.333563 <= best bid 9999.990673
[BOOK WARN] Crossed book rejected for AAPL: ask 9635.165772 <= best bid 9999.990673
[BOOK WARN] Crossed book rejected for AAPL: ask 9650.849796 <= best bid 9999.990673
[BOOK WARN] Crossed book rejected for AAPL: ask 9637.490519 <= best bid 9999.990673
[BOOK WARN] Crossed book rejected for AAPL: ask 9649.596800 <= best bid 9999.990673
[BOOK WARN] Crossed book rejected for AAPL: ask 9662.307859 <= best bid 9999.990673
[BOOK WARN] Crossed book rejected for AAPL: ask 9664.437325 <= best bid 9999.990673
[BOOK WARN] Crossed book rejected for AAPL: ask 9648.284464 <= best bid 9999.990673
[BOOK WARN] Crossed book rejected for AAPL: ask 9655.299882 <= best bid 9999.990673
[BOOK WARN] Crossed book rejected for AAPL: ask 9645.995079 <= best bid 9999.990673
[BOOK WARN] Crossed book rejected for AAPL: ask 9643.355553 <= best bid 9999.990673
[BOOK WARN] Crossed book rejected for AAPL: ask 9643.755131 <= best bid 9999.990673
[BOOK WARN] Crossed book rejected for AAPL: ask 9646.376302 <= best bid 9999.990673
[BOOK WARN] Crossed book rejected for AAPL: ask 9649.165724 <= best bid 9999.990673
[BOOK WARN] Crossed book rejected for AAPL: ask 9649.454427 <= best bid 9999.990673
[BOOK WARN] Crossed book rejected for AAPL: ask 9652.032841 <= best bid 9999.990673
[BOOK WARN] Crossed book rejected for AAPL: ask 9665.607952 <= best bid 9999.990673
[BOOK WARN] Crossed book rejected for AAPL: ask 9676.855494 <= best bid 9999.990673
[BOOK WARN] Crossed book rejected for AAPL: ask 9671.124511 <= best bid 9999.990673
[BOOK WARN] Crossed book rejected for AAPL: ask 9683.122634 <= best bid 9999.990673
[BOOK WARN] Crossed book rejected for AAPL: ask 9682.690666 <= best bid 9999.990673
[BOOK WARN] Crossed book rejected for AAPL: ask 9683.813816 <= best bid 9999.990673
[BOOK WARN] Crossed book rejected for AAPL: ask 9675.253751 <= best bid 9999.990673
[BOOK WARN] Crossed book rejected for AAPL: ask 9675.530646 <= best bid 9999.990673
[BOOK WARN] Crossed book rejected for AAPL: ask 9672.137691 <= best bid 9999.990673
[BOOK WARN] Crossed book rejected for AAPL: ask 9675.365956 <= best bid 9999.990673
[BOOK WARN] Crossed book rejected for AAPL: ask 9664.292229 <= best bid 9999.990673
[BOOK WARN] Crossed book rejected for AAPL: ask 9658.833734 <= best bid 9999.990673
[BOOK WARN] Crossed book rejected for AAPL: ask 9658.897776 <= best bid 9999.990673
[BOOK WARN] Crossed book rejected for AAPL: ask 9669.867817 <= best bid 9999.990673
[BOOK WARN] Crossed book rejected for AAPL: ask 9677.332923 <= best bid 9999.990673
[BOOK WARN] Crossed book rejected for AAPL: ask 9669.396954 <= best bid 9999.990673
[BOOK WARN] Crossed book rejected for AAPL: ask 9665.297497 <= best bid 9999.990673
[BOOK WARN] Crossed book rejected for AAPL: ask 9663.372142 <= best bid 9999.990673
[BOOK WARN] Crossed book rejected for AAPL: ask 9656.642925 <= best bid 9999.990673
[BOOK WARN] Crossed book rejected for AAPL: ask 9661.627956 <= best bid 9999.990673
[BOOK WARN] Crossed book rejected for AAPL: ask 9658.340645 <= best bid 9999.990673
[BOOK WARN] Crossed book rejected for AAPL: ask 9660.636119 <= best bid 9999.990673
[BOOK WARN] Crossed book rejected for AAPL: ask 9660.550867 <= best bid 9999.990673
[BOOK WARN] Crossed book rejected for AAPL: ask 9650.938529 <= best bid 9999.990673
[BOOK WARN] Crossed book rejected for AAPL: ask 9660.079592 <= best bid 9999.990673
[BOOK WARN] Crossed book rejected for AAPL: ask 9660.312898 <= best bid 9999.990673
[BOOK WARN] Crossed book rejected for AAPL: ask 9631.582713 <= best bid 9999.990673
[BOOK WARN] Crossed book rejected for AAPL: ask 9638.455512 <= best bid 9999.990673
[BOOK WARN] Crossed book rejected for AAPL: ask 9644.072086 <= best bid 9999.990673
[BOOK WARN] Crossed book rejected for AAPL: ask 9637.466549 <= best bid 9999.990673
[BOOK WARN] Crossed book rejected for AAPL: ask 9631.703390 <= best bid 9999.990673
[BOOK WARN] Crossed book rejected for AAPL: ask 9634.771349 <= best bid 9999.990673
[BOOK WARN] Crossed book rejected for AAPL: ask 9626.065874 <= best bid 9999.990673
[BOOK WARN] Crossed book rejected for AAPL: ask 9626.655414 <= best bid 9999.990673
[BOOK WARN] Crossed book rejected for AAPL: ask 9619.526288 <= best bid 9999.990673
[BOOK WARN] Crossed book rejected for AAPL: ask 9618.573432 <= best bid 9999.990673
[BOOK WARN] Crossed book rejected for AAPL: ask 9608.645674 <= best bid 9999.990673
[BOOK WARN] Crossed book rejected for AAPL: ask 9612.756701 <= best bid 9999.990673
[BOOK WARN] Crossed book rejected for AAPL: ask 9613.901189 <= best bid 9999.990673
[BOOK WARN] Crossed book rejected for AAPL: ask 9605.454148 <= best bid 9999.990673
[BOOK WARN] Crossed book rejected for AAPL: ask 9597.496846 <= best bid 9999.990673
[BOOK WARN] Crossed book rejected for AAPL: ask 9605.049310 <= best bid 9999.990673
[BOOK WARN] Crossed book rejected for AAPL: ask 9609.684412 <= best bid 9999.990673
[BOOK WARN] Crossed book rejected for AAPL: ask 9608.125633 <= best bid 9999.990673
[BOOK WARN] Crossed book rejected for AAPL: ask 9590.225609 <= best bid 9999.990673
[BOOK WARN] Crossed book rejected for AAPL: ask 9591.373680 <= best bid 9999.990673
[BOOK WARN] Crossed book rejected for AAPL: ask 9597.143838 <= best bid 9999.990673
[BOOK WARN] Crossed book rejected for AAPL: ask 9599.413472 <= best bid 9999.990673
[BOOK WARN] Crossed book rejected for AAPL: ask 9593.540664 <= best bid 9999.990673
[BOOK WARN] Crossed book rejected for AAPL: ask 9597.280665 <= best bid 9999.990673
[BOOK WARN] Crossed book rejected for AAPL: ask 9586.377098 <= best bid 9999.990673
[BOOK WARN] Crossed book rejected for AAPL: ask 9595.213925 <= best bid 9999.990673
[BOOK WARN] Crossed book rejected for AAPL: ask 9596.955259 <= best bid 9999.990673
[BOOK WARN] Crossed book rejected for AAPL: ask 9597.782799 <= best bid 9999.990673
[BOOK WARN] Crossed book rejected for AAPL: ask 9606.779522 <= best bid 9999.990673
[BOOK WARN] Crossed book rejected for AAPL: ask 9618.756794 <= best bid 9999.990673
[BOOK WARN] Crossed book rejected for AAPL: ask 9607.529215 <= best bid 9999.990673
[BOOK WARN] Crossed book rejected for AAPL: ask 9595.590810 <= best bid 9999.990673
[BOOK WARN] Crossed book rejected for AAPL: ask 9604.097137 <= best bid 9999.990673
[BOOK WARN] Crossed book rejected for AAPL: ask 9608.999621 <= best bid 9999.990673
[BOOK WARN] Crossed book rejected for AAPL: ask 9614.488488 <= best bid 9999.990673
[BOOK WARN] Crossed book rejected for AAPL: ask 9613.334219 <= best bid 9999.990673
[BOOK WARN] Crossed book rejected for AAPL: ask 9610.630156 <= best bid 9999.990673
[BOOK WARN] Crossed book rejected for AAPL: ask 9613.671011 <= best bid 9999.990673
[BOOK WARN] Crossed book rejected for AAPL: ask 9627.027484 <= best bid 9999.990673
[BOOK WARN] Crossed book rejected for AAPL: ask 9637.479538 <= best bid 9999.990673
[BOOK WARN] Crossed book rejected for AAPL: ask 9636.779840 <= best bid 9999.990673
[BOOK WARN] Crossed book rejected for AAPL: ask 9630.061886 <= best bid 9999.990673
[BOOK WARN] Crossed book rejected for AAPL: ask 9624.595948 <= best bid 9999.990673
[BOOK WARN] Crossed book rejected for AAPL: ask 9617.388820 <= best bid 9999.990673
[BOOK WARN] Crossed book rejected for AAPL: ask 9609.144188 <= best bid 9999.990673
[BOOK WARN] Crossed book rejected for AAPL: ask 9596.713654 <= best bid 9999.990673
[BOOK WARN] Crossed book rejected for AAPL: ask 9603.751442 <= best bid 9999.990673
[BOOK WARN] Crossed book rejected for AAPL: ask 9596.186204 <= best bid 9999.990673
[BOOK WARN] Crossed book rejected for AAPL: ask 9601.784023 <= best bid 9999.990673
[BOOK WARN] Crossed book rejected for AAPL: ask 9578.743987 <= best bid 9999.990673
[BOOK WARN] Crossed book rejected for AAPL: ask 9574.252310 <= best bid 9999.990673
[BOOK WARN] Crossed book rejected for AAPL: ask 9588.047196 <= best bid 9999.990673
[BOOK WARN] Crossed book rejected for AAPL: ask 9575.004694 <= best bid 9999.990673
[BOOK WARN] Crossed book rejected for AAPL: ask 9570.961760 <= best bid 9999.990673
[BOOK WARN] Crossed book rejected for AAPL: ask 9573.184620 <= best bid 9999.990673
[BOOK WARN] Crossed book rejected for AAPL: ask 9578.227954 <= best bid 9999.990673
[BOOK WARN] Crossed book rejected for AAPL: ask 9572.523253 <= best bid 9999.990673
[BOOK WARN] Crossed book rejected for AAPL: ask 9554.865594 <= best bid 9999.990673
[BOOK WARN] Crossed book rejected for AAPL: ask 9551.478501 <= best bid 9999.990673
[BOOK WARN] Crossed book rejected for AAPL: ask 9553.474726 <= best bid 9999.990673
[BOOK WARN] Crossed book rejected for AAPL: ask 9560.447292 <= best bid 9999.990673
[BOOK WARN] Crossed book rejected for AAPL: ask 9569.515958 <= best bid 9999.990673
[BOOK WARN] Crossed book rejected for AAPL: ask 9560.985153 <= best bid 9999.990673
[BOOK WARN] Crossed book rejected for AAPL: ask 9566.539732 <= best bid 9999.990673
[BOOK WARN] Crossed book rejected for AAPL: ask 9563.377054 <= best bid 9999.990673
[BOOK WARN] Crossed book rejected for AAPL: ask 9569.143753 <= best bid 9999.990673
[BOOK WARN] Crossed book rejected for AAPL: ask 9576.960691 <= best bid 9999.990673
[BOOK WARN] Crossed book rejected for AAPL: ask 9597.119988 <= best bid 9999.990673
[BOOK WARN] Crossed book rejected for AAPL: ask 9604.410991 <= best bid 9999.990673
[BOOK WARN] Crossed book rejected for AAPL: ask 9596.719657 <= best bid 9999.990673
[BOOK WARN] Crossed book rejected for AAPL: ask 9597.465592 <= best bid 9999.990673
[BOOK WARN] Crossed book rejected for AAPL: ask 9590.589390 <= best bid 9999.990673
[BOOK WARN] Crossed book rejected for AAPL: ask 9588.120219 <= best bid 9999.990673
[BOOK WARN] Crossed book rejected for AAPL: ask 9590.462689 <= best bid 9999.990673
[BOOK WARN] Crossed book rejected for AAPL: ask 9584.927454 <= best bid 9999.990673
[BOOK WARN] Crossed book rejected for AAPL: ask 9589.079481 <= best bid 9999.990673
[BOOK WARN] Crossed book rejected for AAPL: ask 9584.695694 <= best bid 9999.990673
[BOOK WARN] Crossed book rejected for AAPL: ask 9582.628630 <= best bid 9999.990673
[BOOK WARN] Crossed book rejected for AAPL: ask 9576.134974 <= best bid 9999.990673
[BOOK WARN] Crossed book rejected for AAPL: ask 9556.219159 <= best bid 9999.990673
[BOOK WARN] Crossed book rejected for AAPL: ask 9541.742508 <= best bid 9999.990673
[BOOK WARN] Crossed book rejected for AAPL: ask 9536.901586 <= best bid 9999.990673
[BOOK WARN] Crossed book rejected for AAPL: ask 9539.139361 <= best bid 9999.990673
[BOOK WARN] Crossed book rejected for AAPL: ask 9548.476198 <= best bid 9999.990673
[BOOK WARN] Crossed book rejected for AAPL: ask 9574.439652 <= best bid 9999.990673
[BOOK WARN] Crossed book rejected for AAPL: ask 9573.490438 <= best bid 9999.990673
[BOOK WARN] Crossed book rejected for AAPL: ask 9577.585783 <= best bid 9999.990673
[BOOK WARN] Crossed book rejected for AAPL: ask 9598.827378 <= best bid 9999.990673
[BOOK WARN] Crossed book rejected for AAPL: ask 9590.087674 <= best bid 9999.990673
[BOOK WARN] Crossed book rejected for AAPL: ask 9607.113205 <= best bid 9999.990673
[BOOK WARN] Crossed book rejected for AAPL: ask 9591.612187 <= best bid 9999.990673
[BOOK WARN] Crossed book rejected for AAPL: ask 9583.509661 <= best bid 9999.990673
[BOOK WARN] Crossed book rejected for AAPL: ask 9584.546804 <= best bid 9999.990673
[BOOK WARN] Crossed book rejected for AAPL: ask 9584.427688 <= best bid 9999.990673
[BOOK WARN] Crossed book rejected for AAPL: ask 9590.426197 <= best bid 9999.990673
[BOOK WARN] Crossed book rejected for AAPL: ask 9606.461308 <= best bid 9999.990673
[BOOK WARN] Crossed book rejected for AAPL: ask 9610.434700 <= best bid 9999.990673
[BOOK WARN] Crossed book rejected for AAPL: ask 9621.280393 <= best bid 9999.990673
[BOOK WARN] Crossed book rejected for AAPL: ask 9632.594143 <= best bid 9999.990673
[BOOK WARN] Crossed book rejected for AAPL: ask 9641.206843 <= best bid 9999.990673
[BOOK WARN] Crossed book rejected for AAPL: ask 9643.186900 <= best bid 9999.990673
[BOOK WARN] Crossed book rejected for AAPL: ask 9661.436827 <= best bid 9999.990673
[BOOK WARN] Crossed book rejected for AAPL: ask 9656.603502 <= best bid 9999.990673
[BOOK WARN] Crossed book rejected for AAPL: ask 9669.430998 <= best bid 9999.990673
[BOOK WARN] Crossed book rejected for AAPL: ask 9661.567538 <= best bid 9999.990673
[BOOK WARN] Crossed book rejected for AAPL: ask 9670.721886 <= best bid 9999.990673
[BOOK WARN] Crossed book rejected for AAPL: ask 9680.071477 <= best bid 9999.990673
[BOOK WARN] Crossed book rejected for AAPL: ask 9677.945988 <= best bid 9999.990673
[BOOK WARN] Crossed book rejected for AAPL: ask 9673.122337 <= best bid 9999.990673
[BOOK WARN] Crossed book rejected for AAPL: ask 9669.423482 <= best bid 9999.990673
[BOOK WARN] Crossed book rejected for AAPL: ask 9661.482502 <= best bid 9999.990673
[BOOK WARN] Crossed book rejected for AAPL: ask 9647.072991 <= best bid 9999.990673
[BOOK WARN] Crossed book rejected for AAPL: ask 9633.982582 <= best bid 9999.990673
[BOOK WARN] Crossed book rejected for AAPL: ask 9628.623112 <= best bid 9999.990673
[BOOK WARN] Crossed book rejected for AAPL: ask 9623.889105 <= best bid 9999.990673
[BOOK WARN] Crossed book rejected for AAPL: ask 9607.205468 <= best bid 9999.990673
[BOOK WARN] Crossed book rejected for AAPL: ask 9606.773344 <= best bid 9999.990673
[BOOK WARN] Crossed book rejected for AAPL: ask 9604.379480 <= best bid 9999.990673
[BOOK WARN] Crossed book rejected for AAPL: ask 9598.219715 <= best bid 9999.990673
[BOOK WARN] Crossed book rejected for AAPL: ask 9606.603827 <= best bid 9999.990673
[BOOK WARN] Crossed book rejected for AAPL: ask 9614.139016 <= best bid 9999.990673
[BOOK WARN] Crossed book rejected for AAPL: ask 9631.776277 <= best bid 9999.990673
[BOOK WARN] Crossed book rejected for AAPL: ask 9619.497202 <= best bid 9999.990673
[BOOK WARN] Crossed book rejected for AAPL: ask 9624.638965 <= best bid 9999.990673
[BOOK WARN] Crossed book rejected for AAPL: ask 9617.151893 <= best bid 9999.990673
[BOOK WARN] Crossed book rejected for AAPL: ask 9619.297242 <= best bid 9999.990673
[BOOK WARN] Crossed book rejected for AAPL: ask 9615.008511 <= best bid 9999.990673
[BOOK WARN] Crossed book rejected for AAPL: ask 9622.191237 <= best bid 9999.990673
[BOOK WARN] Crossed book rejected for AAPL: ask 9612.329437 <= best bid 9999.990673
[BOOK WARN] Crossed book rejected for AAPL: ask 9618.052685 <= best bid 9999.990673
[BOOK WARN] Crossed book rejected for AAPL: ask 9618.382290 <= best bid 9999.990673
[BOOK WARN] Crossed book rejected for AAPL: ask 9606.840653 <= best bid 9999.990673
[BOOK WARN] Crossed book rejected for AAPL: ask 9616.231273 <= best bid 9999.990673
[BOOK WARN] Crossed book rejected for AAPL: ask 9614.847070 <= best bid 9999.990673
[BOOK WARN] Crossed book rejected for AAPL: ask 9602.664957 <= best bid 9999.990673
[BOOK WARN] Crossed book rejected for AAPL: ask 9599.981300 <= best bid 9999.990673
[BOOK WARN] Crossed book rejected for AAPL: ask 9607.737103 <= best bid 9999.990673
[BOOK WARN] Crossed book rejected for AAPL: ask 9602.814758 <= best bid 9999.990673
[BOOK WARN] Crossed book rejected for AAPL: ask 9602.445704 <= best bid 9999.990673
[BOOK WARN] Crossed book rejected for AAPL: ask 9598.694607 <= best bid 9999.990673
[BOOK WARN] Crossed book rejected for AAPL: ask 9598.708791 <= best bid 9999.990673
[BOOK WARN] Crossed book rejected for AAPL: ask 9608.608705 <= best bid 9999.990673
[BOOK WARN] Crossed book rejected for AAPL: ask 9635.841675 <= best bid 9999.990673
[BOOK WARN] Crossed book rejected for AAPL: ask 9638.680495 <= best bid 9999.990673
[BOOK WARN] Crossed book rejected for AAPL: ask 9625.393752 <= best bid 9999.990673
[BOOK WARN] Crossed book rejected for AAPL: ask 9626.073062 <= best bid 9999.990673
[BOOK WARN] Crossed book rejected for AAPL: ask 9640.959677 <= best bid 9999.990673
[BOOK WARN] Crossed book rejected for AAPL: ask 9651.944692 <= best bid 9999.990673
[BOOK WARN] Crossed book rejected for AAPL: ask 9658.049432 <= best bid 9999.990673
[BOOK WARN] Crossed book rejected for AAPL: ask 9655.867965 <= best bid 9999.990673
[BOOK WARN] Crossed book rejected for AAPL: ask 9673.217031 <= best bid 9999.990673
[BOOK WARN] Crossed book rejected for AAPL: ask 9653.532990 <= best bid 9999.990673
[BOOK WARN] Crossed book rejected for AAPL: ask 9645.004637 <= best bid 9999.990673
[BOOK WARN] Crossed book rejected for AAPL: ask 9647.720491 <= best bid 9999.990673
[BOOK WARN] Crossed book rejected for AAPL: ask 9644.555542 <= best bid 9999.990673
[BOOK WARN] Crossed book rejected for AAPL: ask 9637.189590 <= best bid 9999.990673
[BOOK WARN] Crossed book rejected for AAPL: ask 9652.089472 <= best bid 9999.990673
[BOOK WARN] Crossed book rejected for AAPL: ask 9647.407451 <= best bid 9999.990673
[BOOK WARN] Crossed book rejected for AAPL: ask 9638.368863 <= best bid 9999.990673
[BOOK WARN] Crossed book rejected for AAPL: ask 9665.734368 <= best bid 9999.990673
[BOOK WARN] Crossed book rejected for AAPL: ask 9678.360556 <= best bid 9999.990673
[BOOK WARN] Crossed book rejected for AAPL: ask 9669.349086 <= best bid 9999.990673
[BOOK WARN] Crossed book rejected for AAPL: ask 9684.447260 <= best bid 9999.990673
[BOOK WARN] Crossed book rejected for AAPL: ask 9690.609461 <= best bid 9999.990673
[BOOK WARN] Crossed book rejected for AAPL: ask 9701.342643 <= best bid 9999.990673
[BOOK WARN] Crossed book rejected for AAPL: ask 9709.652082 <= best bid 9999.990673
[BOOK WARN] Crossed book rejected for AAPL: ask 9698.763006 <= best bid 9999.990673
[BOOK WARN] Crossed book rejected for AAPL: ask 9706.071454 <= best bid 9999.990673
[BOOK WARN] Crossed book rejected for AAPL: ask 9717.122434 <= best bid 9999.990673
[BOOK WARN] Crossed book rejected for AAPL: ask 9715.120923 <= best bid 9999.990673
[BOOK WARN] Crossed book rejected for AAPL: ask 9723.362420 <= best bid 9999.990673
[BOOK WARN] Crossed book rejected for AAPL: ask 9713.632459 <= best bid 9999.990673
[BOOK WARN] Crossed book rejected for AAPL: ask 9704.456459 <= best bid 9999.990673
[BOOK WARN] Crossed book rejected for AAPL: ask 9694.054786 <= best bid 9999.990673
[BOOK WARN] Crossed book rejected for AAPL: ask 9708.567752 <= best bid 9999.990673
[BOOK WARN] Crossed book rejected for AAPL: ask 9701.055431 <= best bid 9999.990673
[BOOK WARN] Crossed book rejected for AAPL: ask 9698.902877 <= best bid 9999.990673
[BOOK WARN] Crossed book rejected for AAPL: ask 9693.965518 <= best bid 9999.990673
[BOOK WARN] Crossed book rejected for AAPL: ask 9693.634485 <= best bid 9999.990673
[BOOK WARN] Crossed book rejected for AAPL: ask 9700.895631 <= best bid 9999.990673
[BOOK WARN] Crossed book rejected for AAPL: ask 9693.423462 <= best bid 9999.990673
[BOOK WARN] Crossed book rejected for AAPL: ask 9670.830226 <= best bid 9999.990673
[BOOK WARN] Crossed book rejected for AAPL: ask 9666.115985 <= best bid 9999.990673
[BOOK WARN] Crossed book rejected for AAPL: ask 9663.153153 <= best bid 9999.990673
[BOOK WARN] Crossed book rejected for AAPL: ask 9652.531076 <= best bid 9999.990673
[BOOK WARN] Crossed book rejected for AAPL: ask 9632.778369 <= best bid 9999.990673
[BOOK WARN] Crossed book rejected for AAPL: ask 9637.756851 <= best bid 9999.990673
[BOOK WARN] Crossed book rejected for AAPL: ask 9638.814592 <= best bid 9999.990673
[BOOK WARN] Crossed book rejected for AAPL: ask 9646.263381 <= best bid 9999.990673
[BOOK WARN] Crossed book rejected for AAPL: ask 9641.144048 <= best bid 9999.990673
[BOOK WARN] Crossed book rejected for AAPL: ask 9635.372117 <= best bid 9999.990673
[BOOK WARN] Crossed book rejected for AAPL: ask 9643.793917 <= best bid 9999.990673
[BOOK WARN] Crossed book rejected for AAPL: ask 9648.620099 <= best bid 9999.990673
[BOOK WARN] Crossed book rejected for AAPL: ask 9647.360814 <= best bid 9999.990673
[BOOK WARN] Crossed book rejected for AAPL: ask 9640.431223 <= best bid 9999.990673
[BOOK WARN] Crossed book rejected for AAPL: ask 9636.511984 <= best bid 9999.990673
[BOOK WARN] Crossed book rejected for AAPL: ask 9622.400377 <= best bid 9999.990673
[BOOK WARN] Crossed book rejected for AAPL: ask 9599.979994 <= best bid 9999.990673
[BOOK WARN] Crossed book rejected for AAPL: ask 9603.813928 <= best bid 9999.990673
[BOOK WARN] Crossed book rejected for AAPL: ask 9595.329035 <= best bid 9999.990673
[BOOK WARN] Crossed book rejected for AAPL: ask 9588.851643 <= best bid 9999.990673
[BOOK WARN] Crossed book rejected for AAPL: ask 9595.292612 <= best bid 9999.990673
[BOOK WARN] Crossed book rejected for AAPL: ask 9593.874526 <= best bid 9999.990673
[BOOK WARN] Crossed book rejected for AAPL: ask 9601.454923 <= best bid 9999.990673
[BOOK WARN] Crossed book rejected for AAPL: ask 9600.988808 <= best bid 9999.990673
[BOOK WARN] Crossed book rejected for AAPL: ask 9608.672076 <= best bid 9999.990673
[BOOK WARN] Crossed book rejected for AAPL: ask 9619.819784 <= best bid 9999.990673
[BOOK WARN] Crossed book rejected for AAPL: ask 9614.905133 <= best bid 9999.990673
[BOOK WARN] Crossed book rejected for AAPL: ask 9621.263848 <= best bid 9999.990673
[BOOK WARN] Crossed book rejected for AAPL: ask 9622.458317 <= best bid 9999.990673
[BOOK WARN] Crossed book rejected for AAPL: ask 9627.441257 <= best bid 9999.990673
[BOOK WARN] Crossed book rejected for AAPL: ask 9617.885309 <= best bid 9999.990673
[BOOK WARN] Crossed book rejected for AAPL: ask 9606.055579 <= best bid 9999.990673
[BOOK WARN] Crossed book rejected for AAPL: ask 9592.277010 <= best bid 9999.990673
[BOOK WARN] Crossed book rejected for AAPL: ask 9595.040065 <= best bid 9999.990673
[BOOK WARN] Crossed book rejected for AAPL: ask 9585.235854 <= best bid 9999.990673
[BOOK WARN] Crossed book rejected for AAPL: ask 9576.186590 <= best bid 9999.990673
[BOOK WARN] Crossed book rejected for AAPL: ask 9562.027920 <= best bid 9999.990673
[BOOK WARN] Crossed book rejected for AAPL: ask 9573.015688 <= best bid 9999.990673
[BOOK WARN] Crossed book rejected for AAPL: ask 9564.365962 <= best bid 9999.990673
[BOOK WARN] Crossed book rejected for AAPL: ask 9549.241390 <= best bid 9999.990673
[BOOK WARN] Crossed book rejected for AAPL: ask 9552.327845 <= best bid 9999.990673
[BOOK WARN] Crossed book rejected for AAPL: ask 9544.764313 <= best bid 9999.990673
[BOOK WARN] Crossed book rejected for AAPL: ask 9527.056047 <= best bid 9999.990673
[BOOK WARN] Crossed book rejected for AAPL: ask 9518.584714 <= best bid 9999.990673
[BOOK WARN] Crossed book rejected for AAPL: ask 9520.762911 <= best bid 9999.990673
[BOOK WARN] Crossed book rejected for AAPL: ask 9509.138047 <= best bid 9999.990673
[BOOK WARN] Crossed book rejected for AAPL: ask 9508.264730 <= best bid 9999.990673
[BOOK WARN] Crossed book rejected for AAPL: ask 9508.074779 <= best bid 9999.990673
[BOOK WARN] Crossed book rejected for AAPL: ask 9527.856299 <= best bid 9999.990673
[BOOK WARN] Crossed book rejected for AAPL: ask 9527.409760 <= best bid 9999.990673
[BOOK WARN] Crossed book rejected for AAPL: ask 9535.751535 <= best bid 9999.990673
[BOOK WARN] Crossed book rejected for AAPL: ask 9523.106499 <= best bid 9999.990673
[BOOK WARN] Crossed book rejected for AAPL: ask 9522.063584 <= best bid 9999.990673
[BOOK WARN] Crossed book rejected for AAPL: ask 9531.001313 <= best bid 9999.990673
[BOOK WARN] Crossed book rejected for AAPL: ask 9534.089461 <= best bid 9999.990673
[BOOK WARN] Crossed book rejected for AAPL: ask 9523.532870 <= best bid 9999.990673
[BOOK WARN] Crossed book rejected for AAPL: ask 9519.580382 <= best bid 9999.990673
[BOOK WARN] Crossed book rejected for AAPL: ask 9511.666930 <= best bid 9999.990673
[BOOK WARN] Crossed book rejected for AAPL: ask 9491.611443 <= best bid 9999.990673
[BOOK WARN] Crossed book rejected for AAPL: ask 9491.267507 <= best bid 9999.990673
[BOOK WARN] Crossed book rejected for AAPL: ask 9482.729807 <= best bid 9999.990673
[BOOK WARN] Crossed book rejected for AAPL: ask 9480.341116 <= best bid 9999.990673
[BOOK WARN] Crossed book rejected for AAPL: ask 9487.988686 <= best bid 9999.990673
[BOOK WARN] Crossed book rejected for AAPL: ask 9478.796269 <= best bid 9999.990673
[BOOK WARN] Crossed book rejected for AAPL: ask 9488.291381 <= best bid 9999.990673
[BOOK WARN] Crossed book rejected for AAPL: ask 9500.168384 <= best bid 9999.990673
[BOOK WARN] Crossed book rejected for AAPL: ask 9506.942713 <= best bid 9999.990673
[BOOK WARN] Crossed book rejected for AAPL: ask 9501.822244 <= best bid 9999.990673
[BOOK WARN] Crossed book rejected for AAPL: ask 9506.121667 <= best bid 9999.990673
[BOOK WARN] Crossed book rejected for AAPL: ask 9495.012462 <= best bid 9999.990673
[BOOK WARN] Crossed book rejected for AAPL: ask 9486.041231 <= best bid 9999.990673
[BOOK WARN] Crossed book rejected for AAPL: ask 9494.619827 <= best bid 9999.990673
[BOOK WARN] Crossed book rejected for AAPL: ask 9499.138657 <= best bid 9999.990673
[BOOK WARN] Crossed book rejected for AAPL: ask 9513.676748 <= best bid 9999.990673
[BOOK WARN] Crossed book rejected for AAPL: ask 9527.859532 <= best bid 9999.990673
[BOOK WARN] Crossed book rejected for AAPL: ask 9533.830191 <= best bid 9999.990673
[BOOK WARN] Crossed book rejected for AAPL: ask 9533.395822 <= best bid 9999.990673
[BOOK WARN] Crossed book rejected for AAPL: ask 9528.254985 <= best bid 9999.990673
[BOOK WARN] Crossed book rejected for AAPL: ask 9524.566709 <= best bid 9999.990673
[BOOK WARN] Crossed book rejected for AAPL: ask 9522.756108 <= best bid 9999.990673
[BOOK WARN] Crossed book rejected for AAPL: ask 9539.261924 <= best bid 9999.990673
[BOOK WARN] Crossed book rejected for AAPL: ask 9541.815065 <= best bid 9999.990673
[BOOK WARN] Crossed book rejected for AAPL: ask 9540.664233 <= best bid 9999.990673
[BOOK WARN] Crossed book rejected for AAPL: ask 9548.357670 <= best bid 9999.990673
[BOOK WARN] Crossed book rejected for AAPL: ask 9559.162624 <= best bid 9999.990673
[BOOK WARN] Crossed book rejected for AAPL: ask 9574.550938 <= best bid 9999.990673
[BOOK WARN] Crossed book rejected for AAPL: ask 9589.397194 <= best bid 9999.990673
[BOOK WARN] Crossed book rejected for AAPL: ask 9589.997944 <= best bid 9999.990673
[BOOK WARN] Crossed book rejected for AAPL: ask 9589.464580 <= best bid 9999.990673
[BOOK WARN] Crossed book rejected for AAPL: ask 9590.579068 <= best bid 9999.990673
[BOOK WARN] Crossed book rejected for AAPL: ask 9595.788107 <= best bid 9999.990673
[BOOK WARN] Crossed book rejected for AAPL: ask 9603.285807 <= best bid 9999.990673
[BOOK WARN] Crossed book rejected for AAPL: ask 9596.607433 <= best bid 9999.990673
[BOOK WARN] Crossed book rejected for AAPL: ask 9572.622828 <= best bid 9999.990673
[BOOK WARN] Crossed book rejected for AAPL: ask 9580.628030 <= best bid 9999.990673
[BOOK WARN] Crossed book rejected for AAPL: ask 9572.496307 <= best bid 9999.990673
[BOOK WARN] Crossed book rejected for AAPL: ask 9578.385817 <= best bid 9999.990673
[BOOK WARN] Crossed book rejected for AAPL: ask 9598.344400 <= best bid 9999.990673
[BOOK WARN] Crossed book rejected for AAPL: ask 9591.072075 <= best bid 9999.990673
[BOOK WARN] Crossed book rejected for AAPL: ask 9607.104614 <= best bid 9999.990673
[BOOK WARN] Crossed book rejected for AAPL: ask 9610.125756 <= best bid 9999.990673
[BOOK WARN] Crossed book rejected for AAPL: ask 9591.305349 <= best bid 9999.990673
[BOOK WARN] Crossed book rejected for AAPL: ask 9592.572129 <= best bid 9999.990673
[BOOK WARN] Crossed book rejected for AAPL: ask 9609.148224 <= best bid 9999.990673
[BOOK WARN] Crossed book rejected for AAPL: ask 9613.611628 <= best bid 9999.990673
[BOOK WARN] Crossed book rejected for AAPL: ask 9618.500195 <= best bid 9999.990673
[BOOK WARN] Crossed book rejected for AAPL: ask 9633.416708 <= best bid 9999.990673
[BOOK WARN] Crossed book rejected for AAPL: ask 9648.403267 <= best bid 9999.990673
[BOOK WARN] Crossed book rejected for AAPL: ask 9637.271254 <= best bid 9999.990673
[BOOK WARN] Crossed book rejected for AAPL: ask 9630.863687 <= best bid 9999.990673
[BOOK WARN] Crossed book rejected for AAPL: ask 9630.314826 <= best bid 9999.990673
[BOOK WARN] Crossed book rejected for AAPL: ask 9632.857177 <= best bid 9999.990673
[BOOK WARN] Crossed book rejected for AAPL: ask 9650.431408 <= best bid 9999.990673
[BOOK WARN] Crossed book rejected for AAPL: ask 9656.973155 <= best bid 9999.990673
[BOOK WARN] Crossed book rejected for AAPL: ask 9641.983564 <= best bid 9999.990673
[BOOK WARN] Crossed book rejected for AAPL: ask 9635.776984 <= best bid 9999.990673
[BOOK WARN] Crossed book rejected for AAPL: ask 9639.029279 <= best bid 9999.990673
[BOOK WARN] Crossed book rejected for AAPL: ask 9627.724344 <= best bid 9999.990673
[BOOK WARN] Crossed book rejected for AAPL: ask 9640.236515 <= best bid 9999.990673
[BOOK WARN] Crossed book rejected for AAPL: ask 9645.466635 <= best bid 9999.990673
[BOOK WARN] Crossed book rejected for AAPL: ask 9659.730070 <= best bid 9999.990673
[BOOK WARN] Crossed book rejected for AAPL: ask 9658.060288 <= best bid 9999.990673
[BOOK WARN] Crossed book rejected for AAPL: ask 9665.649943 <= best bid 9999.990673
[BOOK WARN] Crossed book rejected for AAPL: ask 9653.641544 <= best bid 9999.990673
[BOOK WARN] Crossed book rejected for AAPL: ask 9650.128749 <= best bid 9999.990673
[BOOK WARN] Crossed book rejected for AAPL: ask 9654.301804 <= best bid 9999.990673
[BOOK WARN] Crossed book rejected for AAPL: ask 9648.933646 <= best bid 9999.990673
[BOOK WARN] Crossed book rejected for AAPL: ask 9647.604268 <= best bid 9999.990673
[BOOK WARN] Crossed book rejected for AAPL: ask 9644.253588 <= best bid 9999.990673
[BOOK WARN] Crossed book rejected for AAPL: ask 9628.481490 <= best bid 9999.990673
[BOOK WARN] Crossed book rejected for AAPL: ask 9620.448205 <= best bid 9999.990673
[BOOK WARN] Crossed book rejected for AAPL: ask 9624.640311 <= best bid 9999.990673
[BOOK WARN] Crossed book rejected for AAPL: ask 9608.320997 <= best bid 9999.990673
[BOOK WARN] Crossed book rejected for AAPL: ask 9613.322931 <= best bid 9999.990673
[BOOK WARN] Crossed book rejected for AAPL: ask 9616.559950 <= best bid 9999.990673
[BOOK WARN] Crossed book rejected for AAPL: ask 9607.575539 <= best bid 9999.990673
[BOOK WARN] Crossed book rejected for AAPL: ask 9601.490090 <= best bid 9999.990673
[BOOK WARN] Crossed book rejected for AAPL: ask 9604.223379 <= best bid 9999.990673
[BOOK WARN] Crossed book rejected for AAPL: ask 9596.851001 <= best bid 9999.990673
[BOOK WARN] Crossed book rejected for AAPL: ask 9600.075557 <= best bid 9999.990673
[BOOK WARN] Crossed book rejected for AAPL: ask 9598.365056 <= best bid 9999.990673
[BOOK WARN] Crossed book rejected for AAPL: ask 9596.231668 <= best bid 9999.990673
[BOOK WARN] Crossed book rejected for AAPL: ask 9610.939731 <= best bid 9999.990673
[BOOK WARN] Crossed book rejected for AAPL: ask 9603.223624 <= best bid 9999.990673
[BOOK WARN] Crossed book rejected for AAPL: ask 9591.517388 <= best bid 9999.990673
[BOOK WARN] Crossed book rejected for AAPL: ask 9591.337333 <= best bid 9999.990673
[BOOK WARN] Crossed book rejected for AAPL: ask 9607.162436 <= best bid 9999.990673
[BOOK WARN] Crossed book rejected for AAPL: ask 9603.675945 <= best bid 9999.990673
[BOOK WARN] Crossed book rejected for AAPL: ask 9605.503105 <= best bid 9999.990673
[BOOK WARN] Crossed book rejected for AAPL: ask 9610.087191 <= best bid 9999.990673
[BOOK WARN] Crossed book rejected for AAPL: ask 9624.726496 <= best bid 9999.990673
[BOOK WARN] Crossed book rejected for AAPL: ask 9627.476825 <= best bid 9999.990673
[BOOK WARN] Crossed book rejected for AAPL: ask 9636.517222 <= best bid 9999.990673
[BOOK WARN] Crossed book rejected for AAPL: ask 9639.102530 <= best bid 9999.990673
[BOOK WARN] Crossed book rejected for AAPL: ask 9649.445207 <= best bid 9999.990673
[BOOK WARN] Crossed book rejected for AAPL: ask 9635.277249 <= best bid 9999.990673
[BOOK WARN] Crossed book rejected for AAPL: ask 9642.603259 <= best bid 9999.990673
[BOOK WARN] Crossed book rejected for AAPL: ask 9636.173829 <= best bid 9999.990673
[BOOK WARN] Crossed book rejected for AAPL: ask 9623.607992 <= best bid 9999.990673
[BOOK WARN] Crossed book rejected for AAPL: ask 9625.046819 <= best bid 9999.990673
[BOOK WARN] Crossed book rejected for AAPL: ask 9621.193150 <= best bid 9999.990673
[BOOK WARN] Crossed book rejected for AAPL: ask 9621.694056 <= best bid 9999.990673
[BOOK WARN] Crossed book rejected for AAPL: ask 9606.223044 <= best bid 9999.990673
[BOOK WARN] Crossed book rejected for AAPL: ask 9616.739461 <= best bid 9999.990673
[BOOK WARN] Crossed book rejected for AAPL: ask 9624.516339 <= best bid 9999.990673
[BOOK WARN] Crossed book rejected for AAPL: ask 9642.238284 <= best bid 9999.990673
[BOOK WARN] Crossed book rejected for AAPL: ask 9644.596794 <= best bid 9999.990673
[BOOK WARN] Crossed book rejected for AAPL: ask 9648.165901 <= best bid 9999.990673
[BOOK WARN] Crossed book rejected for AAPL: ask 9658.139090 <= best bid 9999.990673
[BOOK WARN] Crossed book rejected for AAPL: ask 9665.814409 <= best bid 9999.990673
[BOOK WARN] Crossed book rejected for AAPL: ask 9675.040080 <= best bid 9999.990673
[BOOK WARN] Crossed book rejected for AAPL: ask 9672.517956 <= best bid 9999.990673
[BOOK WARN] Crossed book rejected for AAPL: ask 9670.885718 <= best bid 9999.990673
[BOOK WARN] Crossed book rejected for AAPL: ask 9684.917598 <= best bid 9999.990673
[BOOK WARN] Crossed book rejected for AAPL: ask 9683.308339 <= best bid 9999.990673
[BOOK WARN] Crossed book rejected for AAPL: ask 9687.328742 <= best bid 9999.990673
[BOOK WARN] Crossed book rejected for AAPL: ask 9681.870173 <= best bid 9999.990673
[BOOK WARN] Crossed book rejected for AAPL: ask 9683.030945 <= best bid 9999.990673
[BOOK WARN] Crossed book rejected for AAPL: ask 9683.231898 <= best bid 9999.990673
[BOOK WARN] Crossed book rejected for AAPL: ask 9678.919696 <= best bid 9999.990673
[BOOK WARN] Crossed book rejected for AAPL: ask 9676.206233 <= best bid 9999.990673
[BOOK WARN] Crossed book rejected for AAPL: ask 9659.259945 <= best bid 9999.990673
[BOOK WARN] Crossed book rejected for AAPL: ask 9674.973119 <= best bid 9999.990673
[BOOK WARN] Crossed book rejected for AAPL: ask 9677.215180 <= best bid 9999.990673
[BOOK WARN] Crossed book rejected for AAPL: ask 9676.411834 <= best bid 9999.990673
[BOOK WARN] Crossed book rejected for AAPL: ask 9676.116064 <= best bid 9999.990673
[BOOK WARN] Crossed book rejected for AAPL: ask 9662.552678 <= best bid 9999.990673
[BOOK WARN] Crossed book rejected for AAPL: ask 9679.927131 <= best bid 9999.990673
[BOOK WARN] Crossed book rejected for AAPL: ask 9670.861444 <= best bid 9999.990673
[BOOK WARN] Crossed book rejected for AAPL: ask 9669.917296 <= best bid 9999.990673
[BOOK WARN] Crossed book rejected for AAPL: ask 9660.310391 <= best bid 9999.990673
[BOOK WARN] Crossed book rejected for AAPL: ask 9675.627633 <= best bid 9999.990673
[BOOK WARN] Crossed book rejected for AAPL: ask 9682.541233 <= best bid 9999.990673
[BOOK WARN] Crossed book rejected for AAPL: ask 9686.057499 <= best bid 9999.990673
[BOOK WARN] Crossed book rejected for AAPL: ask 9687.600984 <= best bid 9999.990673
[BOOK WARN] Crossed book rejected for AAPL: ask 9690.264760 <= best bid 9999.990673
[BOOK WARN] Crossed book rejected for AAPL: ask 9693.815801 <= best bid 9999.990673
[BOOK WARN] Crossed book rejected for AAPL: ask 9702.441622 <= best bid 9999.990673
[BOOK WARN] Crossed book rejected for AAPL: ask 9701.825085 <= best bid 9999.990673
[BOOK WARN] Crossed book rejected for AAPL: ask 9681.527265 <= best bid 9999.990673
[BOOK WARN] Crossed book rejected for AAPL: ask 9687.826310 <= best bid 9999.990673
[BOOK WARN] Crossed book rejected for AAPL: ask 9695.428507 <= best bid 9999.990673
[BOOK WARN] Crossed book rejected for AAPL: ask 9707.596124 <= best bid 9999.990673
[BOOK WARN] Crossed book rejected for AAPL: ask 9705.707461 <= best bid 9999.990673
[BOOK WARN] Crossed book rejected for AAPL: ask 9710.093758 <= best bid 9999.990673
[BOOK WARN] Crossed book rejected for AAPL: ask 9711.178179 <= best bid 9999.990673
[BOOK WARN] Crossed book rejected for AAPL: ask 9712.310815 <= best bid 9999.990673
[BOOK WARN] Crossed book rejected for AAPL: ask 9715.405178 <= best bid 9999.990673
[BOOK WARN] Crossed book rejected for AAPL: ask 9719.220185 <= best bid 9999.990673
[BOOK WARN] Crossed book rejected for AAPL: ask 9718.397289 <= best bid 9999.990673
[BOOK WARN] Crossed book rejected for AAPL: ask 9705.872160 <= best bid 9999.990673
[BOOK WARN] Crossed book rejected for AAPL: ask 9708.606146 <= best bid 9999.990673
[BOOK WARN] Crossed book rejected for AAPL: ask 9718.669812 <= best bid 9999.990673
[BOOK WARN] Crossed book rejected for AAPL: ask 9713.215551 <= best bid 9999.990673
[BOOK WARN] Crossed book rejected for AAPL: ask 9714.498520 <= best bid 9999.990673
[BOOK WARN] Crossed book rejected for AAPL: ask 9707.917198 <= best bid 9999.990673
[BOOK WARN] Crossed book rejected for AAPL: ask 9708.217465 <= best bid 9999.990673
[BOOK WARN] Crossed book rejected for AAPL: ask 9712.776897 <= best bid 9999.990673
[BOOK WARN] Crossed book rejected for AAPL: ask 9693.762328 <= best bid 9999.990673
[BOOK WARN] Crossed book rejected for AAPL: ask 9686.691672 <= best bid 9999.990673
[BOOK WARN] Crossed book rejected for AAPL: ask 9687.343104 <= best bid 9999.990673
[BOOK WARN] Crossed book rejected for AAPL: ask 9689.081983 <= best bid 9999.990673
[BOOK WARN] Crossed book rejected for AAPL: ask 9692.896817 <= best bid 9999.990673
[BOOK WARN] Crossed book rejected for AAPL: ask 9683.694873 <= best bid 9999.990673
[BOOK WARN] Crossed book rejected for AAPL: ask 9694.626759 <= best bid 9999.990673
[BOOK WARN] Crossed book rejected for AAPL: ask 9671.559913 <= best bid 9999.990673
[BOOK WARN] Crossed book rejected for AAPL: ask 9669.078925 <= best bid 9999.990673
[BOOK WARN] Crossed book rejected for AAPL: ask 9664.771448 <= best bid 9999.990673
[BOOK WARN] Crossed book rejected for AAPL: ask 9651.610050 <= best bid 9999.990673
[BOOK WARN] Crossed book rejected for AAPL: ask 9642.292802 <= best bid 9999.990673
[BOOK WARN] Crossed book rejected for AAPL: ask 9628.367052 <= best bid 9999.990673
[BOOK WARN] Crossed book rejected for AAPL: ask 9623.721467 <= best bid 9999.990673
[BOOK WARN] Crossed book rejected for AAPL: ask 9603.935611 <= best bid 9999.990673
[BOOK WARN] Crossed book rejected for AAPL: ask 9599.378820 <= best bid 9999.990673
[BOOK WARN] Crossed book rejected for AAPL: ask 9611.892313 <= best bid 9999.990673
[BOOK WARN] Crossed book rejected for AAPL: ask 9608.907351 <= best bid 9999.990673
[BOOK WARN] Crossed book rejected for AAPL: ask 9619.368491 <= best bid 9999.990673
[BOOK WARN] Crossed book rejected for AAPL: ask 9614.433768 <= best bid 9999.990673
[BOOK WARN] Crossed book rejected for AAPL: ask 9599.341521 <= best bid 9999.990673
[BOOK WARN] Crossed book rejected for AAPL: ask 9613.312337 <= best bid 9999.990673
[BOOK WARN] Crossed book rejected for AAPL: ask 9607.927390 <= best bid 9999.990673
[BOOK WARN] Crossed book rejected for AAPL: ask 9603.938362 <= best bid 9999.990673
[BOOK WARN] Crossed book rejected for AAPL: ask 9606.762795 <= best bid 9999.990673
[BOOK WARN] Crossed book rejected for AAPL: ask 9591.326113 <= best bid 9999.990673
[BOOK WARN] Crossed book rejected for AAPL: ask 9575.542889 <= best bid 9999.990673
[BOOK WARN] Crossed book rejected for AAPL: ask 9582.250240 <= best bid 9999.990673
[BOOK WARN] Crossed book rejected for AAPL: ask 9583.723893 <= best bid 9999.990673
[BOOK WARN] Crossed book rejected for AAPL: ask 9591.970396 <= best bid 9999.990673
[BOOK WARN] Crossed book rejected for AAPL: ask 9584.548678 <= best bid 9999.990673
[BOOK WARN] Crossed book rejected for AAPL: ask 9581.582392 <= best bid 9999.990673
[BOOK WARN] Crossed book rejected for AAPL: ask 9602.946914 <= best bid 9999.990673
[BOOK WARN] Crossed book rejected for AAPL: ask 9598.000475 <= best bid 9999.990673
[BOOK WARN] Crossed book rejected for AAPL: ask 9601.616572 <= best bid 9999.990673
[BOOK WARN] Crossed book rejected for AAPL: ask 9595.013401 <= best bid 9999.990673
[BOOK WARN] Crossed book rejected for AAPL: ask 9586.479963 <= best bid 9999.990673
[BOOK WARN] Crossed book rejected for AAPL: ask 9591.742984 <= best bid 9999.990673
[BOOK WARN] Crossed book rejected for AAPL: ask 9601.794454 <= best bid 9999.990673
[BOOK WARN] Crossed book rejected for AAPL: ask 9596.555531 <= best bid 9999.990673
[BOOK WARN] Crossed book rejected for AAPL: ask 9597.251121 <= best bid 9999.990673
[BOOK WARN] Crossed book rejected for AAPL: ask 9595.974782 <= best bid 9999.990673
[BOOK WARN] Crossed book rejected for AAPL: ask 9605.456900 <= best bid 9999.990673
[BOOK WARN] Crossed book rejected for AAPL: ask 9595.056774 <= best bid 9999.990673
[BOOK WARN] Crossed book rejected for AAPL: ask 9587.096018 <= best bid 9999.990673
[BOOK WARN] Crossed book rejected for AAPL: ask 9578.100653 <= best bid 9999.990673
[BOOK WARN] Crossed book rejected for AAPL: ask 9568.008904 <= best bid 9999.990673
[BOOK WARN] Crossed book rejected for AAPL: ask 9571.476084 <= best bid 9999.990673
[BOOK WARN] Crossed book rejected for AAPL: ask 9597.815239 <= best bid 9999.990673
[BOOK WARN] Crossed book rejected for AAPL: ask 9596.695283 <= best bid 9999.990673
[BOOK WARN] Crossed book rejected for AAPL: ask 9593.326460 <= best bid 9999.990673
[BOOK WARN] Crossed book rejected for AAPL: ask 9599.596026 <= best bid 9999.990673
[BOOK WARN] Crossed book rejected for AAPL: ask 9596.646009 <= best bid 9999.990673
[BOOK WARN] Crossed book rejected for AAPL: ask 9598.344246 <= best bid 9999.990673
[BOOK WARN] Crossed book rejected for AAPL: ask 9591.777816 <= best bid 9999.990673
[BOOK WARN] Crossed book rejected for AAPL: ask 9588.276032 <= best bid 9999.990673
[BOOK WARN] Crossed book rejected for AAPL: ask 9580.864240 <= best bid 9999.990673
[BOOK WARN] Crossed book rejected for AAPL: ask 9578.529886 <= best bid 9999.990673
[BOOK WARN] Crossed book rejected for AAPL: ask 9578.835398 <= best bid 9999.990673
[BOOK WARN] Crossed book rejected for AAPL: ask 9575.304556 <= best bid 9999.990673
[BOOK WARN] Crossed book rejected for AAPL: ask 9569.963483 <= best bid 9999.990673
[BOOK WARN] Crossed book rejected for AAPL: ask 9565.064373 <= best bid 9999.990673
[BOOK WARN] Crossed book rejected for AAPL: ask 9567.957663 <= best bid 9999.990673
[BOOK WARN] Crossed book rejected for AAPL: ask 9577.933397 <= best bid 9999.990673
[BOOK WARN] Crossed book rejected for AAPL: ask 9578.738363 <= best bid 9999.990673
[BOOK WARN] Crossed book rejected for AAPL: ask 9583.758578 <= best bid 9999.990673
[BOOK WARN] Crossed book rejected for AAPL: ask 9566.855327 <= best bid 9999.990673
[BOOK WARN] Crossed book rejected for AAPL: ask 9540.646064 <= best bid 9999.990673
[BOOK WARN] Crossed book rejected for AAPL: ask 9542.030563 <= best bid 9999.990673
[BOOK WARN] Crossed book rejected for AAPL: ask 9540.426489 <= best bid 9999.990673
[BOOK WARN] Crossed book rejected for AAPL: ask 9524.489936 <= best bid 9999.990673
[BOOK WARN] Crossed book rejected for AAPL: ask 9522.854251 <= best bid 9999.990673
[BOOK WARN] Crossed book rejected for AAPL: ask 9515.897026 <= best bid 9999.990673
[BOOK WARN] Crossed book rejected for AAPL: ask 9520.363888 <= best bid 9999.990673
[BOOK WARN] Crossed book rejected for AAPL: ask 9523.225256 <= best bid 9999.990673
[BOOK WARN] Crossed book rejected for AAPL: ask 9537.291067 <= best bid 9999.990673
[BOOK WARN] Crossed book rejected for AAPL: ask 9518.013643 <= best bid 9999.990673
[BOOK WARN] Crossed book rejected for AAPL: ask 9528.889119 <= best bid 9999.990673
[BOOK WARN] Crossed book rejected for AAPL: ask 9533.164133 <= best bid 9999.990673
[BOOK WARN] Crossed book rejected for AAPL: ask 9525.222636 <= best bid 9999.990673
[BOOK WARN] Crossed book rejected for AAPL: ask 9524.140148 <= best bid 9999.990673
[BOOK WARN] Crossed book rejected for AAPL: ask 9505.061819 <= best bid 9999.990673
[BOOK WARN] Crossed book rejected for AAPL: ask 9493.904754 <= best bid 9999.990673
[BOOK WARN] Crossed book rejected for AAPL: ask 9497.314831 <= best bid 9999.990673
[BOOK WARN] Crossed book rejected for AAPL: ask 9511.690633 <= best bid 9999.990673
[BOOK WARN] Crossed book rejected for AAPL: ask 9508.745386 <= best bid 9999.990673
[BOOK WARN] Crossed book rejected for AAPL: ask 9510.435160 <= best bid 9999.990673
[BOOK WARN] Crossed book rejected for AAPL: ask 9524.985562 <= best bid 9999.990673
[BOOK WARN] Crossed book rejected for AAPL: ask 9540.473557 <= best bid 9999.990673
[BOOK WARN] Crossed book rejected for AAPL: ask 9546.141490 <= best bid 9999.990673
[BOOK WARN] Crossed book rejected for AAPL: ask 9549.237369 <= best bid 9999.990673
[BOOK WARN] Crossed book rejected for AAPL: ask 9554.974592 <= best bid 9999.990673
[BOOK WARN] Crossed book rejected for AAPL: ask 9542.966518 <= best bid 9999.990673
[BOOK WARN] Crossed book rejected for AAPL: ask 9540.371199 <= best bid 9999.990673
[BOOK WARN] Crossed book rejected for AAPL: ask 9541.033310 <= best bid 9999.990673
[BOOK WARN] Crossed book rejected for AAPL: ask 9530.717652 <= best bid 9999.990673
[BOOK WARN] Crossed book rejected for AAPL: ask 9524.494884 <= best bid 9999.990673
[BOOK WARN] Crossed book rejected for AAPL: ask 9517.188489 <= best bid 9999.990673
[BOOK WARN] Crossed book rejected for AAPL: ask 9517.331238 <= best bid 9999.990673
[BOOK WARN] Crossed book rejected for AAPL: ask 9499.833804 <= best bid 9999.990673
[BOOK WARN] Crossed book rejected for AAPL: ask 9508.210981 <= best bid 9999.990673
[BOOK WARN] Crossed book rejected for AAPL: ask 9514.031572 <= best bid 9999.990673
[BOOK WARN] Crossed book rejected for AAPL: ask 9517.323370 <= best bid 9999.990673
[BOOK WARN] Crossed book rejected for AAPL: ask 9501.498043 <= best bid 9999.990673
[BOOK WARN] Crossed book rejected for AAPL: ask 9511.730971 <= best bid 9999.990673
[BOOK WARN] Crossed book rejected for AAPL: ask 9501.939019 <= best bid 9999.990673
[BOOK WARN] Crossed book rejected for AAPL: ask 9494.375996 <= best bid 9999.990673
[BOOK WARN] Crossed book rejected for AAPL: ask 9482.175332 <= best bid 9999.990673
[BOOK WARN] Crossed book rejected for AAPL: ask 9489.511768 <= best bid 9999.990673
[BOOK WARN] Crossed book rejected for AAPL: ask 9475.630599 <= best bid 9999.990673
[BOOK WARN] Crossed book rejected for AAPL: ask 9464.905574 <= best bid 9999.990673
[BOOK WARN] Crossed book rejected for AAPL: ask 9447.409541 <= best bid 9999.990673
[BOOK WARN] Crossed book rejected for AAPL: ask 9440.484248 <= best bid 9999.990673
[BOOK WARN] Crossed book rejected for AAPL: ask 9442.105188 <= best bid 9999.990673
[BOOK WARN] Crossed book rejected for AAPL: ask 9453.544403 <= best bid 9999.990673
[BOOK WARN] Crossed book rejected for AAPL: ask 9455.653050 <= best bid 9999.990673
[BOOK WARN] Crossed book rejected for AAPL: ask 9443.543352 <= best bid 9999.990673
[BOOK WARN] Crossed book rejected for AAPL: ask 9447.332564 <= best bid 9999.990673
[BOOK WARN] Crossed book rejected for AAPL: ask 9439.217198 <= best bid 9999.990673
[BOOK WARN] Crossed book rejected for AAPL: ask 9440.181633 <= best bid 9999.990673
[BOOK WARN] Crossed book rejected for AAPL: ask 9431.833590 <= best bid 9999.990673
[BOOK WARN] Crossed book rejected for AAPL: ask 9425.422620 <= best bid 9999.990673
[BOOK WARN] Crossed book rejected for AAPL: ask 9429.861558 <= best bid 9999.990673
[BOOK WARN] Crossed book rejected for AAPL: ask 9423.219962 <= best bid 9999.990673
[BOOK WARN] Crossed book rejected for AAPL: ask 9424.282737 <= best bid 9999.990673
[BOOK WARN] Crossed book rejected for AAPL: ask 9448.370038 <= best bid 9999.990673
[BOOK WARN] Crossed book rejected for AAPL: ask 9460.798913 <= best bid 9999.990673
[BOOK WARN] Crossed book rejected for AAPL: ask 9458.342804 <= best bid 9999.990673
[BOOK WARN] Crossed book rejected for AAPL: ask 9450.804509 <= best bid 9999.990673
[BOOK WARN] Crossed book rejected for AAPL: ask 9440.558220 <= best bid 9999.990673
[BOOK WARN] Crossed book rejected for AAPL: ask 9447.920355 <= best bid 9999.990673
[BOOK WARN] Crossed book rejected for AAPL: ask 9446.180088 <= best bid 9999.990673
[BOOK WARN] Crossed book rejected for AAPL: ask 9437.957877 <= best bid 9999.990673
[BOOK WARN] Crossed book rejected for AAPL: ask 9450.016324 <= best bid 9999.990673
[BOOK WARN] Crossed book rejected for AAPL: ask 9457.010140 <= best bid 9999.990673
[BOOK WARN] Crossed book rejected for AAPL: ask 9449.530692 <= best bid 9999.990673
[BOOK WARN] Crossed book rejected for AAPL: ask 9442.061791 <= best bid 9999.990673
[BOOK WARN] Crossed book rejected for AAPL: ask 9453.912033 <= best bid 9999.990673
[BOOK WARN] Crossed book rejected for AAPL: ask 9469.304994 <= best bid 9999.990673
[BOOK WARN] Crossed book rejected for AAPL: ask 9448.399688 <= best bid 9999.990673
[BOOK WARN] Crossed book rejected for AAPL: ask 9452.461415 <= best bid 9999.990673
[BOOK WARN] Crossed book rejected for AAPL: ask 9459.946602 <= best bid 9999.990673
[BOOK WARN] Crossed book rejected for AAPL: ask 9453.874262 <= best bid 9999.990673
[BOOK WARN] Crossed book rejected for AAPL: ask 9442.650119 <= best bid 9999.990673
[BOOK WARN] Crossed book rejected for AAPL: ask 9434.907141 <= best bid 9999.990673
[BOOK WARN] Crossed book rejected for AAPL: ask 9440.697630 <= best bid 9999.990673
[BOOK WARN] Crossed book rejected for AAPL: ask 9438.035356 <= best bid 9999.990673
[BOOK WARN] Crossed book rejected for AAPL: ask 9437.511071 <= best bid 9999.990673
[BOOK WARN] Crossed book rejected for AAPL: ask 9431.154334 <= best bid 9999.990673
[BOOK WARN] Crossed book rejected for AAPL: ask 9430.984951 <= best bid 9999.990673
[BOOK WARN] Crossed book rejected for AAPL: ask 9437.225816 <= best bid 9999.990673
[BOOK WARN] Crossed book rejected for AAPL: ask 9432.375859 <= best bid 9999.990673
[BOOK WARN] Crossed book rejected for AAPL: ask 9438.434390 <= best bid 9999.990673
[BOOK WARN] Crossed book rejected for AAPL: ask 9435.975591 <= best bid 9999.990673
[BOOK WARN] Crossed book rejected for AAPL: ask 9438.993121 <= best bid 9999.990673
[BOOK WARN] Crossed book rejected for AAPL: ask 9446.757877 <= best bid 9999.990673
[BOOK WARN] Crossed book rejected for AAPL: ask 9447.541295 <= best bid 9999.990673
[BOOK WARN] Crossed book rejected for AAPL: ask 9441.772658 <= best bid 9999.990673
[BOOK WARN] Crossed book rejected for AAPL: ask 9430.031530 <= best bid 9999.990673
[BOOK WARN] Crossed book rejected for AAPL: ask 9436.148811 <= best bid 9999.990673
[BOOK WARN] Crossed book rejected for AAPL: ask 9445.069319 <= best bid 9999.990673
[BOOK WARN] Crossed book rejected for AAPL: ask 9459.025092 <= best bid 9999.990673
[BOOK WARN] Crossed book rejected for AAPL: ask 9468.224259 <= best bid 9999.990673
[BOOK WARN] Crossed book rejected for AAPL: ask 9474.550089 <= best bid 9999.990673
[BOOK WARN] Crossed book rejected for AAPL: ask 9478.082664 <= best bid 9999.990673
[BOOK WARN] Crossed book rejected for AAPL: ask 9475.519379 <= best bid 9999.990673
[BOOK WARN] Crossed book rejected for AAPL: ask 9478.436667 <= best bid 9999.990673
[BOOK WARN] Crossed book rejected for AAPL: ask 9478.149630 <= best bid 9999.990673
[BOOK WARN] Crossed book rejected for AAPL: ask 9473.201259 <= best bid 9999.990673
[BOOK WARN] Crossed book rejected for AAPL: ask 9476.486606 <= best bid 9999.990673
[BOOK WARN] Crossed book rejected for AAPL: ask 9486.870668 <= best bid 9999.990673
[BOOK WARN] Crossed book rejected for AAPL: ask 9494.842567 <= best bid 9999.990673
[BOOK WARN] Crossed book rejected for AAPL: ask 9479.337259 <= best bid 9999.990673
[BOOK WARN] Crossed book rejected for AAPL: ask 9475.436331 <= best bid 9999.990673
[BOOK WARN] Crossed book rejected for AAPL: ask 9484.396839 <= best bid 9999.990673
[BOOK WARN] Crossed book rejected for AAPL: ask 9500.336339 <= best bid 9999.990673
[BOOK WARN] Crossed book rejected for AAPL: ask 9490.115647 <= best bid 9999.990673
[BOOK WARN] Crossed book rejected for AAPL: ask 9496.634604 <= best bid 9999.990673
[BOOK WARN] Crossed book rejected for AAPL: ask 9486.823528 <= best bid 9999.990673
[BOOK WARN] Crossed book rejected for AAPL: ask 9482.929048 <= best bid 9999.990673
[BOOK WARN] Crossed book rejected for AAPL: ask 9472.661622 <= best bid 9999.990673
[BOOK WARN] Crossed book rejected for AAPL: ask 9476.210486 <= best bid 9999.990673
[BOOK WARN] Crossed book rejected for AAPL: ask 9469.045889 <= best bid 9999.990673
[BOOK WARN] Crossed book rejected for AAPL: ask 9472.486215 <= best bid 9999.990673
[BOOK WARN] Crossed book rejected for AAPL: ask 9484.862976 <= best bid 9999.990673
[BOOK WARN] Crossed book rejected for AAPL: ask 9470.730008 <= best bid 9999.990673
[BOOK WARN] Crossed book rejected for AAPL: ask 9459.451625 <= best bid 9999.990673
[BOOK WARN] Crossed book rejected for AAPL: ask 9441.192789 <= best bid 9999.990673
[BOOK WARN] Crossed book rejected for AAPL: ask 9451.623455 <= best bid 9999.990673
[BOOK WARN] Crossed book rejected for AAPL: ask 9452.822639 <= best bid 9999.990673
[BOOK WARN] Crossed book rejected for AAPL: ask 9448.701425 <= best bid 9999.990673
[BOOK WARN] Crossed book rejected for AAPL: ask 9445.836947 <= best bid 9999.990673
[BOOK WARN] Crossed book rejected for AAPL: ask 9442.548221 <= best bid 9999.990673
[BOOK WARN] Crossed book rejected for AAPL: ask 9439.955073 <= best bid 9999.990673
[BOOK WARN] Crossed book rejected for AAPL: ask 9432.587925 <= best bid 9999.990673
[BOOK WARN] Crossed book rejected for AAPL: ask 9454.117634 <= best bid 9999.990673
[BOOK WARN] Crossed book rejected for AAPL: ask 9451.024361 <= best bid 9999.990673
[BOOK WARN] Crossed book rejected for AAPL: ask 9445.141920 <= best bid 9999.990673
[BOOK WARN] Crossed book rejected for AAPL: ask 9456.307070 <= best bid 9999.990673
[BOOK WARN] Crossed book rejected for AAPL: ask 9452.679081 <= best bid 9999.990673
[BOOK WARN] Crossed book rejected for AAPL: ask 9472.872215 <= best bid 9999.990673
[BOOK WARN] Crossed book rejected for AAPL: ask 9464.642114 <= best bid 9999.990673
[BOOK WARN] Crossed book rejected for AAPL: ask 9454.092833 <= best bid 9999.990673
[BOOK WARN] Crossed book rejected for AAPL: ask 9451.278492 <= best bid 9999.990673
[BOOK WARN] Crossed book rejected for AAPL: ask 9465.227319 <= best bid 9999.990673
[BOOK WARN] Crossed book rejected for AAPL: ask 9475.707477 <= best bid 9999.990673
[BOOK WARN] Crossed book rejected for AAPL: ask 9472.676098 <= best bid 9999.990673
[BOOK WARN] Crossed book rejected for AAPL: ask 9470.225760 <= best bid 9999.990673
[BOOK WARN] Crossed book rejected for AAPL: ask 9461.532981 <= best bid 9999.990673
[BOOK WARN] Crossed book rejected for AAPL: ask 9451.458394 <= best bid 9999.990673
[BOOK WARN] Crossed book rejected for AAPL: ask 9466.851193 <= best bid 9999.990673
[BOOK WARN] Crossed book rejected for AAPL: ask 9484.232181 <= best bid 9999.990673
[BOOK WARN] Crossed book rejected for AAPL: ask 9487.972212 <= best bid 9999.990673
[BOOK WARN] Crossed book rejected for AAPL: ask 9494.425508 <= best bid 9999.990673
[BOOK WARN] Crossed book rejected for AAPL: ask 9496.250630 <= best bid 9999.990673
[BOOK WARN] Crossed book rejected for AAPL: ask 9481.248746 <= best bid 9999.990673
[BOOK WARN] Crossed book rejected for AAPL: ask 9472.910380 <= best bid 9999.990673
[BOOK WARN] Crossed book rejected for AAPL: ask 9482.414340 <= best bid 9999.990673
[BOOK WARN] Crossed book rejected for AAPL: ask 9499.156621 <= best bid 9999.990673
[BOOK WARN] Crossed book rejected for AAPL: ask 9503.315428 <= best bid 9999.990673
[BOOK WARN] Crossed book rejected for AAPL: ask 9511.355387 <= best bid 9999.990673
[BOOK WARN] Crossed book rejected for AAPL: ask 9508.854982 <= best bid 9999.990673
[BOOK WARN] Crossed book rejected for AAPL: ask 9515.324377 <= best bid 9999.990673
[BOOK WARN] Crossed book rejected for AAPL: ask 9534.008238 <= best bid 9999.990673
[BOOK WARN] Crossed book rejected for AAPL: ask 9515.663744 <= best bid 9999.990673
[BOOK WARN] Crossed book rejected for AAPL: ask 9520.400778 <= best bid 9999.990673
[BOOK WARN] Crossed book rejected for AAPL: ask 9508.769220 <= best bid 9999.990673
[BOOK WARN] Crossed book rejected for AAPL: ask 9508.642532 <= best bid 9999.990673
[BOOK WARN] Crossed book rejected for AAPL: ask 9508.502618 <= best bid 9999.990673
[BOOK WARN] Crossed book rejected for AAPL: ask 9521.987005 <= best bid 9999.990673
[BOOK WARN] Crossed book rejected for AAPL: ask 9527.107442 <= best bid 9999.990673
[BOOK WARN] Crossed book rejected for AAPL: ask 9540.059109 <= best bid 9999.990673
[BOOK WARN] Crossed book rejected for AAPL: ask 9520.400433 <= best bid 9999.990673
[BOOK WARN] Crossed book rejected for AAPL: ask 9525.737909 <= best bid 9999.990673
[BOOK WARN] Crossed book rejected for AAPL: ask 9516.913180 <= best bid 9999.990673
[BOOK WARN] Crossed book rejected for AAPL: ask 9517.864495 <= best bid 9999.990673
[BOOK WARN] Crossed book rejected for AAPL: ask 9526.986110 <= best bid 9999.990673
[BOOK WARN] Crossed book rejected for AAPL: ask 9525.513140 <= best bid 9999.990673
[BOOK WARN] Crossed book rejected for AAPL: ask 9521.251383 <= best bid 9999.990673
[BOOK WARN] Crossed book rejected for AAPL: ask 9535.080021 <= best bid 9999.990673
[BOOK WARN] Crossed book rejected for AAPL: ask 9544.287882 <= best bid 9999.990673
[BOOK WARN] Crossed book rejected for AAPL: ask 9553.311376 <= best bid 9999.990673
[BOOK WARN] Crossed book rejected for AAPL: ask 9553.762679 <= best bid 9999.990673
[BOOK WARN] Crossed book rejected for AAPL: ask 9550.148409 <= best bid 9999.990673
[BOOK WARN] Crossed book rejected for AAPL: ask 9555.364565 <= best bid 9999.990673
[BOOK WARN] Crossed book rejected for AAPL: ask 9560.856581 <= best bid 9999.990673
[BOOK WARN] Crossed book rejected for AAPL: ask 9549.308883 <= best bid 9999.990673
[BOOK WARN] Crossed book rejected for AAPL: ask 9557.271626 <= best bid 9999.990673
[BOOK WARN] Crossed book rejected for AAPL: ask 9552.732556 <= best bid 9999.990673
[BOOK WARN] Crossed book rejected for AAPL: ask 9537.838447 <= best bid 9999.990673
[BOOK WARN] Crossed book rejected for AAPL: ask 9549.726400 <= best bid 9999.990673
[BOOK WARN] Crossed book rejected for AAPL: ask 9560.952230 <= best bid 9999.990673
[BOOK WARN] Crossed book rejected for AAPL: ask 9563.257231 <= best bid 9999.990673
[BOOK WARN] Crossed book rejected for AAPL: ask 9561.066828 <= best bid 9999.990673
[BOOK WARN] Crossed book rejected for AAPL: ask 9551.011672 <= best bid 9999.990673
[BOOK WARN] Crossed book rejected for AAPL: ask 9539.682648 <= best bid 9999.990673
[BOOK WARN] Crossed book rejected for AAPL: ask 9511.302944 <= best bid 9999.990673
[BOOK WARN] Crossed book rejected for AAPL: ask 9520.280765 <= best bid 9999.990673
[BOOK WARN] Crossed book rejected for AAPL: ask 9509.164147 <= best bid 9999.990673
[BOOK WARN] Crossed book rejected for AAPL: ask 9519.032775 <= best bid 9999.990673
[BOOK WARN] Crossed book rejected for AAPL: ask 9513.381812 <= best bid 9999.990673
[BOOK WARN] Crossed book rejected for AAPL: ask 9511.879516 <= best bid 9999.990673
[BOOK WARN] Crossed book rejected for AAPL: ask 9505.230847 <= best bid 9999.990673
[BOOK WARN] Crossed book rejected for AAPL: ask 9504.624093 <= best bid 9999.990673
[BOOK WARN] Crossed book rejected for AAPL: ask 9523.599247 <= best bid 9999.990673
[BOOK WARN] Crossed book rejected for AAPL: ask 9513.375485 <= best bid 9999.990673
[BOOK WARN] Crossed book rejected for AAPL: ask 9511.065741 <= best bid 9999.990673
[BOOK WARN] Crossed book rejected for AAPL: ask 9525.688205 <= best bid 9999.990673
[BOOK WARN] Crossed book rejected for AAPL: ask 9537.430168 <= best bid 9999.990673
[BOOK WARN] Crossed book rejected for AAPL: ask 9548.580260 <= best bid 9999.990673
[BOOK WARN] Crossed book rejected for AAPL: ask 9568.781846 <= best bid 9999.990673
[BOOK WARN] Crossed book rejected for AAPL: ask 9574.023443 <= best bid 9999.990673
[BOOK WARN] Crossed book rejected for AAPL: ask 9580.677057 <= best bid 9999.990673
[BOOK WARN] Crossed book rejected for AAPL: ask 9590.538472 <= best bid 9999.990673
[BOOK WARN] Crossed book rejected for AAPL: ask 9582.982387 <= best bid 9999.990673
[BOOK WARN] Crossed book rejected for AAPL: ask 9593.942580 <= best bid 9999.990673
[BOOK WARN] Crossed book rejected for AAPL: ask 9593.269796 <= best bid 9999.990673
[BOOK WARN] Crossed book rejected for AAPL: ask 9588.116138 <= best bid 9999.990673
[BOOK WARN] Crossed book rejected for AAPL: ask 9586.164826 <= best bid 9999.990673
[BOOK WARN] Crossed book rejected for AAPL: ask 9591.805181 <= best bid 9999.990673
[BOOK WARN] Crossed book rejected for AAPL: ask 9593.853079 <= best bid 9999.990673
[BOOK WARN] Crossed book rejected for AAPL: ask 9592.641198 <= best bid 9999.990673
[BOOK WARN] Crossed book rejected for AAPL: ask 9576.570769 <= best bid 9999.990673
[BOOK WARN] Crossed book rejected for AAPL: ask 9580.141684 <= best bid 9999.990673
[BOOK WARN] Crossed book rejected for AAPL: ask 9580.921525 <= best bid 9999.990673
[BOOK WARN] Crossed book rejected for AAPL: ask 9576.357428 <= best bid 9999.990673
[BOOK WARN] Crossed book rejected for AAPL: ask 9551.005188 <= best bid 9999.990673
[BOOK WARN] Crossed book rejected for AAPL: ask 9549.722818 <= best bid 9999.990673
[BOOK WARN] Crossed book rejected for AAPL: ask 9555.608457 <= best bid 9999.990673
[BOOK WARN] Crossed book rejected for AAPL: ask 9558.343520 <= best bid 9999.990673
[BOOK WARN] Crossed book rejected for AAPL: ask 9553.724157 <= best bid 9999.990673
[BOOK WARN] Crossed book rejected for AAPL: ask 9548.356326 <= best bid 9999.990673
[BOOK WARN] Crossed book rejected for AAPL: ask 9548.498874 <= best bid 9999.990673
[BOOK WARN] Crossed book rejected for AAPL: ask 9544.306795 <= best bid 9999.990673
[BOOK WARN] Crossed book rejected for AAPL: ask 9539.184724 <= best bid 9999.990673
[BOOK WARN] Crossed book rejected for AAPL: ask 9541.829384 <= best bid 9999.990673
[BOOK WARN] Crossed book rejected for AAPL: ask 9555.936954 <= best bid 9999.990673
[BOOK WARN] Crossed book rejected for AAPL: ask 9549.001553 <= best bid 9999.990673
[BOOK WARN] Crossed book rejected for AAPL: ask 9555.498737 <= best bid 9999.990673
[BOOK WARN] Crossed book rejected for AAPL: ask 9549.226913 <= best bid 9999.990673
[BOOK WARN] Crossed book rejected for AAPL: ask 9543.821731 <= best bid 9999.990673
[BOOK WARN] Crossed book rejected for AAPL: ask 9534.701033 <= best bid 9999.990673
[BOOK WARN] Crossed book rejected for AAPL: ask 9531.548832 <= best bid 9999.990673
[BOOK WARN] Crossed book rejected for AAPL: ask 9519.349540 <= best bid 9999.990673
[BOOK WARN] Crossed book rejected for AAPL: ask 9528.087577 <= best bid 9999.990673
[BOOK WARN] Crossed book rejected for AAPL: ask 9522.284664 <= best bid 9999.990673
[BOOK WARN] Crossed book rejected for AAPL: ask 9513.625039 <= best bid 9999.990673
[BOOK WARN] Crossed book rejected for AAPL: ask 9505.288168 <= best bid 9999.990673
[BOOK WARN] Crossed book rejected for AAPL: ask 9493.068352 <= best bid 9999.990673
[BOOK WARN] Crossed book rejected for AAPL: ask 9512.499123 <= best bid 9999.990673
[BOOK WARN] Crossed book rejected for AAPL: ask 9513.480283 <= best bid 9999.990673
[BOOK WARN] Crossed book rejected for AAPL: ask 9504.292215 <= best bid 9999.990673
[BOOK WARN] Crossed book rejected for AAPL: ask 9504.633196 <= best bid 9999.990673
[BOOK WARN] Crossed book rejected for AAPL: ask 9494.092672 <= best bid 9999.990673
[BOOK WARN] Crossed book rejected for AAPL: ask 9491.063329 <= best bid 9999.990673
[BOOK WARN] Crossed book rejected for AAPL: ask 9499.251902 <= best bid 9999.990673
[BOOK WARN] Crossed book rejected for AAPL: ask 9500.933756 <= best bid 9999.990673
[BOOK WARN] Crossed book rejected for AAPL: ask 9502.128998 <= best bid 9999.990673
[BOOK WARN] Crossed book rejected for AAPL: ask 9500.267562 <= best bid 9999.990673
[BOOK WARN] Crossed book rejected for AAPL: ask 9493.343749 <= best bid 9999.990673
[BOOK WARN] Crossed book rejected for AAPL: ask 9499.534805 <= best bid 9999.990673
[BOOK WARN] Crossed book rejected for AAPL: ask 9498.192715 <= best bid 9999.990673
[BOOK WARN] Crossed book rejected for AAPL: ask 9496.854212 <= best bid 9999.990673
[BOOK WARN] Crossed book rejected for AAPL: ask 9508.916579 <= best bid 9999.990673
[BOOK WARN] Crossed book rejected for AAPL: ask 9506.744605 <= best bid 9999.990673
[BOOK WARN] Crossed book rejected for AAPL: ask 9519.474054 <= best bid 9999.990673
[BOOK WARN] Crossed book rejected for AAPL: ask 9498.440305 <= best bid 9999.990673
[BOOK WARN] Crossed book rejected for AAPL: ask 9506.776439 <= best bid 9999.990673
[BOOK WARN] Crossed book rejected for AAPL: ask 9497.721847 <= best bid 9999.990673
[BOOK WARN] Crossed book rejected for AAPL: ask 9500.308970 <= best bid 9999.990673
[BOOK WARN] Crossed book rejected for AAPL: ask 9505.517228 <= best bid 9999.990673
[BOOK WARN] Crossed book rejected for AAPL: ask 9511.165307 <= best bid 9999.990673
[BOOK WARN] Crossed book rejected for AAPL: ask 9517.060041 <= best bid 9999.990673
[BOOK WARN] Crossed book rejected for AAPL: ask 9524.541350 <= best bid 9999.990673
[BOOK WARN] Crossed book rejected for AAPL: ask 9526.235017 <= best bid 9999.990673
[BOOK WARN] Crossed book rejected for AAPL: ask 9535.383913 <= best bid 9999.990673
[BOOK WARN] Crossed book rejected for AAPL: ask 9554.442650 <= best bid 9999.990673
[BOOK WARN] Crossed book rejected for AAPL: ask 9540.824139 <= best bid 9999.990673
[BOOK WARN] Crossed book rejected for AAPL: ask 9527.932068 <= best bid 9999.990673
[BOOK WARN] Crossed book rejected for AAPL: ask 9516.521108 <= best bid 9999.990673
[BOOK WARN] Crossed book rejected for AAPL: ask 9529.602565 <= best bid 9999.990673
[BOOK WARN] Crossed book rejected for AAPL: ask 9529.276649 <= best bid 9999.990673
[BOOK WARN] Crossed book rejected for AAPL: ask 9531.335283 <= best bid 9999.990673
[BOOK WARN] Crossed book rejected for AAPL: ask 9522.563313 <= best bid 9999.990673
[BOOK WARN] Crossed book rejected for AAPL: ask 9537.258213 <= best bid 9999.990673
[BOOK WARN] Crossed book rejected for AAPL: ask 9550.284311 <= best bid 9999.990673
[BOOK WARN] Crossed book rejected for AAPL: ask 9559.213289 <= best bid 9999.990673
[BOOK WARN] Crossed book rejected for AAPL: ask 9561.752318 <= best bid 9999.990673
[BOOK WARN] Crossed book rejected for AAPL: ask 9568.513261 <= best bid 9999.990673
[BOOK WARN] Crossed book rejected for AAPL: ask 9570.024156 <= best bid 9999.990673
[BOOK WARN] Crossed book rejected for AAPL: ask 9586.674974 <= best bid 9999.990673
[BOOK WARN] Crossed book rejected for AAPL: ask 9573.015992 <= best bid 9999.990673
[BOOK WARN] Crossed book rejected for AAPL: ask 9578.926467 <= best bid 9999.990673
[BOOK WARN] Crossed book rejected for AAPL: ask 9575.245361 <= best bid 9999.990673
[BOOK WARN] Crossed book rejected for AAPL: ask 9564.301191 <= best bid 9999.990673
[BOOK WARN] Crossed book rejected for AAPL: ask 9566.999214 <= best bid 9999.990673
[BOOK WARN] Crossed book rejected for AAPL: ask 9563.854310 <= best bid 9999.990673
[BOOK WARN] Crossed book rejected for AAPL: ask 9576.710096 <= best bid 9999.990673
[BOOK WARN] Crossed book rejected for AAPL: ask 9591.509709 <= best bid 9999.990673
[BOOK WARN] Crossed book rejected for AAPL: ask 9591.989612 <= best bid 9999.990673
[BOOK WARN] Crossed book rejected for AAPL: ask 9580.056191 <= best bid 9999.990673
[BOOK WARN] Crossed book rejected for AAPL: ask 9564.427430 <= best bid 9999.990673
[BOOK WARN] Crossed book rejected for AAPL: ask 9571.463727 <= best bid 9999.990673
[BOOK WARN] Crossed book rejected for AAPL: ask 9570.874423 <= best bid 9999.990673
[BOOK WARN] Crossed book rejected for AAPL: ask 9560.237411 <= best bid 9999.990673
[BOOK WARN] Crossed book rejected for AAPL: ask 9559.564399 <= best bid 9999.990673
[BOOK WARN] Crossed book rejected for AAPL: ask 9557.048439 <= best bid 9999.990673
[BOOK WARN] Crossed book rejected for AAPL: ask 9576.234899 <= best bid 9999.990673
[BOOK WARN] Crossed book rejected for AAPL: ask 9576.047636 <= best bid 9999.990673
[BOOK WARN] Crossed book rejected for AAPL: ask 9579.280231 <= best bid 9999.990673
[BOOK WARN] Crossed book rejected for AAPL: ask 9571.219048 <= best bid 9999.990673
[BOOK WARN] Crossed book rejected for AAPL: ask 9574.523467 <= best bid 9999.990673
[BOOK WARN] Crossed book rejected for AAPL: ask 9572.344552 <= best bid 9999.990673
[BOOK WARN] Crossed book rejected for AAPL: ask 9578.245001 <= best bid 9999.990673
[BOOK WARN] Crossed book rejected for AAPL: ask 9589.945474 <= best bid 9999.990673
[BOOK WARN] Crossed book rejected for AAPL: ask 9592.890323 <= best bid 9999.990673
[BOOK WARN] Crossed book rejected for AAPL: ask 9589.534892 <= best bid 9999.990673
[BOOK WARN] Crossed book rejected for AAPL: ask 9597.686521 <= best bid 9999.990673
[BOOK WARN] Crossed book rejected for AAPL: ask 9590.488407 <= best bid 9999.990673
[BOOK WARN] Crossed book rejected for AAPL: ask 9589.977951 <= best bid 9999.990673
[BOOK WARN] Crossed book rejected for AAPL: ask 9585.822927 <= best bid 9999.990673
[BOOK WARN] Crossed book rejected for AAPL: ask 9590.393281 <= best bid 9999.990673
[BOOK WARN] Crossed book rejected for AAPL: ask 9584.539849 <= best bid 9999.990673
[BOOK WARN] Crossed book rejected for AAPL: ask 9591.453083 <= best bid 9999.990673
[BOOK WARN] Crossed book rejected for AAPL: ask 9593.319636 <= best bid 9999.990673
[BOOK WARN] Crossed book rejected for AAPL: ask 9599.615131 <= best bid 9999.990673
[BOOK WARN] Crossed book rejected for AAPL: ask 9591.538676 <= best bid 9999.990673
[BOOK WARN] Crossed book rejected for AAPL: ask 9578.387538 <= best bid 9999.990673
[BOOK WARN] Crossed book rejected for AAPL: ask 9574.753312 <= best bid 9999.990673
[BOOK WARN] Crossed book rejected for AAPL: ask 9590.173090 <= best bid 9999.990673
[BOOK WARN] Crossed book rejected for AAPL: ask 9584.381216 <= best bid 9999.990673
[BOOK WARN] Crossed book rejected for AAPL: ask 9584.173190 <= best bid 9999.990673
[BOOK WARN] Crossed book rejected for AAPL: ask 9563.574363 <= best bid 9999.990673
[BOOK WARN] Crossed book rejected for AAPL: ask 9549.642211 <= best bid 9999.990673
[BOOK WARN] Crossed book rejected for AAPL: ask 9547.587967 <= best bid 9999.990673
[BOOK WARN] Crossed book rejected for AAPL: ask 9553.212480 <= best bid 9999.990673
[BOOK WARN] Crossed book rejected for AAPL: ask 9553.243193 <= best bid 9999.990673
[BOOK WARN] Crossed book rejected for AAPL: ask 9549.849535 <= best bid 9999.990673
[BOOK WARN] Crossed book rejected for AAPL: ask 9545.791756 <= best bid 9999.990673
[BOOK WARN] Crossed book rejected for AAPL: ask 9545.587334 <= best bid 9999.990673
[BOOK WARN] Crossed book rejected for AAPL: ask 9533.869974 <= best bid 9999.990673
[BOOK WARN] Crossed book rejected for AAPL: ask 9525.870326 <= best bid 9999.990673
[BOOK WARN] Crossed book rejected for AAPL: ask 9514.911209 <= best bid 9999.990673
[BOOK WARN] Crossed book rejected for AAPL: ask 9512.700248 <= best bid 9999.990673
[BOOK WARN] Crossed book rejected for AAPL: ask 9529.525258 <= best bid 9999.990673
[BOOK WARN] Crossed book rejected for AAPL: ask 9531.114313 <= best bid 9999.990673
[BOOK WARN] Crossed book rejected for AAPL: ask 9520.593241 <= best bid 9999.990673
[BOOK WARN] Crossed book rejected for AAPL: ask 9515.697054 <= best bid 9999.990673
[BOOK WARN] Crossed book rejected for AAPL: ask 9499.213428 <= best bid 9999.990673
[BOOK WARN] Crossed book rejected for AAPL: ask 9507.824487 <= best bid 9999.990673
[BOOK WARN] Crossed book rejected for AAPL: ask 9503.789535 <= best bid 9999.990673
[BOOK WARN] Crossed book rejected for AAPL: ask 9508.986189 <= best bid 9999.990673
[BOOK WARN] Crossed book rejected for AAPL: ask 9501.694405 <= best bid 9999.990673
[BOOK WARN] Crossed book rejected for AAPL: ask 9494.728801 <= best bid 9999.990673
[BOOK WARN] Crossed book rejected for AAPL: ask 9485.781711 <= best bid 9999.990673
[BOOK WARN] Crossed book rejected for AAPL: ask 9500.298174 <= best bid 9999.990673
[BOOK WARN] Crossed book rejected for AAPL: ask 9512.134363 <= best bid 9999.990673
[BOOK WARN] Crossed book rejected for AAPL: ask 9527.219594 <= best bid 9999.990673
[BOOK WARN] Crossed book rejected for AAPL: ask 9530.422417 <= best bid 9999.990673
[BOOK WARN] Crossed book rejected for AAPL: ask 9518.129619 <= best bid 9999.990673
[BOOK WARN] Crossed book rejected for AAPL: ask 9518.624893 <= best bid 9999.990673
[BOOK WARN] Crossed book rejected for AAPL: ask 9516.003652 <= best bid 9999.990673
[BOOK WARN] Crossed book rejected for AAPL: ask 9521.292181 <= best bid 9999.990673
[BOOK WARN] Crossed book rejected for AAPL: ask 9518.199641 <= best bid 9999.990673
[BOOK WARN] Crossed book rejected for AAPL: ask 9514.319444 <= best bid 9999.990673
[BOOK WARN] Crossed book rejected for AAPL: ask 9510.935165 <= best bid 9999.990673
[BOOK WARN] Crossed book rejected for AAPL: ask 9509.905301 <= best bid 9999.990673
[BOOK WARN] Crossed book rejected for AAPL: ask 9523.193707 <= best bid 9999.990673
[BOOK WARN] Crossed book rejected for AAPL: ask 9535.065632 <= best bid 9999.990673
[BOOK WARN] Crossed book rejected for AAPL: ask 9530.164995 <= best bid 9999.990673
[BOOK WARN] Crossed book rejected for AAPL: ask 9555.367827 <= best bid 9999.990673
[BOOK WARN] Crossed book rejected for AAPL: ask 9542.976204 <= best bid 9999.990673
[BOOK WARN] Crossed book rejected for AAPL: ask 9557.829897 <= best bid 9999.990673
[BOOK WARN] Crossed book rejected for AAPL: ask 9566.080398 <= best bid 9999.990673
[BOOK WARN] Crossed book rejected for AAPL: ask 9575.387217 <= best bid 9999.990673
[BOOK WARN] Crossed book rejected for AAPL: ask 9562.682612 <= best bid 9999.990673
[BOOK WARN] Crossed book rejected for AAPL: ask 9570.167776 <= best bid 9999.990673
[BOOK WARN] Crossed book rejected for AAPL: ask 9564.976338 <= best bid 9999.990673
[BOOK WARN] Crossed book rejected for AAPL: ask 9566.185559 <= best bid 9999.990673
[BOOK WARN] Crossed book rejected for AAPL: ask 9556.720843 <= best bid 9999.990673
[BOOK WARN] Crossed book rejected for AAPL: ask 9551.197526 <= best bid 9999.990673
[BOOK WARN] Crossed book rejected for AAPL: ask 9561.327825 <= best bid 9999.990673
[BOOK WARN] Crossed book rejected for AAPL: ask 9562.278798 <= best bid 9999.990673
[BOOK WARN] Crossed book rejected for AAPL: ask 9568.155500 <= best bid 9999.990673
[BOOK WARN] Crossed book rejected for AAPL: ask 9561.913120 <= best bid 9999.990673
[BOOK WARN] Crossed book rejected for AAPL: ask 9549.979872 <= best bid 9999.990673
[BOOK WARN] Crossed book rejected for AAPL: ask 9549.340429 <= best bid 9999.990673
[BOOK WARN] Crossed book rejected for AAPL: ask 9563.190983 <= best bid 9999.990673
[BOOK WARN] Crossed book rejected for AAPL: ask 9565.480976 <= best bid 9999.990673
[BOOK WARN] Crossed book rejected for AAPL: ask 9564.433560 <= best bid 9999.990673
[BOOK WARN] Crossed book rejected for AAPL: ask 9565.232435 <= best bid 9999.990673
[BOOK WARN] Crossed book rejected for AAPL: ask 9566.887916 <= best bid 9999.990673
[BOOK WARN] Crossed book rejected for AAPL: ask 9564.391173 <= best bid 9999.990673
[BOOK WARN] Crossed book rejected for AAPL: ask 9553.853974 <= best bid 9999.990673
[BOOK WARN] Crossed book rejected for AAPL: ask 9561.530119 <= best bid 9999.990673
[BOOK WARN] Crossed book rejected for AAPL: ask 9556.379866 <= best bid 9999.990673
[BOOK WARN] Crossed book rejected for AAPL: ask 9572.123515 <= best bid 9999.990673
[BOOK WARN] Crossed book rejected for AAPL: ask 9574.616965 <= best bid 9999.990673
[BOOK WARN] Crossed book rejected for AAPL: ask 9562.591398 <= best bid 9999.990673
[BOOK WARN] Crossed book rejected for AAPL: ask 9550.128373 <= best bid 9999.990673
[BOOK WARN] Crossed book rejected for AAPL: ask 9538.570293 <= best bid 9999.990673
[BOOK WARN] Crossed book rejected for AAPL: ask 9527.687849 <= best bid 9999.990673
[BOOK WARN] Crossed book rejected for AAPL: ask 9550.981620 <= best bid 9999.990673
[BOOK WARN] Crossed book rejected for AAPL: ask 9541.172428 <= best bid 9999.990673
[BOOK WARN] Crossed book rejected for AAPL: ask 9540.351150 <= best bid 9999.990673
[BOOK WARN] Crossed book rejected for AAPL: ask 9541.253582 <= best bid 9999.990673
[BOOK WARN] Crossed book rejected for AAPL: ask 9533.575967 <= best bid 9999.990673
[BOOK WARN] Crossed book rejected for AAPL: ask 9552.432119 <= best bid 9999.990673
[BOOK WARN] Crossed book rejected for AAPL: ask 9552.000440 <= best bid 9999.990673
[BOOK WARN] Crossed book rejected for AAPL: ask 9556.094434 <= best bid 9999.990673
[BOOK WARN] Crossed book rejected for AAPL: ask 9562.913355 <= best bid 9999.990673
[BOOK WARN] Crossed book rejected for AAPL: ask 9562.971529 <= best bid 9999.990673
[BOOK WARN] Crossed book rejected for AAPL: ask 9552.961696 <= best bid 9999.990673
[BOOK WARN] Crossed book rejected for AAPL: ask 9575.616196 <= best bid 9999.990673
[BOOK WARN] Crossed book rejected for AAPL: ask 9572.523411 <= best bid 9999.990673
[BOOK WARN] Crossed book rejected for AAPL: ask 9592.497859 <= best bid 9999.990673
[BOOK WARN] Crossed book rejected for AAPL: ask 9574.237666 <= best bid 9999.990673
[BOOK WARN] Crossed book rejected for AAPL: ask 9549.388747 <= best bid 9999.990673
[BOOK WARN] Crossed book rejected for AAPL: ask 9550.709902 <= best bid 9999.990673
[BOOK WARN] Crossed book rejected for AAPL: ask 9565.193299 <= best bid 9999.990673
[BOOK WARN] Crossed book rejected for AAPL: ask 9561.241786 <= best bid 9999.990673
[BOOK WARN] Crossed book rejected for AAPL: ask 9561.516943 <= best bid 9999.990673
[BOOK WARN] Crossed book rejected for AAPL: ask 9552.047043 <= best bid 9999.990673
[BOOK WARN] Crossed book rejected for AAPL: ask 9551.149310 <= best bid 9999.990673
[BOOK WARN] Crossed book rejected for AAPL: ask 9537.036899 <= best bid 9999.990673
[BOOK WARN] Crossed book rejected for AAPL: ask 9541.120523 <= best bid 9999.990673
[BOOK WARN] Crossed book rejected for AAPL: ask 9541.873294 <= best bid 9999.990673
[BOOK WARN] Crossed book rejected for AAPL: ask 9552.650132 <= best bid 9999.990673
[BOOK WARN] Crossed book rejected for AAPL: ask 9562.222608 <= best bid 9999.990673
[BOOK WARN] Crossed book rejected for AAPL: ask 9565.238475 <= best bid 9999.990673
[BOOK WARN] Crossed book rejected for AAPL: ask 9566.444846 <= best bid 9999.990673
[BOOK WARN] Crossed book rejected for AAPL: ask 9550.585764 <= best bid 9999.990673
[BOOK WARN] Crossed book rejected for AAPL: ask 9563.842039 <= best bid 9999.990673
[BOOK WARN] Crossed book rejected for AAPL: ask 9551.509193 <= best bid 9999.990673
[BOOK WARN] Crossed book rejected for AAPL: ask 9550.940089 <= best bid 9999.990673
[BOOK WARN] Crossed book rejected for AAPL: ask 9531.997021 <= best bid 9999.990673
[BOOK WARN] Crossed book rejected for AAPL: ask 9540.083430 <= best bid 9999.990673
[BOOK WARN] Crossed book rejected for AAPL: ask 9539.044507 <= best bid 9999.990673
[BOOK WARN] Crossed book rejected for AAPL: ask 9536.916163 <= best bid 9999.990673
[BOOK WARN] Crossed book rejected for AAPL: ask 9550.950193 <= best bid 9999.990673
[BOOK WARN] Crossed book rejected for AAPL: ask 9548.828565 <= best bid 9999.990673
[BOOK WARN] Crossed book rejected for AAPL: ask 9561.028464 <= best bid 9999.990673
[BOOK WARN] Crossed book rejected for AAPL: ask 9570.765375 <= best bid 9999.990673
[BOOK WARN] Crossed book rejected for AAPL: ask 9577.578609 <= best bid 9999.990673
[BOOK WARN] Crossed book rejected for AAPL: ask 9567.601069 <= best bid 9999.990673
[BOOK WARN] Crossed book rejected for AAPL: ask 9558.334181 <= best bid 9999.990673
[BOOK WARN] Crossed book rejected for AAPL: ask 9551.954466 <= best bid 9999.990673
[BOOK WARN] Crossed book rejected for AAPL: ask 9551.646507 <= best bid 9999.990673
[BOOK WARN] Crossed book rejected for AAPL: ask 9552.549379 <= best bid 9999.990673
[BOOK WARN] Crossed book rejected for AAPL: ask 9553.930175 <= best bid 9999.990673
[BOOK WARN] Crossed book rejected for AAPL: ask 9554.897217 <= best bid 9999.990673
[BOOK WARN] Crossed book rejected for AAPL: ask 9547.158569 <= best bid 9999.990673
[BOOK WARN] Crossed book rejected for AAPL: ask 9547.888197 <= best bid 9999.990673
[BOOK WARN] Crossed book rejected for AAPL: ask 9537.174465 <= best bid 9999.990673
[BOOK WARN] Crossed book rejected for AAPL: ask 9542.076414 <= best bid 9999.990673
[BOOK WARN] Crossed book rejected for AAPL: ask 9553.182170 <= best bid 9999.990673
[BOOK WARN] Crossed book rejected for AAPL: ask 9543.904785 <= best bid 9999.990673
[BOOK WARN] Crossed book rejected for AAPL: ask 9529.391051 <= best bid 9999.990673
[BOOK WARN] Crossed book rejected for AAPL: ask 9518.652239 <= best bid 9999.990673
[BOOK WARN] Crossed book rejected for AAPL: ask 9528.901379 <= best bid 9999.990673
[BOOK WARN] Crossed book rejected for AAPL: ask 9527.607646 <= best bid 9999.990673
[BOOK WARN] Crossed book rejected for AAPL: ask 9550.945061 <= best bid 9999.990673
[BOOK WARN] Crossed book rejected for AAPL: ask 9552.064465 <= best bid 9999.990673
[BOOK WARN] Crossed book rejected for AAPL: ask 9547.354912 <= best bid 9999.990673
[BOOK WARN] Crossed book rejected for AAPL: ask 9547.218170 <= best bid 9999.990673
[BOOK WARN] Crossed book rejected for AAPL: ask 9542.967244 <= best bid 9999.990673
[BOOK WARN] Crossed book rejected for AAPL: ask 9556.521519 <= best bid 9999.990673
[BOOK WARN] Crossed book rejected for AAPL: ask 9551.325538 <= best bid 9999.990673
[BOOK WARN] Crossed book rejected for AAPL: ask 9542.672784 <= best bid 9999.990673
[BOOK WARN] Crossed book rejected for AAPL: ask 9550.665721 <= best bid 9999.990673
[BOOK WARN] Crossed book rejected for AAPL: ask 9529.434945 <= best bid 9999.990673
[BOOK WARN] Crossed book rejected for AAPL: ask 9513.976157 <= best bid 9999.990673
[BOOK WARN] Crossed book rejected for AAPL: ask 9510.238876 <= best bid 9999.990673
[BOOK WARN] Crossed book rejected for AAPL: ask 9506.326703 <= best bid 9999.990673
[BOOK WARN] Crossed book rejected for AAPL: ask 9509.988670 <= best bid 9999.990673
[BOOK WARN] Crossed book rejected for AAPL: ask 9511.105223 <= best bid 9999.990673
[BOOK WARN] Crossed book rejected for AAPL: ask 9495.660222 <= best bid 9999.990673
[BOOK WARN] Crossed book rejected for AAPL: ask 9489.129085 <= best bid 9999.990673
[BOOK WARN] Crossed book rejected for AAPL: ask 9484.350991 <= best bid 9999.990673
[BOOK WARN] Crossed book rejected for AAPL: ask 9463.560872 <= best bid 9999.990673
[BOOK WARN] Crossed book rejected for AAPL: ask 9470.893223 <= best bid 9999.990673
[BOOK WARN] Crossed book rejected for AAPL: ask 9475.181587 <= best bid 9999.990673
[BOOK WARN] Crossed book rejected for AAPL: ask 9461.297194 <= best bid 9999.990673
[BOOK WARN] Crossed book rejected for AAPL: ask 9460.354294 <= best bid 9999.990673
[BOOK WARN] Crossed book rejected for AAPL: ask 9468.537524 <= best bid 9999.990673
[BOOK WARN] Crossed book rejected for AAPL: ask 9464.283177 <= best bid 9999.990673
[BOOK WARN] Crossed book rejected for AAPL: ask 9449.885243 <= best bid 9999.990673
[BOOK WARN] Crossed book rejected for AAPL: ask 9446.319818 <= best bid 9999.990673
[BOOK WARN] Crossed book rejected for AAPL: ask 9450.228335 <= best bid 9999.990673
[BOOK WARN] Crossed book rejected for AAPL: ask 9444.272711 <= best bid 9999.990673
[BOOK WARN] Crossed book rejected for AAPL: ask 9436.609844 <= best bid 9999.990673
[BOOK WARN] Crossed book rejected for AAPL: ask 9417.447049 <= best bid 9999.990673
[BOOK WARN] Crossed book rejected for AAPL: ask 9414.477557 <= best bid 9999.990673
[BOOK WARN] Crossed book rejected for AAPL: ask 9405.652422 <= best bid 9999.990673
[BOOK WARN] Crossed book rejected for AAPL: ask 9416.264236 <= best bid 9999.990673
[BOOK WARN] Crossed book rejected for AAPL: ask 9421.610864 <= best bid 9999.990673
[BOOK WARN] Crossed book rejected for AAPL: ask 9416.223888 <= best bid 9999.990673
[BOOK WARN] Crossed book rejected for AAPL: ask 9425.540675 <= best bid 9999.990673
[BOOK WARN] Crossed book rejected for AAPL: ask 9414.010409 <= best bid 9999.990673
[BOOK WARN] Crossed book rejected for AAPL: ask 9409.814736 <= best bid 9999.990673
[BOOK WARN] Crossed book rejected for AAPL: ask 9409.511962 <= best bid 9999.990673
[BOOK WARN] Crossed book rejected for AAPL: ask 9415.722570 <= best bid 9999.990673
[BOOK WARN] Crossed book rejected for AAPL: ask 9426.003705 <= best bid 9999.990673
[BOOK WARN] Crossed book rejected for AAPL: ask 9437.729670 <= best bid 9999.990673
[BOOK WARN] Crossed book rejected for AAPL: ask 9449.465423 <= best bid 9999.990673
[BOOK WARN] Crossed book rejected for AAPL: ask 9450.086801 <= best bid 9999.990673
[BOOK WARN] Crossed book rejected for AAPL: ask 9443.839534 <= best bid 9999.990673
[BOOK WARN] Crossed book rejected for AAPL: ask 9438.787578 <= best bid 9999.990673
[BOOK WARN] Crossed book rejected for AAPL: ask 9441.922648 <= best bid 9999.990673
[BOOK WARN] Crossed book rejected for AAPL: ask 9441.886560 <= best bid 9999.990673
[BOOK WARN] Crossed book rejected for AAPL: ask 9460.902479 <= best bid 9999.990673
[BOOK WARN] Crossed book rejected for AAPL: ask 9472.349383 <= best bid 9999.990673
[BOOK WARN] Crossed book rejected for AAPL: ask 9465.275189 <= best bid 9999.990673
[BOOK WARN] Crossed book rejected for AAPL: ask 9454.001696 <= best bid 9999.990673
[BOOK WARN] Crossed book rejected for AAPL: ask 9463.264372 <= best bid 9999.990673
[BOOK WARN] Crossed book rejected for AAPL: ask 9447.790443 <= best bid 9999.990673
[BOOK WARN] Crossed book rejected for AAPL: ask 9453.195759 <= best bid 9999.990673
[BOOK WARN] Crossed book rejected for AAPL: ask 9441.537578 <= best bid 9999.990673
[BOOK WARN] Crossed book rejected for AAPL: ask 9433.389677 <= best bid 9999.990673
[BOOK WARN] Crossed book rejected for AAPL: ask 9427.334967 <= best bid 9999.990673
[BOOK WARN] Crossed book rejected for AAPL: ask 9428.952758 <= best bid 9999.990673
[BOOK WARN] Crossed book rejected for AAPL: ask 9420.926936 <= best bid 9999.990673
[BOOK WARN] Crossed book rejected for AAPL: ask 9422.602342 <= best bid 9999.990673
[BOOK WARN] Crossed book rejected for AAPL: ask 9427.999392 <= best bid 9999.990673
[BOOK WARN] Crossed book rejected for AAPL: ask 9401.825935 <= best bid 9999.990673
[BOOK WARN] Crossed book rejected for AAPL: ask 9400.906340 <= best bid 9999.990673
[BOOK WARN] Crossed book rejected for AAPL: ask 9394.094898 <= best bid 9999.990673
[BOOK WARN] Crossed book rejected for AAPL: ask 9395.772322 <= best bid 9999.990673
[BOOK WARN] Crossed book rejected for AAPL: ask 9405.743502 <= best bid 9999.990673
[BOOK WARN] Crossed book rejected for AAPL: ask 9400.744829 <= best bid 9999.990673
[BOOK WARN] Crossed book rejected for AAPL: ask 9395.652643 <= best bid 9999.990673
[BOOK WARN] Crossed book rejected for AAPL: ask 9395.761276 <= best bid 9999.990673
[BOOK WARN] Crossed book rejected for AAPL: ask 9399.154407 <= best bid 9999.990673
[BOOK WARN] Crossed book rejected for AAPL: ask 9399.392115 <= best bid 9999.990673
[BOOK WARN] Crossed book rejected for AAPL: ask 9394.592478 <= best bid 9999.990673
[BOOK WARN] Crossed book rejected for AAPL: ask 9396.016582 <= best bid 9999.990673
[BOOK WARN] Crossed book rejected for AAPL: ask 9393.263654 <= best bid 9999.990673
[BOOK WARN] Crossed book rejected for AAPL: ask 9392.857117 <= best bid 9999.990673
[BOOK WARN] Crossed book rejected for AAPL: ask 9387.424952 <= best bid 9999.990673
[BOOK WARN] Crossed book rejected for AAPL: ask 9390.216668 <= best bid 9999.990673
[BOOK WARN] Crossed book rejected for AAPL: ask 9395.419146 <= best bid 9999.990673
[BOOK WARN] Crossed book rejected for AAPL: ask 9406.385099 <= best bid 9999.990673
[BOOK WARN] Crossed book rejected for AAPL: ask 9407.148917 <= best bid 9999.990673
[BOOK WARN] Crossed book rejected for AAPL: ask 9403.965128 <= best bid 9999.990673
[BOOK WARN] Crossed book rejected for AAPL: ask 9392.191380 <= best bid 9999.990673
[BOOK WARN] Crossed book rejected for AAPL: ask 9380.644234 <= best bid 9999.990673
[BOOK WARN] Crossed book rejected for AAPL: ask 9387.869933 <= best bid 9999.990673
[BOOK WARN] Crossed book rejected for AAPL: ask 9405.375483 <= best bid 9999.990673
[BOOK WARN] Crossed book rejected for AAPL: ask 9419.090402 <= best bid 9999.990673
[BOOK WARN] Crossed book rejected for AAPL: ask 9416.832673 <= best bid 9999.990673
[BOOK WARN] Crossed book rejected for AAPL: ask 9427.743655 <= best bid 9999.990673
[BOOK WARN] Crossed book rejected for AAPL: ask 9426.054828 <= best bid 9999.990673
[BOOK WARN] Crossed book rejected for AAPL: ask 9434.730918 <= best bid 9999.990673
[BOOK WARN] Crossed book rejected for AAPL: ask 9432.274213 <= best bid 9999.990673
[BOOK WARN] Crossed book rejected for AAPL: ask 9426.417936 <= best bid 9999.990673
[BOOK WARN] Crossed book rejected for AAPL: ask 9434.925692 <= best bid 9999.990673
[BOOK WARN] Crossed book rejected for AAPL: ask 9437.165590 <= best bid 9999.990673
[BOOK WARN] Crossed book rejected for AAPL: ask 9432.247143 <= best bid 9999.990673
[BOOK WARN] Crossed book rejected for AAPL: ask 9420.052521 <= best bid 9999.990673
[BOOK WARN] Crossed book rejected for AAPL: ask 9407.331002 <= best bid 9999.990673
[BOOK WARN] Crossed book rejected for AAPL: ask 9378.690353 <= best bid 9999.990673
[BOOK WARN] Crossed book rejected for AAPL: ask 9377.282055 <= best bid 9999.990673
[BOOK WARN] Crossed book rejected for AAPL: ask 9371.591784 <= best bid 9999.990673
[BOOK WARN] Crossed book rejected for AAPL: ask 9366.641453 <= best bid 9999.990673
[BOOK WARN] Crossed book rejected for AAPL: ask 9378.531725 <= best bid 9999.990673
[BOOK WARN] Crossed book rejected for AAPL: ask 9387.395481 <= best bid 9999.990673
[BOOK WARN] Crossed book rejected for AAPL: ask 9388.857617 <= best bid 9999.990673
[BOOK WARN] Crossed book rejected for AAPL: ask 9390.805786 <= best bid 9999.990673
[BOOK WARN] Crossed book rejected for AAPL: ask 9401.189103 <= best bid 9999.990673
[BOOK WARN] Crossed book rejected for AAPL: ask 9400.617244 <= best bid 9999.990673
[BOOK WARN] Crossed book rejected for AAPL: ask 9393.504501 <= best bid 9999.990673
[BOOK WARN] Crossed book rejected for AAPL: ask 9402.429721 <= best bid 9999.990673
[BOOK WARN] Crossed book rejected for AAPL: ask 9396.714188 <= best bid 9999.990673
[BOOK WARN] Crossed book rejected for AAPL: ask 9387.273565 <= best bid 9999.990673
[BOOK WARN] Crossed book rejected for AAPL: ask 9395.867702 <= best bid 9999.990673
[BOOK WARN] Crossed book rejected for AAPL: ask 9391.378719 <= best bid 9999.990673
[BOOK WARN] Crossed book rejected for AAPL: ask 9389.013138 <= best bid 9999.990673
[BOOK WARN] Crossed book rejected for AAPL: ask 9385.696555 <= best bid 9999.990673
[BOOK WARN] Crossed book rejected for AAPL: ask 9390.649761 <= best bid 9999.990673
[BOOK WARN] Crossed book rejected for AAPL: ask 9393.366792 <= best bid 9999.990673
[BOOK WARN] Crossed book rejected for AAPL: ask 9397.864476 <= best bid 9999.990673
[BOOK WARN] Crossed book rejected for AAPL: ask 9399.139596 <= best bid 9999.990673
[BOOK WARN] Crossed book rejected for AAPL: ask 9398.587864 <= best bid 9999.990673
[BOOK WARN] Crossed book rejected for AAPL: ask 9391.727145 <= best bid 9999.990673
[BOOK WARN] Crossed book rejected for AAPL: ask 9409.318729 <= best bid 9999.990673
[BOOK WARN] Crossed book rejected for AAPL: ask 9402.413033 <= best bid 9999.990673
[BOOK WARN] Crossed book rejected for AAPL: ask 9399.014997 <= best bid 9999.990673
[BOOK WARN] Crossed book rejected for AAPL: ask 9398.991214 <= best bid 9999.990673
[BOOK WARN] Crossed book rejected for AAPL: ask 9408.234515 <= best bid 9999.990673
[BOOK WARN] Crossed book rejected for AAPL: ask 9415.595979 <= best bid 9999.990673
[BOOK WARN] Crossed book rejected for AAPL: ask 9440.225853 <= best bid 9999.990673
[BOOK WARN] Crossed book rejected for AAPL: ask 9427.520897 <= best bid 9999.990673
[BOOK WARN] Crossed book rejected for AAPL: ask 9428.245208 <= best bid 9999.990673
[BOOK WARN] Crossed book rejected for AAPL: ask 9423.033568 <= best bid 9999.990673
[BOOK WARN] Crossed book rejected for AAPL: ask 9436.628075 <= best bid 9999.990673
[BOOK WARN] Crossed book rejected for AAPL: ask 9435.630490 <= best bid 9999.990673
[BOOK WARN] Crossed book rejected for AAPL: ask 9437.049187 <= best bid 9999.990673
[BOOK WARN] Crossed book rejected for AAPL: ask 9448.435352 <= best bid 9999.990673
[BOOK WARN] Crossed book rejected for AAPL: ask 9445.794805 <= best bid 9999.990673
[BOOK WARN] Crossed book rejected for AAPL: ask 9436.755080 <= best bid 9999.990673
[BOOK WARN] Crossed book rejected for AAPL: ask 9425.698844 <= best bid 9999.990673
[BOOK WARN] Crossed book rejected for AAPL: ask 9427.834657 <= best bid 9999.990673
[BOOK WARN] Crossed book rejected for AAPL: ask 9434.425677 <= best bid 9999.990673
[BOOK WARN] Crossed book rejected for AAPL: ask 9428.150009 <= best bid 9999.990673
[BOOK WARN] Crossed book rejected for AAPL: ask 9428.561892 <= best bid 9999.990673
[BOOK WARN] Crossed book rejected for AAPL: ask 9437.188478 <= best bid 9999.990673
[BOOK WARN] Crossed book rejected for AAPL: ask 9436.076448 <= best bid 9999.990673
[BOOK WARN] Crossed book rejected for AAPL: ask 9433.049159 <= best bid 9999.990673
[BOOK WARN] Crossed book rejected for AAPL: ask 9443.170247 <= best bid 9999.990673
[BOOK WARN] Crossed book rejected for AAPL: ask 9445.499230 <= best bid 9999.990673
[BOOK WARN] Crossed book rejected for AAPL: ask 9447.022498 <= best bid 9999.990673
[BOOK WARN] Crossed book rejected for AAPL: ask 9444.660512 <= best bid 9999.990673
[BOOK WARN] Crossed book rejected for AAPL: ask 9442.860323 <= best bid 9999.990673
[BOOK WARN] Crossed book rejected for AAPL: ask 9444.779198 <= best bid 9999.990673
[BOOK WARN] Crossed book rejected for AAPL: ask 9433.466996 <= best bid 9999.990673
[BOOK WARN] Crossed book rejected for AAPL: ask 9433.172289 <= best bid 9999.990673
[BOOK WARN] Crossed book rejected for AAPL: ask 9435.276155 <= best bid 9999.990673
[BOOK WARN] Crossed book rejected for AAPL: ask 9440.173911 <= best bid 9999.990673
[BOOK WARN] Crossed book rejected for AAPL: ask 9432.809563 <= best bid 9999.990673
[BOOK WARN] Crossed book rejected for AAPL: ask 9431.397376 <= best bid 9999.990673
[BOOK WARN] Crossed book rejected for AAPL: ask 9418.565460 <= best bid 9999.990673
[BOOK WARN] Crossed book rejected for AAPL: ask 9414.909594 <= best bid 9999.990673
[BOOK WARN] Crossed book rejected for AAPL: ask 9418.393391 <= best bid 9999.990673
[BOOK WARN] Crossed book rejected for AAPL: ask 9410.548589 <= best bid 9999.990673
[BOOK WARN] Crossed book rejected for AAPL: ask 9413.680385 <= best bid 9999.990673
[BOOK WARN] Crossed book rejected for AAPL: ask 9402.714160 <= best bid 9999.990673
[BOOK WARN] Crossed book rejected for AAPL: ask 9389.304957 <= best bid 9999.990673
[BOOK WARN] Crossed book rejected for AAPL: ask 9400.877346 <= best bid 9999.990673
[BOOK WARN] Crossed book rejected for AAPL: ask 9398.655574 <= best bid 9999.990673
[BOOK WARN] Crossed book rejected for AAPL: ask 9395.824562 <= best bid 9999.990673
[BOOK WARN] Crossed book rejected for AAPL: ask 9402.211484 <= best bid 9999.990673
[BOOK WARN] Crossed book rejected for AAPL: ask 9397.236580 <= best bid 9999.990673
[BOOK WARN] Crossed book rejected for AAPL: ask 9390.644297 <= best bid 9999.990673
[BOOK WARN] Crossed book rejected for AAPL: ask 9411.864483 <= best bid 9999.990673
[BOOK WARN] Crossed book rejected for AAPL: ask 9419.776719 <= best bid 9999.990673
[BOOK WARN] Crossed book rejected for AAPL: ask 9419.699810 <= best bid 9999.990673
[BOOK WARN] Crossed book rejected for AAPL: ask 9415.432177 <= best bid 9999.990673
[BOOK WARN] Crossed book rejected for AAPL: ask 9424.686028 <= best bid 9999.990673
[BOOK WARN] Crossed book rejected for AAPL: ask 9416.325433 <= best bid 9999.990673
[BOOK WARN] Crossed book rejected for AAPL: ask 9412.224912 <= best bid 9999.990673
[BOOK WARN] Crossed book rejected for AAPL: ask 9416.878980 <= best bid 9999.990673
[BOOK WARN] Crossed book rejected for AAPL: ask 9410.536076 <= best bid 9999.990673
[BOOK WARN] Crossed book rejected for AAPL: ask 9394.608077 <= best bid 9999.990673
[BOOK WARN] Crossed book rejected for AAPL: ask 9384.031613 <= best bid 9999.990673
[BOOK WARN] Crossed book rejected for AAPL: ask 9381.182729 <= best bid 9999.990673
[BOOK WARN] Crossed book rejected for AAPL: ask 9383.799477 <= best bid 9999.990673
[BOOK WARN] Crossed book rejected for AAPL: ask 9369.408253 <= best bid 9999.990673
[BOOK WARN] Crossed book rejected for AAPL: ask 9386.713530 <= best bid 9999.990673
[BOOK WARN] Crossed book rejected for AAPL: ask 9380.891527 <= best bid 9999.990673
[BOOK WARN] Crossed book rejected for AAPL: ask 9379.026659 <= best bid 9999.990673
[BOOK WARN] Crossed book rejected for AAPL: ask 9388.670485 <= best bid 9999.990673
[BOOK WARN] Crossed book rejected for AAPL: ask 9405.442346 <= best bid 9999.990673
[BOOK WARN] Crossed book rejected for AAPL: ask 9402.782226 <= best bid 9999.990673
[BOOK WARN] Crossed book rejected for AAPL: ask 9396.923468 <= best bid 9999.990673
[BOOK WARN] Crossed book rejected for AAPL: ask 9393.788307 <= best bid 9999.990673
[BOOK WARN] Crossed book rejected for AAPL: ask 9397.339860 <= best bid 9999.990673
[BOOK WARN] Crossed book rejected for AAPL: ask 9389.985069 <= best bid 9999.990673
[BOOK WARN] Crossed book rejected for AAPL: ask 9397.120217 <= best bid 9999.990673
[BOOK WARN] Crossed book rejected for AAPL: ask 9385.526937 <= best bid 9999.990673
[BOOK WARN] Crossed book rejected for AAPL: ask 9381.654577 <= best bid 9999.990673
[BOOK WARN] Crossed book rejected for AAPL: ask 9374.432333 <= best bid 9999.990673
[BOOK WARN] Crossed book rejected for AAPL: ask 9396.962668 <= best bid 9999.990673
[BOOK WARN] Crossed book rejected for AAPL: ask 9411.540280 <= best bid 9999.990673
[BOOK WARN] Crossed book rejected for AAPL: ask 9403.365477 <= best bid 9999.990673
[BOOK WARN] Crossed book rejected for AAPL: ask 9406.280723 <= best bid 9999.990673
[BOOK WARN] Crossed book rejected for AAPL: ask 9400.701343 <= best bid 9999.990673
[BOOK WARN] Crossed book rejected for AAPL: ask 9408.065500 <= best bid 9999.990673
[BOOK WARN] Crossed book rejected for AAPL: ask 9407.523302 <= best bid 9999.990673
[BOOK WARN] Crossed book rejected for AAPL: ask 9396.836006 <= best bid 9999.990673
[BOOK WARN] Crossed book rejected for AAPL: ask 9406.185698 <= best bid 9999.990673
[BOOK WARN] Crossed book rejected for AAPL: ask 9387.925927 <= best bid 9999.990673
[BOOK WARN] Crossed book rejected for AAPL: ask 9378.853944 <= best bid 9999.990673
[BOOK WARN] Crossed book rejected for AAPL: ask 9376.996420 <= best bid 9999.990673
[BOOK WARN] Crossed book rejected for AAPL: ask 9363.053536 <= best bid 9999.990673
[BOOK WARN] Crossed book rejected for AAPL: ask 9353.893064 <= best bid 9999.990673
[BOOK WARN] Crossed book rejected for AAPL: ask 9361.812497 <= best bid 9999.990673
[BOOK WARN] Crossed book rejected for AAPL: ask 9362.173499 <= best bid 9999.990673
[BOOK WARN] Crossed book rejected for AAPL: ask 9384.318000 <= best bid 9999.990673
[BOOK WARN] Crossed book rejected for AAPL: ask 9389.064793 <= best bid 9999.990673
[BOOK WARN] Crossed book rejected for AAPL: ask 9382.227767 <= best bid 9999.990673
[BOOK WARN] Crossed book rejected for AAPL: ask 9362.545247 <= best bid 9999.990673
[BOOK WARN] Crossed book rejected for AAPL: ask 9365.224340 <= best bid 9999.990673
[BOOK WARN] Crossed book rejected for AAPL: ask 9379.087421 <= best bid 9999.990673
[BOOK WARN] Crossed book rejected for AAPL: ask 9391.578847 <= best bid 9999.990673
[BOOK WARN] Crossed book rejected for AAPL: ask 9400.541895 <= best bid 9999.990673
[BOOK WARN] Crossed book rejected for AAPL: ask 9402.643737 <= best bid 9999.990673
[BOOK WARN] Crossed book rejected for AAPL: ask 9409.267605 <= best bid 9999.990673
[BOOK WARN] Crossed book rejected for AAPL: ask 9407.025390 <= best bid 9999.990673
[BOOK WARN] Crossed book rejected for AAPL: ask 9403.712885 <= best bid 9999.990673
[BOOK WARN] Crossed book rejected for AAPL: ask 9410.246915 <= best bid 9999.990673
[BOOK WARN] Crossed book rejected for AAPL: ask 9418.570270 <= best bid 9999.990673
[BOOK WARN] Crossed book rejected for AAPL: ask 9398.956571 <= best bid 9999.990673
[BOOK WARN] Crossed book rejected for AAPL: ask 9405.683109 <= best bid 9999.990673
[BOOK WARN] Crossed book rejected for AAPL: ask 9409.678353 <= best bid 9999.990673
[BOOK WARN] Crossed book rejected for AAPL: ask 9418.646756 <= best bid 9999.990673
[BOOK WARN] Crossed book rejected for AAPL: ask 9412.676360 <= best bid 9999.990673
[BOOK WARN] Crossed book rejected for AAPL: ask 9407.918939 <= best bid 9999.990673
[BOOK WARN] Crossed book rejected for AAPL: ask 9401.818967 <= best bid 9999.990673
[BOOK WARN] Crossed book rejected for AAPL: ask 9391.241650 <= best bid 9999.990673
[BOOK WARN] Crossed book rejected for AAPL: ask 9402.491853 <= best bid 9999.990673
[BOOK WARN] Crossed book rejected for AAPL: ask 9389.963366 <= best bid 9999.990673
[BOOK WARN] Crossed book rejected for AAPL: ask 9399.386634 <= best bid 9999.990673
[BOOK WARN] Crossed book rejected for AAPL: ask 9412.923566 <= best bid 9999.990673
[BOOK WARN] Crossed book rejected for AAPL: ask 9398.064118 <= best bid 9999.990673
[BOOK WARN] Crossed book rejected for AAPL: ask 9398.965226 <= best bid 9999.990673
[BOOK WARN] Crossed book rejected for AAPL: ask 9395.746236 <= best bid 9999.990673
[BOOK WARN] Crossed book rejected for AAPL: ask 9401.955347 <= best bid 9999.990673
[BOOK WARN] Crossed book rejected for AAPL: ask 9394.801242 <= best bid 9999.990673
[BOOK WARN] Crossed book rejected for AAPL: ask 9377.146659 <= best bid 9999.990673
[BOOK WARN] Crossed book rejected for AAPL: ask 9365.050888 <= best bid 9999.990673
[BOOK WARN] Crossed book rejected for AAPL: ask 9359.723087 <= best bid 9999.990673
[BOOK WARN] Crossed book rejected for AAPL: ask 9353.820342 <= best bid 9999.990673
[BOOK WARN] Crossed book rejected for AAPL: ask 9376.265924 <= best bid 9999.990673
[BOOK WARN] Crossed book rejected for AAPL: ask 9383.556654 <= best bid 9999.990673
[BOOK WARN] Crossed book rejected for AAPL: ask 9393.020695 <= best bid 9999.990673
[BOOK WARN] Crossed book rejected for AAPL: ask 9383.082429 <= best bid 9999.990673
[BOOK WARN] Crossed book rejected for AAPL: ask 9373.732019 <= best bid 9999.990673
[BOOK WARN] Crossed book rejected for AAPL: ask 9367.868180 <= best bid 9999.990673
[BOOK WARN] Crossed book rejected for AAPL: ask 9375.317389 <= best bid 9999.990673
[BOOK WARN] Crossed book rejected for AAPL: ask 9379.975969 <= best bid 9999.990673
[BOOK WARN] Crossed book rejected for AAPL: ask 9380.906959 <= best bid 9999.990673
[BOOK WARN] Crossed book rejected for AAPL: ask 9388.798437 <= best bid 9999.990673
[BOOK WARN] Crossed book rejected for AAPL: ask 9385.692538 <= best bid 9999.990673
[BOOK WARN] Crossed book rejected for AAPL: ask 9387.939408 <= best bid 9999.990673
[BOOK WARN] Crossed book rejected for AAPL: ask 9391.810958 <= best bid 9999.990673
[BOOK WARN] Crossed book rejected for AAPL: ask 9396.563251 <= best bid 9999.990673
[BOOK WARN] Crossed book rejected for AAPL: ask 9420.124211 <= best bid 9999.990673
[BOOK WARN] Crossed book rejected for AAPL: ask 9417.564827 <= best bid 9999.990673
[BOOK WARN] Crossed book rejected for AAPL: ask 9425.578237 <= best bid 9999.990673
[BOOK WARN] Crossed book rejected for AAPL: ask 9425.033147 <= best bid 9999.990673
[BOOK WARN] Crossed book rejected for AAPL: ask 9444.963011 <= best bid 9999.990673
[BOOK WARN] Crossed book rejected for AAPL: ask 9446.815165 <= best bid 9999.990673
[BOOK WARN] Crossed book rejected for AAPL: ask 9446.779447 <= best bid 9999.990673
[BOOK WARN] Crossed book rejected for AAPL: ask 9435.874943 <= best bid 9999.990673
[BOOK WARN] Crossed book rejected for AAPL: ask 9440.487875 <= best bid 9999.990673
[BOOK WARN] Crossed book rejected for AAPL: ask 9448.042477 <= best bid 9999.990673
[BOOK WARN] Crossed book rejected for AAPL: ask 9451.387030 <= best bid 9999.990673
[BOOK WARN] Crossed book rejected for AAPL: ask 9451.909643 <= best bid 9999.990673
[BOOK WARN] Crossed book rejected for AAPL: ask 9454.135310 <= best bid 9999.990673
[BOOK WARN] Crossed book rejected for AAPL: ask 9436.026455 <= best bid 9999.990673
[BOOK WARN] Crossed book rejected for AAPL: ask 9434.897813 <= best bid 9999.990673
[BOOK WARN] Crossed book rejected for AAPL: ask 9453.372164 <= best bid 9999.990673
[BOOK WARN] Crossed book rejected for AAPL: ask 9432.155880 <= best bid 9999.990673
[BOOK WARN] Crossed book rejected for AAPL: ask 9421.222308 <= best bid 9999.990673
[BOOK WARN] Crossed book rejected for AAPL: ask 9420.035312 <= best bid 9999.990673
[BOOK WARN] Crossed book rejected for AAPL: ask 9409.410642 <= best bid 9999.990673
[BOOK WARN] Crossed book rejected for AAPL: ask 9414.786597 <= best bid 9999.990673
[BOOK WARN] Crossed book rejected for AAPL: ask 9412.110245 <= best bid 9999.990673
[BOOK WARN] Crossed book rejected for AAPL: ask 9400.108671 <= best bid 9999.990673
[BOOK WARN] Crossed book rejected for AAPL: ask 9395.688760 <= best bid 9999.990673
[BOOK WARN] Crossed book rejected for AAPL: ask 9383.572624 <= best bid 9999.990673
[BOOK WARN] Crossed book rejected for AAPL: ask 9379.437083 <= best bid 9999.990673
[BOOK WARN] Crossed book rejected for AAPL: ask 9371.635487 <= best bid 9999.990673
[BOOK WARN] Crossed book rejected for AAPL: ask 9369.909877 <= best bid 9999.990673
[BOOK WARN] Crossed book rejected for AAPL: ask 9368.724851 <= best bid 9999.990673
[BOOK WARN] Crossed book rejected for AAPL: ask 9369.147224 <= best bid 9999.990673
[BOOK WARN] Crossed book rejected for AAPL: ask 9378.254809 <= best bid 9999.990673
[BOOK WARN] Crossed book rejected for AAPL: ask 9376.407959 <= best bid 9999.990673
[BOOK WARN] Crossed book rejected for AAPL: ask 9371.530801 <= best bid 9999.990673
[BOOK WARN] Crossed book rejected for AAPL: ask 9361.042731 <= best bid 9999.990673
[BOOK WARN] Crossed book rejected for AAPL: ask 9358.201012 <= best bid 9999.990673
[BOOK WARN] Crossed book rejected for AAPL: ask 9362.403481 <= best bid 9999.990673
[BOOK WARN] Crossed book rejected for AAPL: ask 9363.314963 <= best bid 9999.990673
[BOOK WARN] Crossed book rejected for AAPL: ask 9373.103209 <= best bid 9999.990673
[BOOK WARN] Crossed book rejected for AAPL: ask 9380.317074 <= best bid 9999.990673
[BOOK WARN] Crossed book rejected for AAPL: ask 9368.953733 <= best bid 9999.990673
[BOOK WARN] Crossed book rejected for AAPL: ask 9362.952195 <= best bid 9999.990673
[BOOK WARN] Crossed book rejected for AAPL: ask 9359.049644 <= best bid 9999.990673
[BOOK WARN] Crossed book rejected for AAPL: ask 9361.882086 <= best bid 9999.990673
[BOOK WARN] Crossed book rejected for AAPL: ask 9376.124390 <= best bid 9999.990673
[BOOK WARN] Crossed book rejected for AAPL: ask 9372.512306 <= best bid 9999.990673
[BOOK WARN] Crossed book rejected for AAPL: ask 9390.997728 <= best bid 9999.990673
[BOOK WARN] Crossed book rejected for AAPL: ask 9389.817019 <= best bid 9999.990673
[BOOK WARN] Crossed book rejected for AAPL: ask 9408.121382 <= best bid 9999.990673
[BOOK WARN] Crossed book rejected for AAPL: ask 9408.694724 <= best bid 9999.990673
[BOOK WARN] Crossed book rejected for AAPL: ask 9420.294801 <= best bid 9999.990673
[BOOK WARN] Crossed book rejected for AAPL: ask 9436.669106 <= best bid 9999.990673
[BOOK WARN] Crossed book rejected for AAPL: ask 9446.517091 <= best bid 9999.990673
[BOOK WARN] Crossed book rejected for AAPL: ask 9446.172848 <= best bid 9999.990673
[BOOK WARN] Crossed book rejected for AAPL: ask 9443.960476 <= best bid 9999.990673
[BOOK WARN] Crossed book rejected for AAPL: ask 9448.911999 <= best bid 9999.990673
[BOOK WARN] Crossed book rejected for AAPL: ask 9440.509056 <= best bid 9999.990673
[BOOK WARN] Crossed book rejected for AAPL: ask 9428.894749 <= best bid 9999.990673
[BOOK WARN] Crossed book rejected for AAPL: ask 9436.439257 <= best bid 9999.990673
[BOOK WARN] Crossed book rejected for AAPL: ask 9432.308391 <= best bid 9999.990673
[BOOK WARN] Crossed book rejected for AAPL: ask 9417.544226 <= best bid 9999.990673
[BOOK WARN] Crossed book rejected for AAPL: ask 9415.446166 <= best bid 9999.990673
[BOOK WARN] Crossed book rejected for AAPL: ask 9399.703014 <= best bid 9999.990673
[BOOK WARN] Crossed book rejected for AAPL: ask 9402.162527 <= best bid 9999.990673
[BOOK WARN] Crossed book rejected for AAPL: ask 9388.559883 <= best bid 9999.990673
[BOOK WARN] Crossed book rejected for AAPL: ask 9392.492319 <= best bid 9999.990673
[BOOK WARN] Crossed book rejected for AAPL: ask 9395.571245 <= best bid 9999.990673
[BOOK WARN] Crossed book rejected for AAPL: ask 9401.448834 <= best bid 9999.990673
[BOOK WARN] Crossed book rejected for AAPL: ask 9409.447527 <= best bid 9999.990673
[BOOK WARN] Crossed book rejected for AAPL: ask 9395.260104 <= best bid 9999.990673
[BOOK WARN] Crossed book rejected for AAPL: ask 9390.707217 <= best bid 9999.990673
[BOOK WARN] Crossed book rejected for AAPL: ask 9390.726518 <= best bid 9999.990673
[BOOK WARN] Crossed book rejected for AAPL: ask 9396.370442 <= best bid 9999.990673
[BOOK WARN] Crossed book rejected for AAPL: ask 9401.020420 <= best bid 9999.990673
[BOOK WARN] Crossed book rejected for AAPL: ask 9420.513981 <= best bid 9999.990673
[BOOK WARN] Crossed book rejected for AAPL: ask 9407.957837 <= best bid 9999.990673
[BOOK WARN] Crossed book rejected for AAPL: ask 9404.236929 <= best bid 9999.990673
[BOOK WARN] Crossed book rejected for AAPL: ask 9408.835959 <= best bid 9999.990673
[BOOK WARN] Crossed book rejected for AAPL: ask 9403.094196 <= best bid 9999.990673
[BOOK WARN] Crossed book rejected for AAPL: ask 9411.282532 <= best bid 9999.990673
[BOOK WARN] Crossed book rejected for AAPL: ask 9409.579715 <= best bid 9999.990673
[BOOK WARN] Crossed book rejected for AAPL: ask 9418.490866 <= best bid 9999.990673
[BOOK WARN] Crossed book rejected for AAPL: ask 9413.826012 <= best bid 9999.990673
[BOOK WARN] Crossed book rejected for AAPL: ask 9412.216622 <= best bid 9999.990673
[BOOK WARN] Crossed book rejected for AAPL: ask 9416.422290 <= best bid 9999.990673
[BOOK WARN] Crossed book rejected for AAPL: ask 9410.812023 <= best bid 9999.990673
[BOOK WARN] Crossed book rejected for AAPL: ask 9403.467722 <= best bid 9999.990673
[BOOK WARN] Crossed book rejected for AAPL: ask 9410.444476 <= best bid 9999.990673
[BOOK WARN] Crossed book rejected for AAPL: ask 9408.573181 <= best bid 9999.990673
[BOOK WARN] Crossed book rejected for AAPL: ask 9391.742752 <= best bid 9999.990673
[BOOK WARN] Crossed book rejected for AAPL: ask 9373.845413 <= best bid 9999.990673
[BOOK WARN] Crossed book rejected for AAPL: ask 9380.910360 <= best bid 9999.990673
[BOOK WARN] Crossed book rejected for AAPL: ask 9364.141322 <= best bid 9999.990673
[BOOK WARN] Crossed book rejected for AAPL: ask 9362.416770 <= best bid 9999.990673
[BOOK WARN] Crossed book rejected for AAPL: ask 9376.744842 <= best bid 9999.990673
[BOOK WARN] Crossed book rejected for AAPL: ask 9372.106551 <= best bid 9999.990673
[BOOK WARN] Crossed book rejected for AAPL: ask 9388.879534 <= best bid 9999.990673
[BOOK WARN] Crossed book rejected for AAPL: ask 9371.991308 <= best bid 9999.990673
[BOOK WARN] Crossed book rejected for AAPL: ask 9372.360847 <= best bid 9999.990673
[BOOK WARN] Crossed book rejected for AAPL: ask 9358.404301 <= best bid 9999.990673
[BOOK WARN] Crossed book rejected for AAPL: ask 9361.073709 <= best bid 9999.990673
[BOOK WARN] Crossed book rejected for AAPL: ask 9361.796902 <= best bid 9999.990673
[BOOK WARN] Crossed book rejected for AAPL: ask 9360.666470 <= best bid 9999.990673
[BOOK WARN] Crossed book rejected for AAPL: ask 9359.254594 <= best bid 9999.990673
[BOOK WARN] Crossed book rejected for AAPL: ask 9361.373736 <= best bid 9999.990673
[BOOK WARN] Crossed book rejected for AAPL: ask 9363.978160 <= best bid 9999.990673
[BOOK WARN] Crossed book rejected for AAPL: ask 9369.457941 <= best bid 9999.990673
[BOOK WARN] Crossed book rejected for AAPL: ask 9358.797542 <= best bid 9999.990673
[BOOK WARN] Crossed book rejected for AAPL: ask 9380.904337 <= best bid 9999.990673
[BOOK WARN] Crossed book rejected for AAPL: ask 9382.404878 <= best bid 9999.990673
[BOOK WARN] Crossed book rejected for AAPL: ask 9403.984599 <= best bid 9999.990673
[BOOK WARN] Crossed book rejected for AAPL: ask 9404.368390 <= best bid 9999.990673
[BOOK WARN] Crossed book rejected for AAPL: ask 9405.795362 <= best bid 9999.990673
[BOOK WARN] Crossed book rejected for AAPL: ask 9421.321764 <= best bid 9999.990673
[BOOK WARN] Crossed book rejected for AAPL: ask 9422.631577 <= best bid 9999.990673
[BOOK WARN] Crossed book rejected for AAPL: ask 9426.678929 <= best bid 9999.990673
[BOOK WARN] Crossed book rejected for AAPL: ask 9420.181378 <= best bid 9999.990673
[BOOK WARN] Crossed book rejected for AAPL: ask 9411.415355 <= best bid 9999.990673
[BOOK WARN] Crossed book rejected for AAPL: ask 9418.359863 <= best bid 9999.990673
[BOOK WARN] Crossed book rejected for AAPL: ask 9423.521042 <= best bid 9999.990673
[BOOK WARN] Crossed book rejected for AAPL: ask 9423.549173 <= best bid 9999.990673
[BOOK WARN] Crossed book rejected for AAPL: ask 9432.969932 <= best bid 9999.990673
[BOOK WARN] Crossed book rejected for AAPL: ask 9436.958123 <= best bid 9999.990673
[BOOK WARN] Crossed book rejected for AAPL: ask 9426.127582 <= best bid 9999.990673
[BOOK WARN] Crossed book rejected for AAPL: ask 9440.220045 <= best bid 9999.990673
[BOOK WARN] Crossed book rejected for AAPL: ask 9445.723322 <= best bid 9999.990673
[BOOK WARN] Crossed book rejected for AAPL: ask 9453.283754 <= best bid 9999.990673
[BOOK WARN] Crossed book rejected for AAPL: ask 9450.742891 <= best bid 9999.990673
[BOOK WARN] Crossed book rejected for AAPL: ask 9441.860948 <= best bid 9999.990673
[BOOK WARN] Crossed book rejected for AAPL: ask 9435.991627 <= best bid 9999.990673
[BOOK WARN] Crossed book rejected for AAPL: ask 9433.097719 <= best bid 9999.990673
[BOOK WARN] Crossed book rejected for AAPL: ask 9431.696848 <= best bid 9999.990673
[BOOK WARN] Crossed book rejected for AAPL: ask 9429.828363 <= best bid 9999.990673
[BOOK WARN] Crossed book rejected for AAPL: ask 9433.101793 <= best bid 9999.990673
[BOOK WARN] Crossed book rejected for AAPL: ask 9439.584826 <= best bid 9999.990673
[BOOK WARN] Crossed book rejected for AAPL: ask 9446.177512 <= best bid 9999.990673
[BOOK WARN] Crossed book rejected for AAPL: ask 9440.592725 <= best bid 9999.990673
[BOOK WARN] Crossed book rejected for AAPL: ask 9440.847561 <= best bid 9999.990673
[BOOK WARN] Crossed book rejected for AAPL: ask 9435.258290 <= best bid 9999.990673
[BOOK WARN] Crossed book rejected for AAPL: ask 9412.194442 <= best bid 9999.990673
[BOOK WARN] Crossed book rejected for AAPL: ask 9402.080631 <= best bid 9999.990673
[BOOK WARN] Crossed book rejected for AAPL: ask 9413.504090 <= best bid 9999.990673
[BOOK WARN] Crossed book rejected for AAPL: ask 9403.725858 <= best bid 9999.990673
[BOOK WARN] Crossed book rejected for AAPL: ask 9407.417573 <= best bid 9999.990673
[BOOK WARN] Crossed book rejected for AAPL: ask 9410.909988 <= best bid 9999.990673
[BOOK WARN] Crossed book rejected for AAPL: ask 9425.449156 <= best bid 9999.990673
[BOOK WARN] Crossed book rejected for AAPL: ask 9413.037665 <= best bid 9999.990673
[BOOK WARN] Crossed book rejected for AAPL: ask 9407.344981 <= best bid 9999.990673
[BOOK WARN] Crossed book rejected for AAPL: ask 9417.727512 <= best bid 9999.990673
[BOOK WARN] Crossed book rejected for AAPL: ask 9405.966845 <= best bid 9999.990673
[BOOK WARN] Crossed book rejected for AAPL: ask 9416.547267 <= best bid 9999.990673
[BOOK WARN] Crossed book rejected for AAPL: ask 9409.791216 <= best bid 9999.990673
[BOOK WARN] Crossed book rejected for AAPL: ask 9410.666444 <= best bid 9999.990673
[BOOK WARN] Crossed book rejected for AAPL: ask 9401.222505 <= best bid 9999.990673
[BOOK WARN] Crossed book rejected for AAPL: ask 9404.114138 <= best bid 9999.990673
[BOOK WARN] Crossed book rejected for AAPL: ask 9409.917150 <= best bid 9999.990673
[BOOK WARN] Crossed book rejected for AAPL: ask 9418.910623 <= best bid 9999.990673
[BOOK WARN] Crossed book rejected for AAPL: ask 9399.167049 <= best bid 9999.990673
[BOOK WARN] Crossed book rejected for AAPL: ask 9400.950713 <= best bid 9999.990673
[BOOK WARN] Crossed book rejected for AAPL: ask 9396.143690 <= best bid 9999.990673
[BOOK WARN] Crossed book rejected for AAPL: ask 9397.548890 <= best bid 9999.990673
[BOOK WARN] Crossed book rejected for AAPL: ask 9376.745812 <= best bid 9999.990673
[BOOK WARN] Crossed book rejected for AAPL: ask 9393.962137 <= best bid 9999.990673
[BOOK WARN] Crossed book rejected for AAPL: ask 9389.928418 <= best bid 9999.990673
[BOOK WARN] Crossed book rejected for AAPL: ask 9406.255761 <= best bid 9999.990673
[BOOK WARN] Crossed book rejected for AAPL: ask 9386.644288 <= best bid 9999.990673
[BOOK WARN] Crossed book rejected for AAPL: ask 9387.427456 <= best bid 9999.990673
[BOOK WARN] Crossed book rejected for AAPL: ask 9377.382548 <= best bid 9999.990673
[BOOK WARN] Crossed book rejected for AAPL: ask 9381.922492 <= best bid 9999.990673
[BOOK WARN] Crossed book rejected for AAPL: ask 9388.178240 <= best bid 9999.990673
[BOOK WARN] Crossed book rejected for AAPL: ask 9387.653256 <= best bid 9999.990673
[BOOK WARN] Crossed book rejected for AAPL: ask 9400.815177 <= best bid 9999.990673
[BOOK WARN] Crossed book rejected for AAPL: ask 9419.863242 <= best bid 9999.990673
[BOOK WARN] Crossed book rejected for AAPL: ask 9427.723389 <= best bid 9999.990673
[BOOK WARN] Crossed book rejected for AAPL: ask 9440.699762 <= best bid 9999.990673
[BOOK WARN] Crossed book rejected for AAPL: ask 9449.808830 <= best bid 9999.990673
[BOOK WARN] Crossed book rejected for AAPL: ask 9433.830372 <= best bid 9999.990673
[BOOK WARN] Crossed book rejected for AAPL: ask 9449.722929 <= best bid 9999.990673
[BOOK WARN] Crossed book rejected for AAPL: ask 9451.250795 <= best bid 9999.990673
[BOOK WARN] Crossed book rejected for AAPL: ask 9448.196191 <= best bid 9999.990673
[BOOK WARN] Crossed book rejected for AAPL: ask 9439.468614 <= best bid 9999.990673
[BOOK WARN] Crossed book rejected for AAPL: ask 9440.095402 <= best bid 9999.990673
[BOOK WARN] Crossed book rejected for AAPL: ask 9431.741799 <= best bid 9999.990673
[BOOK WARN] Crossed book rejected for AAPL: ask 9439.025225 <= best bid 9999.990673
[BOOK WARN] Crossed book rejected for AAPL: ask 9449.202288 <= best bid 9999.990673
[BOOK WARN] Crossed book rejected for AAPL: ask 9453.401879 <= best bid 9999.990673
[BOOK WARN] Crossed book rejected for AAPL: ask 9448.505010 <= best bid 9999.990673
[BOOK WARN] Crossed book rejected for AAPL: ask 9445.451743 <= best bid 9999.990673
[BOOK WARN] Crossed book rejected for AAPL: ask 9465.071167 <= best bid 9999.990673
[BOOK WARN] Crossed book rejected for AAPL: ask 9472.705567 <= best bid 9999.990673
[BOOK WARN] Crossed book rejected for AAPL: ask 9471.886427 <= best bid 9999.990673
[BOOK WARN] Crossed book rejected for AAPL: ask 9464.652521 <= best bid 9999.990673
[BOOK WARN] Crossed book rejected for AAPL: ask 9461.120619 <= best bid 9999.990673
[BOOK WARN] Crossed book rejected for AAPL: ask 9476.838059 <= best bid 9999.990673
[BOOK WARN] Crossed book rejected for AAPL: ask 9489.996963 <= best bid 9999.990673
[BOOK WARN] Crossed book rejected for AAPL: ask 9495.974717 <= best bid 9999.990673
[BOOK WARN] Crossed book rejected for AAPL: ask 9506.698897 <= best bid 9999.990673
[BOOK WARN] Crossed book rejected for AAPL: ask 9512.950330 <= best bid 9999.990673
[BOOK WARN] Crossed book rejected for AAPL: ask 9511.328589 <= best bid 9999.990673
[BOOK WARN] Crossed book rejected for AAPL: ask 9502.143940 <= best bid 9999.990673
[BOOK WARN] Crossed book rejected for AAPL: ask 9503.056075 <= best bid 9999.990673
[BOOK WARN] Crossed book rejected for AAPL: ask 9501.521015 <= best bid 9999.990673
[BOOK WARN] Crossed book rejected for AAPL: ask 9489.387507 <= best bid 9999.990673
[BOOK WARN] Crossed book rejected for AAPL: ask 9494.790890 <= best bid 9999.990673
[BOOK WARN] Crossed book rejected for AAPL: ask 9508.457482 <= best bid 9999.990673
[BOOK WARN] Crossed book rejected for AAPL: ask 9499.192635 <= best bid 9999.990673
[BOOK WARN] Crossed book rejected for AAPL: ask 9508.823842 <= best bid 9999.990673
[BOOK WARN] Crossed book rejected for AAPL: ask 9498.563889 <= best bid 9999.990673
[BOOK WARN] Crossed book rejected for AAPL: ask 9494.634431 <= best bid 9999.990673
[BOOK WARN] Crossed book rejected for AAPL: ask 9495.834098 <= best bid 9999.990673
[BOOK WARN] Crossed book rejected for AAPL: ask 9490.291982 <= best bid 9999.990673
[BOOK WARN] Crossed book rejected for AAPL: ask 9492.874427 <= best bid 9999.990673
[BOOK WARN] Crossed book rejected for AAPL: ask 9499.853178 <= best bid 9999.990673
[BOOK WARN] Crossed book rejected for AAPL: ask 9501.490510 <= best bid 9999.990673
[BOOK WARN] Crossed book rejected for AAPL: ask 9488.521243 <= best bid 9999.990673
[BOOK WARN] Crossed book rejected for AAPL: ask 9491.218847 <= best bid 9999.990673
[BOOK WARN] Crossed book rejected for AAPL: ask 9481.035958 <= best bid 9999.990673
[BOOK WARN] Crossed book rejected for AAPL: ask 9497.228506 <= best bid 9999.990673
[BOOK WARN] Crossed book rejected for AAPL: ask 9506.769503 <= best bid 9999.990673
[BOOK WARN] Crossed book rejected for AAPL: ask 9521.130965 <= best bid 9999.990673
[BOOK WARN] Crossed book rejected for AAPL: ask 9537.093161 <= best bid 9999.990673
[BOOK WARN] Crossed book rejected for AAPL: ask 9545.502981 <= best bid 9999.990673
[BOOK WARN] Crossed book rejected for AAPL: ask 9556.946534 <= best bid 9999.990673
[BOOK WARN] Crossed book rejected for AAPL: ask 9555.139455 <= best bid 9999.990673
[BOOK WARN] Crossed book rejected for AAPL: ask 9547.166360 <= best bid 9999.990673
[BOOK WARN] Crossed book rejected for AAPL: ask 9554.356465 <= best bid 9999.990673
[BOOK WARN] Crossed book rejected for AAPL: ask 9560.608588 <= best bid 9999.990673
[BOOK WARN] Crossed book rejected for AAPL: ask 9556.225595 <= best bid 9999.990673
[BOOK WARN] Crossed book rejected for AAPL: ask 9559.209851 <= best bid 9999.990673
[BOOK WARN] Crossed book rejected for AAPL: ask 9581.478568 <= best bid 9999.990673
[BOOK WARN] Crossed book rejected for AAPL: ask 9588.306320 <= best bid 9999.990673
[BOOK WARN] Crossed book rejected for AAPL: ask 9593.271988 <= best bid 9999.990673
[BOOK WARN] Crossed book rejected for AAPL: ask 9585.141802 <= best bid 9999.990673
[BOOK WARN] Crossed book rejected for AAPL: ask 9582.778323 <= best bid 9999.990673
[BOOK WARN] Crossed book rejected for AAPL: ask 9587.196180 <= best bid 9999.990673
[BOOK WARN] Crossed book rejected for AAPL: ask 9571.729646 <= best bid 9999.990673
[BOOK WARN] Crossed book rejected for AAPL: ask 9586.895866 <= best bid 9999.990673
[BOOK WARN] Crossed book rejected for AAPL: ask 9585.164414 <= best bid 9999.990673
[BOOK WARN] Crossed book rejected for AAPL: ask 9571.744810 <= best bid 9999.990673
[BOOK WARN] Crossed book rejected for AAPL: ask 9580.102263 <= best bid 9999.990673
[BOOK WARN] Crossed book rejected for AAPL: ask 9604.968063 <= best bid 9999.990673
[BOOK WARN] Crossed book rejected for AAPL: ask 9584.610021 <= best bid 9999.990673
[BOOK WARN] Crossed book rejected for AAPL: ask 9573.866213 <= best bid 9999.990673
[BOOK WARN] Crossed book rejected for AAPL: ask 9577.750458 <= best bid 9999.990673
[BOOK WARN] Crossed book rejected for AAPL: ask 9589.690753 <= best bid 9999.990673
[BOOK WARN] Crossed book rejected for AAPL: ask 9587.721458 <= best bid 9999.990673
[BOOK WARN] Crossed book rejected for AAPL: ask 9587.471574 <= best bid 9999.990673
[BOOK WARN] Crossed book rejected for AAPL: ask 9612.550422 <= best bid 9999.990673
[BOOK WARN] Crossed book rejected for AAPL: ask 9611.573412 <= best bid 9999.990673
[BOOK WARN] Crossed book rejected for AAPL: ask 9615.218286 <= best bid 9999.990673
[BOOK WARN] Crossed book rejected for AAPL: ask 9610.424085 <= best bid 9999.990673
[BOOK WARN] Crossed book rejected for AAPL: ask 9613.012334 <= best bid 9999.990673
[BOOK WARN] Crossed book rejected for AAPL: ask 9624.120910 <= best bid 9999.990673
[BOOK WARN] Crossed book rejected for AAPL: ask 9630.213120 <= best bid 9999.990673
[BOOK WARN] Crossed book rejected for AAPL: ask 9623.121655 <= best bid 9999.990673
[BOOK WARN] Crossed book rejected for AAPL: ask 9633.642785 <= best bid 9999.990673
[BOOK WARN] Crossed book rejected for AAPL: ask 9634.310854 <= best bid 9999.990673
[BOOK WARN] Crossed book rejected for AAPL: ask 9621.666142 <= best bid 9999.990673
[BOOK WARN] Crossed book rejected for AAPL: ask 9626.629696 <= best bid 9999.990673
[BOOK WARN] Crossed book rejected for AAPL: ask 9610.225256 <= best bid 9999.990673
[BOOK WARN] Crossed book rejected for AAPL: ask 9609.910503 <= best bid 9999.990673
[BOOK WARN] Crossed book rejected for AAPL: ask 9600.978283 <= best bid 9999.990673
[BOOK WARN] Crossed book rejected for AAPL: ask 9613.638329 <= best bid 9999.990673
[BOOK WARN] Crossed book rejected for AAPL: ask 9634.752382 <= best bid 9999.990673
[BOOK WARN] Crossed book rejected for AAPL: ask 9624.609745 <= best bid 9999.990673
[BOOK WARN] Crossed book rejected for AAPL: ask 9638.586994 <= best bid 9999.990673
[BOOK WARN] Crossed book rejected for AAPL: ask 9619.458524 <= best bid 9999.990673
[BOOK WARN] Crossed book rejected for AAPL: ask 9631.838769 <= best bid 9999.990673
[BOOK WARN] Crossed book rejected for AAPL: ask 9638.325091 <= best bid 9999.990673
[BOOK WARN] Crossed book rejected for AAPL: ask 9627.634254 <= best bid 9999.990673
[BOOK WARN] Crossed book rejected for AAPL: ask 9650.035377 <= best bid 9999.990673
[BOOK WARN] Crossed book rejected for AAPL: ask 9666.825055 <= best bid 9999.990673
[BOOK WARN] Crossed book rejected for AAPL: ask 9674.779921 <= best bid 9999.990673
[BOOK WARN] Crossed book rejected for AAPL: ask 9688.809709 <= best bid 9999.990673
[BOOK WARN] Crossed book rejected for AAPL: ask 9684.989780 <= best bid 9999.990673
[BOOK WARN] Crossed book rejected for AAPL: ask 9698.874744 <= best bid 9999.990673
[BOOK WARN] Crossed book rejected for AAPL: ask 9690.011446 <= best bid 9999.990673
[BOOK WARN] Crossed book rejected for AAPL: ask 9698.787780 <= best bid 9999.990673
[BOOK WARN] Crossed book rejected for AAPL: ask 9696.106577 <= best bid 9999.990673
[BOOK WARN] Crossed book rejected for AAPL: ask 9711.329272 <= best bid 9999.990673
[BOOK WARN] Crossed book rejected for AAPL: ask 9718.385131 <= best bid 9999.990673
[BOOK WARN] Crossed book rejected for AAPL: ask 9715.981000 <= best bid 9999.990673
[BOOK WARN] Crossed book rejected for AAPL: ask 9705.190327 <= best bid 9999.990673
[BOOK WARN] Crossed book rejected for AAPL: ask 9700.401776 <= best bid 9999.990673
[BOOK WARN] Crossed book rejected for AAPL: ask 9708.344345 <= best bid 9999.990673
[BOOK WARN] Crossed book rejected for AAPL: ask 9709.480423 <= best bid 9999.990673
[BOOK WARN] Crossed book rejected for AAPL: ask 9709.942814 <= best bid 9999.990673
[BOOK WARN] Crossed book rejected for AAPL: ask 9710.839089 <= best bid 9999.990673
[BOOK WARN] Crossed book rejected for AAPL: ask 9688.584695 <= best bid 9999.990673
[BOOK WARN] Crossed book rejected for AAPL: ask 9688.031575 <= best bid 9999.990673
[BOOK WARN] Crossed book rejected for AAPL: ask 9711.012999 <= best bid 9999.990673
[BOOK WARN] Crossed book rejected for AAPL: ask 9725.849672 <= best bid 9999.990673
[BOOK WARN] Crossed book rejected for AAPL: ask 9718.344068 <= best bid 9999.990673
[BOOK WARN] Crossed book rejected for AAPL: ask 9705.750320 <= best bid 9999.990673
[BOOK WARN] Crossed book rejected for AAPL: ask 9689.102237 <= best bid 9999.990673
[BOOK WARN] Crossed book rejected for AAPL: ask 9689.546974 <= best bid 9999.990673
[BOOK WARN] Crossed book rejected for AAPL: ask 9693.438970 <= best bid 9999.990673
[BOOK WARN] Crossed book rejected for AAPL: ask 9686.099372 <= best bid 9999.990673
[BOOK WARN] Crossed book rejected for AAPL: ask 9664.585224 <= best bid 9999.990673
[BOOK WARN] Crossed book rejected for AAPL: ask 9665.052443 <= best bid 9999.990673
[BOOK WARN] Crossed book rejected for AAPL: ask 9668.490393 <= best bid 9999.990673
[BOOK WARN] Crossed book rejected for AAPL: ask 9698.258016 <= best bid 9999.990673
[BOOK WARN] Crossed book rejected for AAPL: ask 9686.860407 <= best bid 9999.990673
[BOOK WARN] Crossed book rejected for AAPL: ask 9669.296356 <= best bid 9999.990673
[BOOK WARN] Crossed book rejected for AAPL: ask 9650.231724 <= best bid 9999.990673
[BOOK WARN] Crossed book rejected for AAPL: ask 9637.541881 <= best bid 9999.990673
[BOOK WARN] Crossed book rejected for AAPL: ask 9628.719622 <= best bid 9999.990673
[BOOK WARN] Crossed book rejected for AAPL: ask 9626.191593 <= best bid 9999.990673
[BOOK WARN] Crossed book rejected for AAPL: ask 9639.744838 <= best bid 9999.990673
[BOOK WARN] Crossed book rejected for AAPL: ask 9650.082741 <= best bid 9999.990673
[BOOK WARN] Crossed book rejected for AAPL: ask 9652.738525 <= best bid 9999.990673
[BOOK WARN] Crossed book rejected for AAPL: ask 9667.982917 <= best bid 9999.990673
[BOOK WARN] Crossed book rejected for AAPL: ask 9660.031801 <= best bid 9999.990673
[BOOK WARN] Crossed book rejected for AAPL: ask 9643.659931 <= best bid 9999.990673
[BOOK WARN] Crossed book rejected for AAPL: ask 9639.320291 <= best bid 9999.990673
[BOOK WARN] Crossed book rejected for AAPL: ask 9648.788435 <= best bid 9999.990673
[BOOK WARN] Crossed book rejected for AAPL: ask 9638.157039 <= best bid 9999.990673
[BOOK WARN] Crossed book rejected for AAPL: ask 9633.084377 <= best bid 9999.990673
[BOOK WARN] Crossed book rejected for AAPL: ask 9631.985024 <= best bid 9999.990673
[BOOK WARN] Crossed book rejected for AAPL: ask 9641.470968 <= best bid 9999.990673
[BOOK WARN] Crossed book rejected for AAPL: ask 9638.979862 <= best bid 9999.990673
[BOOK WARN] Crossed book rejected for AAPL: ask 9632.635800 <= best bid 9999.990673
[BOOK WARN] Crossed book rejected for AAPL: ask 9632.362460 <= best bid 9999.990673
[BOOK WARN] Crossed book rejected for AAPL: ask 9626.792214 <= best bid 9999.990673
[BOOK WARN] Crossed book rejected for AAPL: ask 9609.256289 <= best bid 9999.990673
[BOOK WARN] Crossed book rejected for AAPL: ask 9605.597635 <= best bid 9999.990673
[BOOK WARN] Crossed book rejected for AAPL: ask 9600.090865 <= best bid 9999.990673
[BOOK WARN] Crossed book rejected for AAPL: ask 9597.191292 <= best bid 9999.990673
[BOOK WARN] Crossed book rejected for AAPL: ask 9605.027186 <= best bid 9999.990673
[BOOK WARN] Crossed book rejected for AAPL: ask 9621.548717 <= best bid 9999.990673
[BOOK WARN] Crossed book rejected for AAPL: ask 9620.576809 <= best bid 9999.990673
[BOOK WARN] Crossed book rejected for AAPL: ask 9601.710350 <= best bid 9999.990673
[BOOK WARN] Crossed book rejected for AAPL: ask 9609.327644 <= best bid 9999.990673
[BOOK WARN] Crossed book rejected for AAPL: ask 9627.879305 <= best bid 9999.990673
[BOOK WARN] Crossed book rejected for AAPL: ask 9627.066364 <= best bid 9999.990673
[BOOK WARN] Crossed book rejected for AAPL: ask 9618.672212 <= best bid 9999.990673
[BOOK WARN] Crossed book rejected for AAPL: ask 9607.991916 <= best bid 9999.990673
[BOOK WARN] Crossed book rejected for AAPL: ask 9605.067757 <= best bid 9999.990673
[BOOK WARN] Crossed book rejected for AAPL: ask 9598.920663 <= best bid 9999.990673
[BOOK WARN] Crossed book rejected for AAPL: ask 9593.099598 <= best bid 9999.990673
[BOOK WARN] Crossed book rejected for AAPL: ask 9590.172663 <= best bid 9999.990673
[BOOK WARN] Crossed book rejected for AAPL: ask 9584.300526 <= best bid 9999.990673
[BOOK WARN] Crossed book rejected for AAPL: ask 9600.538757 <= best bid 9999.990673
[BOOK WARN] Crossed book rejected for AAPL: ask 9612.689302 <= best bid 9999.990673
[BOOK WARN] Crossed book rejected for AAPL: ask 9603.299776 <= best bid 9999.990673
[BOOK WARN] Crossed book rejected for AAPL: ask 9627.624679 <= best bid 9999.990673
[BOOK WARN] Crossed book rejected for AAPL: ask 9631.833649 <= best bid 9999.990673
[BOOK WARN] Crossed book rejected for AAPL: ask 9630.011141 <= best bid 9999.990673
[BOOK WARN] Crossed book rejected for AAPL: ask 9624.462964 <= best bid 9999.990673
[BOOK WARN] Crossed book rejected for AAPL: ask 9624.021880 <= best bid 9999.990673
[BOOK WARN] Crossed book rejected for AAPL: ask 9616.797115 <= best bid 9999.990673
[BOOK WARN] Crossed book rejected for AAPL: ask 9600.327396 <= best bid 9999.990673
[BOOK WARN] Crossed book rejected for AAPL: ask 9600.498732 <= best bid 9999.990673
[BOOK WARN] Crossed book rejected for AAPL: ask 9603.154733 <= best bid 9999.990673
[BOOK WARN] Crossed book rejected for AAPL: ask 9607.311948 <= best bid 9999.990673
[BOOK WARN] Crossed book rejected for AAPL: ask 9603.240515 <= best bid 9999.990673
[BOOK WARN] Crossed book rejected for AAPL: ask 9602.576734 <= best bid 9999.990673
[BOOK WARN] Crossed book rejected for AAPL: ask 9601.646276 <= best bid 9999.990673
[BOOK WARN] Crossed book rejected for AAPL: ask 9619.088747 <= best bid 9999.990673
[BOOK WARN] Crossed book rejected for AAPL: ask 9634.251114 <= best bid 9999.990673
[BOOK WARN] Crossed book rejected for AAPL: ask 9636.969138 <= best bid 9999.990673
[BOOK WARN] Crossed book rejected for AAPL: ask 9643.794058 <= best bid 9999.990673
[BOOK WARN] Crossed book rejected for AAPL: ask 9655.173735 <= best bid 9999.990673
[BOOK WARN] Crossed book rejected for AAPL: ask 9661.012068 <= best bid 9999.990673
[BOOK WARN] Crossed book rejected for AAPL: ask 9655.359612 <= best bid 9999.990673
[BOOK WARN] Crossed book rejected for AAPL: ask 9652.762612 <= best bid 9999.990673
[BOOK WARN] Crossed book rejected for AAPL: ask 9645.335691 <= best bid 9999.990673
[BOOK WARN] Crossed book rejected for AAPL: ask 9646.773097 <= best bid 9999.990673
[BOOK WARN] Crossed book rejected for AAPL: ask 9648.664297 <= best bid 9999.990673
[BOOK WARN] Crossed book rejected for AAPL: ask 9637.019292 <= best bid 9999.990673
[BOOK WARN] Crossed book rejected for AAPL: ask 9634.053640 <= best bid 9999.990673
[BOOK WARN] Crossed book rejected for AAPL: ask 9623.650825 <= best bid 9999.990673
[BOOK WARN] Crossed book rejected for AAPL: ask 9619.428066 <= best bid 9999.990673
[BOOK WARN] Crossed book rejected for AAPL: ask 9613.093892 <= best bid 9999.990673
[BOOK WARN] Crossed book rejected for AAPL: ask 9611.542934 <= best bid 9999.990673
[BOOK WARN] Crossed book rejected for AAPL: ask 9610.327503 <= best bid 9999.990673
[BOOK WARN] Crossed book rejected for AAPL: ask 9620.779999 <= best bid 9999.990673
[BOOK WARN] Crossed book rejected for AAPL: ask 9615.594169 <= best bid 9999.990673
[BOOK WARN] Crossed book rejected for AAPL: ask 9614.404786 <= best bid 9999.990673
[BOOK WARN] Crossed book rejected for AAPL: ask 9615.900444 <= best bid 9999.990673
[BOOK WARN] Crossed book rejected for AAPL: ask 9624.963537 <= best bid 9999.990673
[BOOK WARN] Crossed book rejected for AAPL: ask 9637.907887 <= best bid 9999.990673
[BOOK WARN] Crossed book rejected for AAPL: ask 9643.375208 <= best bid 9999.990673
[BOOK WARN] Crossed book rejected for AAPL: ask 9645.292589 <= best bid 9999.990673
[BOOK WARN] Crossed book rejected for AAPL: ask 9651.773938 <= best bid 9999.990673
[BOOK WARN] Crossed book rejected for AAPL: ask 9637.873316 <= best bid 9999.990673
[BOOK WARN] Crossed book rejected for AAPL: ask 9631.214561 <= best bid 9999.990673
[BOOK WARN] Crossed book rejected for AAPL: ask 9644.198447 <= best bid 9999.990673
[BOOK WARN] Crossed book rejected for AAPL: ask 9646.916541 <= best bid 9999.990673
[BOOK WARN] Crossed book rejected for AAPL: ask 9649.243391 <= best bid 9999.990673
[BOOK WARN] Crossed book rejected for AAPL: ask 9636.199280 <= best bid 9999.990673
[BOOK WARN] Crossed book rejected for AAPL: ask 9647.004107 <= best bid 9999.990673
[BOOK WARN] Crossed book rejected for AAPL: ask 9644.900104 <= best bid 9999.990673
[BOOK WARN] Crossed book rejected for AAPL: ask 9640.463806 <= best bid 9999.990673
[BOOK WARN] Crossed book rejected for AAPL: ask 9647.079129 <= best bid 9999.990673
[BOOK WARN] Crossed book rejected for AAPL: ask 9659.743314 <= best bid 9999.990673
[BOOK WARN] Crossed book rejected for AAPL: ask 9656.579655 <= best bid 9999.990673
[BOOK WARN] Crossed book rejected for AAPL: ask 9660.664158 <= best bid 9999.990673
[BOOK WARN] Crossed book rejected for AAPL: ask 9661.761420 <= best bid 9999.990673
[BOOK WARN] Crossed book rejected for AAPL: ask 9657.016173 <= best bid 9999.990673
[BOOK WARN] Crossed book rejected for AAPL: ask 9643.866295 <= best bid 9999.990673
[BOOK WARN] Crossed book rejected for AAPL: ask 9630.011317 <= best bid 9999.990673
[BOOK WARN] Crossed book rejected for AAPL: ask 9620.177109 <= best bid 9999.990673
[BOOK WARN] Crossed book rejected for AAPL: ask 9602.981410 <= best bid 9999.990673
[BOOK WARN] Crossed book rejected for AAPL: ask 9602.787930 <= best bid 9999.990673
[BOOK WARN] Crossed book rejected for AAPL: ask 9606.240668 <= best bid 9999.990673
[BOOK WARN] Crossed book rejected for AAPL: ask 9596.521438 <= best bid 9999.990673
[BOOK WARN] Crossed book rejected for AAPL: ask 9600.424321 <= best bid 9999.990673
[BOOK WARN] Crossed book rejected for AAPL: ask 9612.672351 <= best bid 9999.990673
[BOOK WARN] Crossed book rejected for AAPL: ask 9609.511620 <= best bid 9999.990673
[BOOK WARN] Crossed book rejected for AAPL: ask 9605.183372 <= best bid 9999.990673
[BOOK WARN] Crossed book rejected for AAPL: ask 9609.092620 <= best bid 9999.990673
[BOOK WARN] Crossed book rejected for AAPL: ask 9613.191683 <= best bid 9999.990673
[BOOK WARN] Crossed book rejected for AAPL: ask 9630.608873 <= best bid 9999.990673
[BOOK WARN] Crossed book rejected for AAPL: ask 9626.990344 <= best bid 9999.990673
[BOOK WARN] Crossed book rejected for AAPL: ask 9625.849496 <= best bid 9999.990673
[BOOK WARN] Crossed book rejected for AAPL: ask 9636.202454 <= best bid 9999.990673
[BOOK WARN] Crossed book rejected for AAPL: ask 9630.363481 <= best bid 9999.990673
[BOOK WARN] Crossed book rejected for AAPL: ask 9632.223689 <= best bid 9999.990673
[BOOK WARN] Crossed book rejected for AAPL: ask 9620.063990 <= best bid 9999.990673
[BOOK WARN] Crossed book rejected for AAPL: ask 9620.710987 <= best bid 9999.990673
[BOOK WARN] Crossed book rejected for AAPL: ask 9635.723508 <= best bid 9999.990673
[BOOK WARN] Crossed book rejected for AAPL: ask 9648.971475 <= best bid 9999.990673
[BOOK WARN] Crossed book rejected for AAPL: ask 9643.015142 <= best bid 9999.990673
[BOOK WARN] Crossed book rejected for AAPL: ask 9653.353609 <= best bid 9999.990673
[BOOK WARN] Crossed book rejected for AAPL: ask 9643.358977 <= best bid 9999.990673
[BOOK WARN] Crossed book rejected for AAPL: ask 9655.464929 <= best bid 9999.990673
[BOOK WARN] Crossed book rejected for AAPL: ask 9647.588416 <= best bid 9999.990673
[BOOK WARN] Crossed book rejected for AAPL: ask 9648.007488 <= best bid 9999.990673
[BOOK WARN] Crossed book rejected for AAPL: ask 9643.314782 <= best bid 9999.990673
[BOOK WARN] Crossed book rejected for AAPL: ask 9646.949620 <= best bid 9999.990673
[BOOK WARN] Crossed book rejected for AAPL: ask 9674.928687 <= best bid 9999.990673
[BOOK WARN] Crossed book rejected for AAPL: ask 9677.046364 <= best bid 9999.990673
[BOOK WARN] Crossed book rejected for AAPL: ask 9682.429245 <= best bid 9999.990673
[BOOK WARN] Crossed book rejected for AAPL: ask 9657.784219 <= best bid 9999.990673
[BOOK WARN] Crossed book rejected for AAPL: ask 9631.120201 <= best bid 9999.990673
[BOOK WARN] Crossed book rejected for AAPL: ask 9633.506170 <= best bid 9999.990673
[BOOK WARN] Crossed book rejected for AAPL: ask 9648.236252 <= best bid 9999.990673
[BOOK WARN] Crossed book rejected for AAPL: ask 9633.313581 <= best bid 9999.990673
[BOOK WARN] Crossed book rejected for AAPL: ask 9623.615657 <= best bid 9999.990673
[BOOK WARN] Crossed book rejected for AAPL: ask 9633.570959 <= best bid 9999.990673
[BOOK WARN] Crossed book rejected for AAPL: ask 9634.537374 <= best bid 9999.990673
[BOOK WARN] Crossed book rejected for AAPL: ask 9622.215076 <= best bid 9999.990673
[BOOK WARN] Crossed book rejected for AAPL: ask 9622.172138 <= best bid 9999.990673
[BOOK WARN] Crossed book rejected for AAPL: ask 9640.087860 <= best bid 9999.990673
[BOOK WARN] Crossed book rejected for AAPL: ask 9634.658567 <= best bid 9999.990673
[BOOK WARN] Crossed book rejected for AAPL: ask 9646.980946 <= best bid 9999.990673
[BOOK WARN] Crossed book rejected for AAPL: ask 9654.641510 <= best bid 9999.990673
[BOOK WARN] Crossed book rejected for AAPL: ask 9663.126708 <= best bid 9999.990673
[BOOK WARN] Crossed book rejected for AAPL: ask 9666.745188 <= best bid 9999.990673
[BOOK WARN] Crossed book rejected for AAPL: ask 9668.315845 <= best bid 9999.990673
[BOOK WARN] Crossed book rejected for AAPL: ask 9667.919588 <= best bid 9999.990673
[BOOK WARN] Crossed book rejected for AAPL: ask 9678.482504 <= best bid 9999.990673
[BOOK WARN] Crossed book rejected for AAPL: ask 9667.013277 <= best bid 9999.990673
[BOOK WARN] Crossed book rejected for AAPL: ask 9658.119929 <= best bid 9999.990673
[BOOK WARN] Crossed book rejected for AAPL: ask 9667.612070 <= best bid 9999.990673
[BOOK WARN] Crossed book rejected for AAPL: ask 9661.635029 <= best bid 9999.990673
[BOOK WARN] Crossed book rejected for AAPL: ask 9638.872161 <= best bid 9999.990673
[BOOK WARN] Crossed book rejected for AAPL: ask 9629.607601 <= best bid 9999.990673
[BOOK WARN] Crossed book rejected for AAPL: ask 9638.146517 <= best bid 9999.990673
[BOOK WARN] Crossed book rejected for AAPL: ask 9650.010892 <= best bid 9999.990673
[BOOK WARN] Crossed book rejected for AAPL: ask 9647.412883 <= best bid 9999.990673
[BOOK WARN] Crossed book rejected for AAPL: ask 9637.285934 <= best bid 9999.990673
[BOOK WARN] Crossed book rejected for AAPL: ask 9636.707966 <= best bid 9999.990673
[BOOK WARN] Crossed book rejected for AAPL: ask 9627.568813 <= best bid 9999.990673
[BOOK WARN] Crossed book rejected for AAPL: ask 9629.319792 <= best bid 9999.990673
[BOOK WARN] Crossed book rejected for AAPL: ask 9622.706801 <= best bid 9999.990673
[BOOK WARN] Crossed book rejected for AAPL: ask 9626.218736 <= best bid 9999.990673
[BOOK WARN] Crossed book rejected for AAPL: ask 9621.154092 <= best bid 9999.990673
[BOOK WARN] Crossed book rejected for AAPL: ask 9636.546435 <= best bid 9999.990673
[BOOK WARN] Crossed book rejected for AAPL: ask 9633.847794 <= best bid 9999.990673
[BOOK WARN] Crossed book rejected for AAPL: ask 9644.329654 <= best bid 9999.990673
[BOOK WARN] Crossed book rejected for AAPL: ask 9632.594147 <= best bid 9999.990673
[BOOK WARN] Crossed book rejected for AAPL: ask 9638.870675 <= best bid 9999.990673
[BOOK WARN] Crossed book rejected for AAPL: ask 9655.832527 <= best bid 9999.990673
[BOOK WARN] Crossed book rejected for AAPL: ask 9642.706089 <= best bid 9999.990673
[BOOK WARN] Crossed book rejected for AAPL: ask 9640.147440 <= best bid 9999.990673
[BOOK WARN] Crossed book rejected for AAPL: ask 9647.912509 <= best bid 9999.990673
[BOOK WARN] Crossed book rejected for AAPL: ask 9649.570834 <= best bid 9999.990673
[BOOK WARN] Crossed book rejected for AAPL: ask 9648.869699 <= best bid 9999.990673
[BOOK WARN] Crossed book rejected for AAPL: ask 9652.557270 <= best bid 9999.990673
[BOOK WARN] Crossed book rejected for AAPL: ask 9652.236012 <= best bid 9999.990673
[BOOK WARN] Crossed book rejected for AAPL: ask 9664.068165 <= best bid 9999.990673
[BOOK WARN] Crossed book rejected for AAPL: ask 9660.534443 <= best bid 9999.990673
[BOOK WARN] Crossed book rejected for AAPL: ask 9659.486646 <= best bid 9999.990673
[BOOK WARN] Crossed book rejected for AAPL: ask 9641.482580 <= best bid 9999.990673
[BOOK WARN] Crossed book rejected for AAPL: ask 9633.725664 <= best bid 9999.990673
[BOOK WARN] Crossed book rejected for AAPL: ask 9624.981238 <= best bid 9999.990673
[BOOK WARN] Crossed book rejected for AAPL: ask 9631.008625 <= best bid 9999.990673
[BOOK WARN] Crossed book rejected for AAPL: ask 9621.901403 <= best bid 9999.990673
[BOOK WARN] Crossed book rejected for AAPL: ask 9634.913697 <= best bid 9999.990673
[BOOK WARN] Crossed book rejected for AAPL: ask 9639.026045 <= best bid 9999.990673
[BOOK WARN] Crossed book rejected for AAPL: ask 9632.860783 <= best bid 9999.990673
[BOOK WARN] Crossed book rejected for AAPL: ask 9626.737973 <= best bid 9999.990673
[BOOK WARN] Crossed book rejected for AAPL: ask 9624.583863 <= best bid 9999.990673
[BOOK WARN] Crossed book rejected for AAPL: ask 9634.607228 <= best bid 9999.990673
[BOOK WARN] Crossed book rejected for AAPL: ask 9636.344803 <= best bid 9999.990673
[BOOK WARN] Crossed book rejected for AAPL: ask 9630.619799 <= best bid 9999.990673
[BOOK WARN] Crossed book rejected for AAPL: ask 9631.142848 <= best bid 9999.990673
[BOOK WARN] Crossed book rejected for AAPL: ask 9623.187472 <= best bid 9999.990673
[BOOK WARN] Crossed book rejected for AAPL: ask 9617.490245 <= best bid 9999.990673
[BOOK WARN] Crossed book rejected for AAPL: ask 9627.044380 <= best bid 9999.990673
[BOOK WARN] Crossed book rejected for AAPL: ask 9630.157632 <= best bid 9999.990673
[BOOK WARN] Crossed book rejected for AAPL: ask 9642.816141 <= best bid 9999.990673
[BOOK WARN] Crossed book rejected for AAPL: ask 9638.041484 <= best bid 9999.990673
[BOOK WARN] Crossed book rejected for AAPL: ask 9667.813349 <= best bid 9999.990673
[BOOK WARN] Crossed book rejected for AAPL: ask 9663.704512 <= best bid 9999.990673
[BOOK WARN] Crossed book rejected for AAPL: ask 9664.604951 <= best bid 9999.990673
[BOOK WARN] Crossed book rejected for AAPL: ask 9663.847625 <= best bid 9999.990673
[BOOK WARN] Crossed book rejected for AAPL: ask 9649.411925 <= best bid 9999.990673
[BOOK WARN] Crossed book rejected for AAPL: ask 9647.795669 <= best bid 9999.990673
[BOOK WARN] Crossed book rejected for AAPL: ask 9638.293389 <= best bid 9999.990673
[BOOK WARN] Crossed book rejected for AAPL: ask 9651.314526 <= best bid 9999.990673
[BOOK WARN] Crossed book rejected for AAPL: ask 9668.792827 <= best bid 9999.990673
[BOOK WARN] Crossed book rejected for AAPL: ask 9659.780076 <= best bid 9999.990673
[BOOK WARN] Crossed book rejected for AAPL: ask 9663.691071 <= best bid 9999.990673
[BOOK WARN] Crossed book rejected for AAPL: ask 9681.694336 <= best bid 9999.990673
[BOOK WARN] Crossed book rejected for AAPL: ask 9691.548815 <= best bid 9999.990673
[BOOK WARN] Crossed book rejected for AAPL: ask 9690.336285 <= best bid 9999.990673
[BOOK WARN] Crossed book rejected for AAPL: ask 9705.072358 <= best bid 9999.990673
[BOOK WARN] Crossed book rejected for AAPL: ask 9708.546989 <= best bid 9999.990673
[BOOK WARN] Crossed book rejected for AAPL: ask 9709.085482 <= best bid 9999.990673
[BOOK WARN] Crossed book rejected for AAPL: ask 9715.597028 <= best bid 9999.990673
[BOOK WARN] Crossed book rejected for AAPL: ask 9714.683385 <= best bid 9999.990673
[BOOK WARN] Crossed book rejected for AAPL: ask 9700.934876 <= best bid 9999.990673
[BOOK WARN] Crossed book rejected for AAPL: ask 9705.627011 <= best bid 9999.990673
[BOOK WARN] Crossed book rejected for AAPL: ask 9705.362494 <= best bid 9999.990673
[BOOK WARN] Crossed book rejected for AAPL: ask 9701.454943 <= best bid 9999.990673
[BOOK WARN] Crossed book rejected for AAPL: ask 9716.428485 <= best bid 9999.990673
[BOOK WARN] Crossed book rejected for AAPL: ask 9706.127454 <= best bid 9999.990673
[BOOK WARN] Crossed book rejected for AAPL: ask 9706.092419 <= best bid 9999.990673
[BOOK WARN] Crossed book rejected for AAPL: ask 9711.589933 <= best bid 9999.990673
[BOOK WARN] Crossed book rejected for AAPL: ask 9722.818744 <= best bid 9999.990673
[BOOK WARN] Crossed book rejected for AAPL: ask 9739.220090 <= best bid 9999.990673
[BOOK WARN] Crossed book rejected for AAPL: ask 9749.908943 <= best bid 9999.990673
[BOOK WARN] Crossed book rejected for AAPL: ask 9762.041713 <= best bid 9999.990673
[BOOK WARN] Crossed book rejected for AAPL: ask 9775.771807 <= best bid 9999.990673
[BOOK WARN] Crossed book rejected for AAPL: ask 9783.528813 <= best bid 9999.990673
[BOOK WARN] Crossed book rejected for AAPL: ask 9792.050008 <= best bid 9999.990673
[BOOK WARN] Crossed book rejected for AAPL: ask 9781.775732 <= best bid 9999.990673
[BOOK WARN] Crossed book rejected for AAPL: ask 9788.399763 <= best bid 9999.990673
[BOOK WARN] Crossed book rejected for AAPL: ask 9791.829105 <= best bid 9999.990673
[BOOK WARN] Crossed book rejected for AAPL: ask 9786.942074 <= best bid 9999.990673
[BOOK WARN] Crossed book rejected for AAPL: ask 9770.101064 <= best bid 9999.990673
[BOOK WARN] Crossed book rejected for AAPL: ask 9794.977499 <= best bid 9999.990673
[BOOK WARN] Crossed book rejected for AAPL: ask 9802.961261 <= best bid 9999.990673
[BOOK WARN] Crossed book rejected for AAPL: ask 9778.187001 <= best bid 9999.990673
[BOOK WARN] Crossed book rejected for AAPL: ask 9779.072005 <= best bid 9999.990673
[BOOK WARN] Crossed book rejected for AAPL: ask 9770.063088 <= best bid 9999.990673
[BOOK WARN] Crossed book rejected for AAPL: ask 9780.139224 <= best bid 9999.990673
[BOOK WARN] Crossed book rejected for AAPL: ask 9766.928862 <= best bid 9999.990673
[BOOK WARN] Crossed book rejected for AAPL: ask 9758.767038 <= best bid 9999.990673
[BOOK WARN] Crossed book rejected for AAPL: ask 9755.769027 <= best bid 9999.990673
[BOOK WARN] Crossed book rejected for AAPL: ask 9746.908231 <= best bid 9999.990673
[BOOK WARN] Crossed book rejected for AAPL: ask 9757.230100 <= best bid 9999.990673
[BOOK WARN] Crossed book rejected for AAPL: ask 9756.858666 <= best bid 9999.990673
[BOOK WARN] Crossed book rejected for AAPL: ask 9755.841656 <= best bid 9999.990673
[BOOK WARN] Crossed book rejected for AAPL: ask 9749.988082 <= best bid 9999.990673
[BOOK WARN] Crossed book rejected for AAPL: ask 9747.556263 <= best bid 9999.990673
[BOOK WARN] Crossed book rejected for AAPL: ask 9757.460892 <= best bid 9999.990673
[BOOK WARN] Crossed book rejected for AAPL: ask 9730.666963 <= best bid 9999.990673
[BOOK WARN] Crossed book rejected for AAPL: ask 9724.156945 <= best bid 9999.990673
[BOOK WARN] Crossed book rejected for AAPL: ask 9720.598082 <= best bid 9999.990673
[BOOK WARN] Crossed book rejected for AAPL: ask 9719.832157 <= best bid 9999.990673
[BOOK WARN] Crossed book rejected for AAPL: ask 9710.474431 <= best bid 9999.990673
[BOOK WARN] Crossed book rejected for AAPL: ask 9708.798718 <= best bid 9999.990673
[BOOK WARN] Crossed book rejected for AAPL: ask 9719.712326 <= best bid 9999.990673
[BOOK WARN] Crossed book rejected for AAPL: ask 9700.455344 <= best bid 9999.990673
[BOOK WARN] Crossed book rejected for AAPL: ask 9686.419746 <= best bid 9999.990673
[BOOK WARN] Crossed book rejected for AAPL: ask 9678.888701 <= best bid 9999.990673
[BOOK WARN] Crossed book rejected for AAPL: ask 9679.793821 <= best bid 9999.990673
[BOOK WARN] Crossed book rejected for AAPL: ask 9671.454759 <= best bid 9999.990673
[BOOK WARN] Crossed book rejected for AAPL: ask 9657.044840 <= best bid 9999.990673
[BOOK WARN] Crossed book rejected for AAPL: ask 9658.142161 <= best bid 9999.990673
[BOOK WARN] Crossed book rejected for AAPL: ask 9665.575284 <= best bid 9999.990673
[BOOK WARN] Crossed book rejected for AAPL: ask 9684.323659 <= best bid 9999.990673
[BOOK WARN] Crossed book rejected for AAPL: ask 9687.031651 <= best bid 9999.990673
[BOOK WARN] Crossed book rejected for AAPL: ask 9683.275311 <= best bid 9999.990673
[BOOK WARN] Crossed book rejected for AAPL: ask 9690.556140 <= best bid 9999.990673
[BOOK WARN] Crossed book rejected for AAPL: ask 9695.037839 <= best bid 9999.990673
[BOOK WARN] Crossed book rejected for AAPL: ask 9690.748871 <= best bid 9999.990673
[BOOK WARN] Crossed book rejected for AAPL: ask 9682.806402 <= best bid 9999.990673
[BOOK WARN] Crossed book rejected for AAPL: ask 9667.533499 <= best bid 9999.990673
[BOOK WARN] Crossed book rejected for AAPL: ask 9673.650049 <= best bid 9999.990673
[BOOK WARN] Crossed book rejected for AAPL: ask 9687.948770 <= best bid 9999.990673
[BOOK WARN] Crossed book rejected for AAPL: ask 9687.141012 <= best bid 9999.990673
[BOOK WARN] Crossed book rejected for AAPL: ask 9690.875608 <= best bid 9999.990673
[BOOK WARN] Crossed book rejected for AAPL: ask 9692.646188 <= best bid 9999.990673
[BOOK WARN] Crossed book rejected for AAPL: ask 9683.222099 <= best bid 9999.990673
[BOOK WARN] Crossed book rejected for AAPL: ask 9679.507420 <= best bid 9999.990673
[BOOK WARN] Crossed book rejected for AAPL: ask 9683.109422 <= best bid 9999.990673
[BOOK WARN] Crossed book rejected for AAPL: ask 9681.458953 <= best bid 9999.990673
[BOOK WARN] Crossed book rejected for AAPL: ask 9696.911373 <= best bid 9999.990673
[BOOK WARN] Crossed book rejected for AAPL: ask 9686.761270 <= best bid 9999.990673
[BOOK WARN] Crossed book rejected for AAPL: ask 9678.099927 <= best bid 9999.990673
[BOOK WARN] Crossed book rejected for AAPL: ask 9682.624045 <= best bid 9999.990673
[BOOK WARN] Crossed book rejected for AAPL: ask 9691.282508 <= best bid 9999.990673
[BOOK WARN] Crossed book rejected for AAPL: ask 9704.982232 <= best bid 9999.990673
[BOOK WARN] Crossed book rejected for AAPL: ask 9683.807952 <= best bid 9999.990673
[BOOK WARN] Crossed book rejected for AAPL: ask 9699.389652 <= best bid 9999.990673
[BOOK WARN] Crossed book rejected for AAPL: ask 9705.694519 <= best bid 9999.990673
[BOOK WARN] Crossed book rejected for AAPL: ask 9687.620705 <= best bid 9999.990673
[BOOK WARN] Crossed book rejected for AAPL: ask 9697.583028 <= best bid 9999.990673
[BOOK WARN] Crossed book rejected for AAPL: ask 9689.274271 <= best bid 9999.990673
[BOOK WARN] Crossed book rejected for AAPL: ask 9700.333915 <= best bid 9999.990673
[BOOK WARN] Crossed book rejected for AAPL: ask 9685.598528 <= best bid 9999.990673
[BOOK WARN] Crossed book rejected for AAPL: ask 9704.266432 <= best bid 9999.990673
[BOOK WARN] Crossed book rejected for AAPL: ask 9726.404527 <= best bid 9999.990673
[BOOK WARN] Crossed book rejected for AAPL: ask 9740.807030 <= best bid 9999.990673
[BOOK WARN] Crossed book rejected for AAPL: ask 9730.167093 <= best bid 9999.990673
[BOOK WARN] Crossed book rejected for AAPL: ask 9727.393165 <= best bid 9999.990673
[BOOK WARN] Crossed book rejected for AAPL: ask 9706.731440 <= best bid 9999.990673
[BOOK WARN] Crossed book rejected for AAPL: ask 9699.466781 <= best bid 9999.990673
[BOOK WARN] Crossed book rejected for AAPL: ask 9712.779390 <= best bid 9999.990673
[BOOK WARN] Crossed book rejected for AAPL: ask 9722.055159 <= best bid 9999.990673
[BOOK WARN] Crossed book rejected for AAPL: ask 9697.168235 <= best bid 9999.990673
[BOOK WARN] Crossed book rejected for AAPL: ask 9698.468344 <= best bid 9999.990673
[BOOK WARN] Crossed book rejected for AAPL: ask 9711.529625 <= best bid 9999.990673
[BOOK WARN] Crossed book rejected for AAPL: ask 9716.467493 <= best bid 9999.990673
[BOOK WARN] Crossed book rejected for AAPL: ask 9717.151555 <= best bid 9999.990673
[BOOK WARN] Crossed book rejected for AAPL: ask 9704.954126 <= best bid 9999.990673
[BOOK WARN] Crossed book rejected for AAPL: ask 9707.969152 <= best bid 9999.990673
[BOOK WARN] Crossed book rejected for AAPL: ask 9708.594380 <= best bid 9999.990673
[BOOK WARN] Crossed book rejected for AAPL: ask 9710.047322 <= best bid 9999.990673
[BOOK WARN] Crossed book rejected for AAPL: ask 9692.745509 <= best bid 9999.990673
[BOOK WARN] Crossed book rejected for AAPL: ask 9683.901258 <= best bid 9999.990673
[BOOK WARN] Crossed book rejected for AAPL: ask 9668.463883 <= best bid 9999.990673
[BOOK WARN] Crossed book rejected for AAPL: ask 9663.379917 <= best bid 9999.990673
[BOOK WARN] Crossed book rejected for AAPL: ask 9667.477339 <= best bid 9999.990673
[BOOK WARN] Crossed book rejected for AAPL: ask 9662.594689 <= best bid 9999.990673
[BOOK WARN] Crossed book rejected for AAPL: ask 9663.815720 <= best bid 9999.990673
[BOOK WARN] Crossed book rejected for AAPL: ask 9666.113418 <= best bid 9999.990673
[BOOK WARN] Crossed book rejected for AAPL: ask 9654.650646 <= best bid 9999.990673
[BOOK WARN] Crossed book rejected for AAPL: ask 9648.728743 <= best bid 9999.990673
[BOOK WARN] Crossed book rejected for AAPL: ask 9640.716279 <= best bid 9999.990673
[BOOK WARN] Crossed book rejected for AAPL: ask 9636.456739 <= best bid 9999.990673
[BOOK WARN] Crossed book rejected for AAPL: ask 9626.140222 <= best bid 9999.990673
[BOOK WARN] Crossed book rejected for AAPL: ask 9616.211416 <= best bid 9999.990673
[BOOK WARN] Crossed book rejected for AAPL: ask 9629.393650 <= best bid 9999.990673
[BOOK WARN] Crossed book rejected for AAPL: ask 9633.632425 <= best bid 9999.990673
[BOOK WARN] Crossed book rejected for AAPL: ask 9640.135119 <= best bid 9999.990673
[BOOK WARN] Crossed book rejected for AAPL: ask 9631.181335 <= best bid 9999.990673
[BOOK WARN] Crossed book rejected for AAPL: ask 9627.998612 <= best bid 9999.990673
[BOOK WARN] Crossed book rejected for AAPL: ask 9632.561162 <= best bid 9999.990673
[BOOK WARN] Crossed book rejected for AAPL: ask 9634.627076 <= best bid 9999.990673
[BOOK WARN] Crossed book rejected for AAPL: ask 9633.586399 <= best bid 9999.990673
[BOOK WARN] Crossed book rejected for AAPL: ask 9648.961301 <= best bid 9999.990673
[BOOK WARN] Crossed book rejected for AAPL: ask 9630.086078 <= best bid 9999.990673
[BOOK WARN] Crossed book rejected for AAPL: ask 9616.872570 <= best bid 9999.990673
[BOOK WARN] Crossed book rejected for AAPL: ask 9608.678181 <= best bid 9999.990673
[BOOK WARN] Crossed book rejected for AAPL: ask 9595.775001 <= best bid 9999.990673
[BOOK WARN] Crossed book rejected for AAPL: ask 9599.753955 <= best bid 9999.990673
[BOOK WARN] Crossed book rejected for AAPL: ask 9610.540721 <= best bid 9999.990673
[BOOK WARN] Crossed book rejected for AAPL: ask 9621.889704 <= best bid 9999.990673
[BOOK WARN] Crossed book rejected for AAPL: ask 9610.779340 <= best bid 9999.990673
[BOOK WARN] Crossed book rejected for AAPL: ask 9607.810086 <= best bid 9999.990673
[BOOK WARN] Crossed book rejected for AAPL: ask 9601.136203 <= best bid 9999.990673
[BOOK WARN] Crossed book rejected for AAPL: ask 9589.927650 <= best bid 9999.990673
[BOOK WARN] Crossed book rejected for AAPL: ask 9606.630475 <= best bid 9999.990673
[BOOK WARN] Crossed book rejected for AAPL: ask 9605.835617 <= best bid 9999.990673
[BOOK WARN] Crossed book rejected for AAPL: ask 9611.740947 <= best bid 9999.990673
[BOOK WARN] Crossed book rejected for AAPL: ask 9615.006801 <= best bid 9999.990673
[BOOK WARN] Crossed book rejected for AAPL: ask 9631.194359 <= best bid 9999.990673
[BOOK WARN] Crossed book rejected for AAPL: ask 9624.345810 <= best bid 9999.990673
[BOOK WARN] Crossed book rejected for AAPL: ask 9613.213245 <= best bid 9999.990673
[BOOK WARN] Crossed book rejected for AAPL: ask 9605.648071 <= best bid 9999.990673
[BOOK WARN] Crossed book rejected for AAPL: ask 9615.346462 <= best bid 9999.990673
[BOOK WARN] Crossed book rejected for AAPL: ask 9607.623782 <= best bid 9999.990673
[BOOK WARN] Crossed book rejected for AAPL: ask 9624.200925 <= best bid 9999.990673
[BOOK WARN] Crossed book rejected for AAPL: ask 9629.909635 <= best bid 9999.990673
[BOOK WARN] Crossed book rejected for AAPL: ask 9642.280163 <= best bid 9999.990673
[BOOK WARN] Crossed book rejected for AAPL: ask 9645.218671 <= best bid 9999.990673
[BOOK WARN] Crossed book rejected for AAPL: ask 9638.036524 <= best bid 9999.990673
[BOOK WARN] Crossed book rejected for AAPL: ask 9625.066956 <= best bid 9999.990673
[BOOK WARN] Crossed book rejected for AAPL: ask 9634.474859 <= best bid 9999.990673
[BOOK WARN] Crossed book rejected for AAPL: ask 9641.981943 <= best bid 9999.990673
[BOOK WARN] Crossed book rejected for AAPL: ask 9642.480388 <= best bid 9999.990673
[BOOK WARN] Crossed book rejected for AAPL: ask 9654.340419 <= best bid 9999.990673
[BOOK WARN] Crossed book rejected for AAPL: ask 9658.078721 <= best bid 9999.990673
[BOOK WARN] Crossed book rejected for AAPL: ask 9666.286603 <= best bid 9999.990673
[BOOK WARN] Crossed book rejected for AAPL: ask 9666.058868 <= best bid 9999.990673
[BOOK WARN] Crossed book rejected for AAPL: ask 9658.041447 <= best bid 9999.990673
[BOOK WARN] Crossed book rejected for AAPL: ask 9660.233047 <= best bid 9999.990673
[BOOK WARN] Crossed book rejected for AAPL: ask 9662.035426 <= best bid 9999.990673
[BOOK WARN] Crossed book rejected for AAPL: ask 9666.431662 <= best bid 9999.990673
[BOOK WARN] Crossed book rejected for AAPL: ask 9673.828893 <= best bid 9999.990673
[BOOK WARN] Crossed book rejected for AAPL: ask 9678.932253 <= best bid 9999.990673
[BOOK WARN] Crossed book rejected for AAPL: ask 9668.161529 <= best bid 9999.990673
[BOOK WARN] Crossed book rejected for AAPL: ask 9673.775820 <= best bid 9999.990673
[BOOK WARN] Crossed book rejected for AAPL: ask 9682.140721 <= best bid 9999.990673
[BOOK WARN] Crossed book rejected for AAPL: ask 9680.746317 <= best bid 9999.990673
[BOOK WARN] Crossed book rejected for AAPL: ask 9685.336690 <= best bid 9999.990673
[BOOK WARN] Crossed book rejected for AAPL: ask 9681.645110 <= best bid 9999.990673
[BOOK WARN] Crossed book rejected for AAPL: ask 9678.797864 <= best bid 9999.990673
[BOOK WARN] Crossed book rejected for AAPL: ask 9687.726804 <= best bid 9999.990673
[BOOK WARN] Crossed book rejected for AAPL: ask 9689.616246 <= best bid 9999.990673
[BOOK WARN] Crossed book rejected for AAPL: ask 9690.490449 <= best bid 9999.990673
[BOOK WARN] Crossed book rejected for AAPL: ask 9717.679969 <= best bid 9999.990673
[BOOK WARN] Crossed book rejected for AAPL: ask 9711.126678 <= best bid 9999.990673
[BOOK WARN] Crossed book rejected for AAPL: ask 9711.221027 <= best bid 9999.990673
[BOOK WARN] Crossed book rejected for AAPL: ask 9707.450442 <= best bid 9999.990673
[BOOK WARN] Crossed book rejected for AAPL: ask 9704.395289 <= best bid 9999.990673
[BOOK WARN] Crossed book rejected for AAPL: ask 9715.461522 <= best bid 9999.990673
[BOOK WARN] Crossed book rejected for AAPL: ask 9726.096565 <= best bid 9999.990673
[BOOK WARN] Crossed book rejected for AAPL: ask 9731.172630 <= best bid 9999.990673
[BOOK WARN] Crossed book rejected for AAPL: ask 9725.465004 <= best bid 9999.990673
[BOOK WARN] Crossed book rejected for AAPL: ask 9729.530379 <= best bid 9999.990673
[BOOK WARN] Crossed book rejected for AAPL: ask 9724.744782 <= best bid 9999.990673
[BOOK WARN] Crossed book rejected for AAPL: ask 9726.450120 <= best bid 9999.990673
[BOOK WARN] Crossed book rejected for AAPL: ask 9732.624703 <= best bid 9999.990673
[BOOK WARN] Crossed book rejected for AAPL: ask 9736.327993 <= best bid 9999.990673
[BOOK WARN] Crossed book rejected for AAPL: ask 9732.038628 <= best bid 9999.990673
[BOOK WARN] Crossed book rejected for AAPL: ask 9749.904561 <= best bid 9999.990673
[BOOK WARN] Crossed book rejected for AAPL: ask 9746.134788 <= best bid 9999.990673
[BOOK WARN] Crossed book rejected for AAPL: ask 9756.276391 <= best bid 9999.990673
[BOOK WARN] Crossed book rejected for AAPL: ask 9771.123290 <= best bid 9999.990673
[BOOK WARN] Crossed book rejected for AAPL: ask 9780.681903 <= best bid 9999.990673
[BOOK WARN] Crossed book rejected for AAPL: ask 9793.831051 <= best bid 9999.990673
[BOOK WARN] Crossed book rejected for AAPL: ask 9785.344198 <= best bid 9999.990673
[BOOK WARN] Crossed book rejected for AAPL: ask 9776.895016 <= best bid 9999.990673
[BOOK WARN] Crossed book rejected for AAPL: ask 9781.434905 <= best bid 9999.990673
[BOOK WARN] Crossed book rejected for AAPL: ask 9766.703016 <= best bid 9999.990673
[BOOK WARN] Crossed book rejected for AAPL: ask 9759.354709 <= best bid 9999.990673
[BOOK WARN] Crossed book rejected for AAPL: ask 9768.554043 <= best bid 9999.990673
[BOOK WARN] Crossed book rejected for AAPL: ask 9756.932504 <= best bid 9999.990673
[BOOK WARN] Crossed book rejected for AAPL: ask 9753.867656 <= best bid 9999.990673
[BOOK WARN] Crossed book rejected for AAPL: ask 9759.637092 <= best bid 9999.990673
[BOOK WARN] Crossed book rejected for AAPL: ask 9746.598954 <= best bid 9999.990673
[BOOK WARN] Crossed book rejected for AAPL: ask 9748.230220 <= best bid 9999.990673
[BOOK WARN] Crossed book rejected for AAPL: ask 9737.955750 <= best bid 9999.990673
[BOOK WARN] Crossed book rejected for AAPL: ask 9725.086735 <= best bid 9999.990673
[BOOK WARN] Crossed book rejected for AAPL: ask 9733.994651 <= best bid 9999.990673
[BOOK WARN] Crossed book rejected for AAPL: ask 9746.191127 <= best bid 9999.990673
[BOOK WARN] Crossed book rejected for AAPL: ask 9743.548342 <= best bid 9999.990673
[BOOK WARN] Crossed book rejected for AAPL: ask 9723.542757 <= best bid 9999.990673
[BOOK WARN] Crossed book rejected for AAPL: ask 9716.431299 <= best bid 9999.990673
[BOOK WARN] Crossed book rejected for AAPL: ask 9701.048657 <= best bid 9999.990673
[BOOK WARN] Crossed book rejected for AAPL: ask 9695.835378 <= best bid 9999.990673
[BOOK WARN] Crossed book rejected for AAPL: ask 9696.281661 <= best bid 9999.990673
[BOOK WARN] Crossed book rejected for AAPL: ask 9687.794701 <= best bid 9999.990673
[BOOK WARN] Crossed book rejected for AAPL: ask 9710.699235 <= best bid 9999.990673
[BOOK WARN] Crossed book rejected for AAPL: ask 9713.609272 <= best bid 9999.990673
[BOOK WARN] Crossed book rejected for AAPL: ask 9721.083946 <= best bid 9999.990673
[BOOK WARN] Crossed book rejected for AAPL: ask 9712.419823 <= best bid 9999.990673
[BOOK WARN] Crossed book rejected for AAPL: ask 9716.117156 <= best bid 9999.990673
[BOOK WARN] Crossed book rejected for AAPL: ask 9708.936549 <= best bid 9999.990673
[BOOK WARN] Crossed book rejected for AAPL: ask 9702.383016 <= best bid 9999.990673
[BOOK WARN] Crossed book rejected for AAPL: ask 9694.305055 <= best bid 9999.990673
[BOOK WARN] Crossed book rejected for AAPL: ask 9686.697435 <= best bid 9999.990673
[BOOK WARN] Crossed book rejected for AAPL: ask 9669.225137 <= best bid 9999.990673
[BOOK WARN] Crossed book rejected for AAPL: ask 9676.280269 <= best bid 9999.990673
[BOOK WARN] Crossed book rejected for AAPL: ask 9661.021537 <= best bid 9999.990673
[BOOK WARN] Crossed book rejected for AAPL: ask 9661.297558 <= best bid 9999.990673
[BOOK WARN] Crossed book rejected for AAPL: ask 9671.071005 <= best bid 9999.990673
[BOOK WARN] Crossed book rejected for AAPL: ask 9665.800386 <= best bid 9999.990673
[BOOK WARN] Crossed book rejected for AAPL: ask 9660.744105 <= best bid 9999.990673
[BOOK WARN] Crossed book rejected for AAPL: ask 9654.194281 <= best bid 9999.990673
[BOOK WARN] Crossed book rejected for AAPL: ask 9646.947334 <= best bid 9999.990673
[BOOK WARN] Crossed book rejected for AAPL: ask 9640.172651 <= best bid 9999.990673
[BOOK WARN] Crossed book rejected for AAPL: ask 9651.175006 <= best bid 9999.990673
[BOOK WARN] Crossed book rejected for AAPL: ask 9644.456467 <= best bid 9999.990673
[BOOK WARN] Crossed book rejected for AAPL: ask 9632.950309 <= best bid 9999.990673
[BOOK WARN] Crossed book rejected for AAPL: ask 9616.248132 <= best bid 9999.990673
[BOOK WARN] Crossed book rejected for AAPL: ask 9629.565057 <= best bid 9999.990673
[BOOK WARN] Crossed book rejected for AAPL: ask 9636.876970 <= best bid 9999.990673
[BOOK WARN] Crossed book rejected for AAPL: ask 9655.925843 <= best bid 9999.990673
[BOOK WARN] Crossed book rejected for AAPL: ask 9679.199422 <= best bid 9999.990673
[BOOK WARN] Crossed book rejected for AAPL: ask 9670.504535 <= best bid 9999.990673
[BOOK WARN] Crossed book rejected for AAPL: ask 9675.124471 <= best bid 9999.990673
[BOOK WARN] Crossed book rejected for AAPL: ask 9668.899393 <= best bid 9999.990673
[BOOK WARN] Crossed book rejected for AAPL: ask 9668.972846 <= best bid 9999.990673
[BOOK WARN] Crossed book rejected for AAPL: ask 9695.067107 <= best bid 9999.990673
[BOOK WARN] Crossed book rejected for AAPL: ask 9683.831210 <= best bid 9999.990673
[BOOK WARN] Crossed book rejected for AAPL: ask 9691.108502 <= best bid 9999.990673
[BOOK WARN] Crossed book rejected for AAPL: ask 9700.128694 <= best bid 9999.990673
[BOOK WARN] Crossed book rejected for AAPL: ask 9711.543598 <= best bid 9999.990673
[BOOK WARN] Crossed book rejected for AAPL: ask 9738.916976 <= best bid 9999.990673
[BOOK WARN] Crossed book rejected for AAPL: ask 9752.839906 <= best bid 9999.990673
[BOOK WARN] Crossed book rejected for AAPL: ask 9759.522320 <= best bid 9999.990673
[BOOK WARN] Crossed book rejected for AAPL: ask 9770.075210 <= best bid 9999.990673
[BOOK WARN] Crossed book rejected for AAPL: ask 9777.490072 <= best bid 9999.990673
[BOOK WARN] Crossed book rejected for AAPL: ask 9776.132527 <= best bid 9999.990673
[BOOK WARN] Crossed book rejected for AAPL: ask 9791.309815 <= best bid 9999.990673
[BOOK WARN] Crossed book rejected for AAPL: ask 9784.016633 <= best bid 9999.990673
[BOOK WARN] Crossed book rejected for AAPL: ask 9772.772490 <= best bid 9999.990673
[BOOK WARN] Crossed book rejected for AAPL: ask 9781.098260 <= best bid 9999.990673
[BOOK WARN] Crossed book rejected for AAPL: ask 9772.706938 <= best bid 9999.990673
[BOOK WARN] Crossed book rejected for AAPL: ask 9769.353364 <= best bid 9999.990673
[BOOK WARN] Crossed book rejected for AAPL: ask 9769.929436 <= best bid 9999.990673
[BOOK WARN] Crossed book rejected for AAPL: ask 9777.252893 <= best bid 9999.990673
[BOOK WARN] Crossed book rejected for AAPL: ask 9780.424572 <= best bid 9999.990673
[BOOK WARN] Crossed book rejected for AAPL: ask 9778.921775 <= best bid 9999.990673
[BOOK WARN] Crossed book rejected for AAPL: ask 9772.306866 <= best bid 9999.990673
[BOOK WARN] Crossed book rejected for AAPL: ask 9770.339022 <= best bid 9999.990673
[BOOK WARN] Crossed book rejected for AAPL: ask 9771.451330 <= best bid 9999.990673
[BOOK WARN] Crossed book rejected for AAPL: ask 9771.461652 <= best bid 9999.990673
[BOOK WARN] Crossed book rejected for AAPL: ask 9775.745910 <= best bid 9999.990673
[BOOK WARN] Crossed book rejected for AAPL: ask 9776.539409 <= best bid 9999.990673
[BOOK WARN] Crossed book rejected for AAPL: ask 9768.508698 <= best bid 9999.990673
[BOOK WARN] Crossed book rejected for AAPL: ask 9765.422321 <= best bid 9999.990673
[BOOK WARN] Crossed book rejected for AAPL: ask 9773.405831 <= best bid 9999.990673
[BOOK WARN] Crossed book rejected for AAPL: ask 9778.490977 <= best bid 9999.990673
[BOOK WARN] Crossed book rejected for AAPL: ask 9776.241375 <= best bid 9999.990673
[BOOK WARN] Crossed book rejected for AAPL: ask 9766.760140 <= best bid 9999.990673
[BOOK WARN] Crossed book rejected for AAPL: ask 9765.918531 <= best bid 9999.990673
[BOOK WARN] Crossed book rejected for AAPL: ask 9771.068879 <= best bid 9999.990673
[BOOK WARN] Crossed book rejected for AAPL: ask 9776.269233 <= best bid 9999.990673
[BOOK WARN] Crossed book rejected for AAPL: ask 9758.022843 <= best bid 9999.990673
[BOOK WARN] Crossed book rejected for AAPL: ask 9758.235646 <= best bid 9999.990673
[BOOK WARN] Crossed book rejected for AAPL: ask 9753.976309 <= best bid 9999.990673
[BOOK WARN] Crossed book rejected for AAPL: ask 9751.526957 <= best bid 9999.990673
[BOOK WARN] Crossed book rejected for AAPL: ask 9739.867116 <= best bid 9999.990673
[BOOK WARN] Crossed book rejected for AAPL: ask 9747.713745 <= best bid 9999.990673
[BOOK WARN] Crossed book rejected for AAPL: ask 9754.207564 <= best bid 9999.990673
[BOOK WARN] Crossed book rejected for AAPL: ask 9763.551343 <= best bid 9999.990673
[BOOK WARN] Crossed book rejected for AAPL: ask 9764.105797 <= best bid 9999.990673
[BOOK WARN] Crossed book rejected for AAPL: ask 9771.515487 <= best bid 9999.990673
[BOOK WARN] Crossed book rejected for AAPL: ask 9766.769999 <= best bid 9999.990673
[BOOK WARN] Crossed book rejected for AAPL: ask 9767.766034 <= best bid 9999.990673
[BOOK WARN] Crossed book rejected for AAPL: ask 9776.223970 <= best bid 9999.990673
[BOOK WARN] Crossed book rejected for AAPL: ask 9767.995752 <= best bid 9999.990673
[BOOK WARN] Crossed book rejected for AAPL: ask 9750.311689 <= best bid 9999.990673
[BOOK WARN] Crossed book rejected for AAPL: ask 9758.827908 <= best bid 9999.990673
[BOOK WARN] Crossed book rejected for AAPL: ask 9753.133346 <= best bid 9999.990673
[BOOK WARN] Crossed book rejected for AAPL: ask 9743.157753 <= best bid 9999.990673
[BOOK WARN] Crossed book rejected for AAPL: ask 9730.244343 <= best bid 9999.990673
[BOOK WARN] Crossed book rejected for AAPL: ask 9715.392976 <= best bid 9999.990673
[BOOK WARN] Crossed book rejected for AAPL: ask 9729.372438 <= best bid 9999.990673
[BOOK WARN] Crossed book rejected for AAPL: ask 9723.031321 <= best bid 9999.990673
[BOOK WARN] Crossed book rejected for AAPL: ask 9738.873192 <= best bid 9999.990673
[BOOK WARN] Crossed book rejected for AAPL: ask 9735.516853 <= best bid 9999.990673
[BOOK WARN] Crossed book rejected for AAPL: ask 9734.838345 <= best bid 9999.990673
[BOOK WARN] Crossed book rejected for AAPL: ask 9728.520080 <= best bid 9999.990673
[BOOK WARN] Crossed book rejected for AAPL: ask 9723.886328 <= best bid 9999.990673
[BOOK WARN] Crossed book rejected for AAPL: ask 9729.239286 <= best bid 9999.990673
[BOOK WARN] Crossed book rejected for AAPL: ask 9720.010787 <= best bid 9999.990673
[BOOK WARN] Crossed book rejected for AAPL: ask 9715.659448 <= best bid 9999.990673
[BOOK WARN] Crossed book rejected for AAPL: ask 9716.889857 <= best bid 9999.990673
[BOOK WARN] Crossed book rejected for AAPL: ask 9703.387522 <= best bid 9999.990673
[BOOK WARN] Crossed book rejected for AAPL: ask 9712.045454 <= best bid 9999.990673
[BOOK WARN] Crossed book rejected for AAPL: ask 9717.524314 <= best bid 9999.990673
[BOOK WARN] Crossed book rejected for AAPL: ask 9713.698084 <= best bid 9999.990673
[BOOK WARN] Crossed book rejected for AAPL: ask 9717.852667 <= best bid 9999.990673
[BOOK WARN] Crossed book rejected for AAPL: ask 9710.451342 <= best bid 9999.990673
[BOOK WARN] Crossed book rejected for AAPL: ask 9721.765343 <= best bid 9999.990673
[BOOK WARN] Crossed book rejected for AAPL: ask 9717.051389 <= best bid 9999.990673
[BOOK WARN] Crossed book rejected for AAPL: ask 9706.012811 <= best bid 9999.990673
[BOOK WARN] Crossed book rejected for AAPL: ask 9710.622507 <= best bid 9999.990673
[BOOK WARN] Crossed book rejected for AAPL: ask 9692.688786 <= best bid 9999.990673
[BOOK WARN] Crossed book rejected for AAPL: ask 9681.345272 <= best bid 9999.990673
[BOOK WARN] Crossed book rejected for AAPL: ask 9681.806465 <= best bid 9999.990673
[BOOK WARN] Crossed book rejected for AAPL: ask 9694.647057 <= best bid 9999.990673
[BOOK WARN] Crossed book rejected for AAPL: ask 9702.102646 <= best bid 9999.990673
[BOOK WARN] Crossed book rejected for AAPL: ask 9702.358646 <= best bid 9999.990673
[BOOK WARN] Crossed book rejected for AAPL: ask 9694.822747 <= best bid 9999.990673
[BOOK WARN] Crossed book rejected for AAPL: ask 9700.368488 <= best bid 9999.990673
[BOOK WARN] Crossed book rejected for AAPL: ask 9709.536850 <= best bid 9999.990673
[BOOK WARN] Crossed book rejected for AAPL: ask 9713.465132 <= best bid 9999.990673
[BOOK WARN] Crossed book rejected for AAPL: ask 9703.940816 <= best bid 9999.990673
[BOOK WARN] Crossed book rejected for AAPL: ask 9696.510779 <= best bid 9999.990673
[BOOK WARN] Crossed book rejected for AAPL: ask 9697.521441 <= best bid 9999.990673
[BOOK WARN] Crossed book rejected for AAPL: ask 9708.934690 <= best bid 9999.990673
[BOOK WARN] Crossed book rejected for AAPL: ask 9710.738115 <= best bid 9999.990673
[BOOK WARN] Crossed book rejected for AAPL: ask 9724.909327 <= best bid 9999.990673
[BOOK WARN] Crossed book rejected for AAPL: ask 9707.331287 <= best bid 9999.990673
[BOOK WARN] Crossed book rejected for AAPL: ask 9714.588935 <= best bid 9999.990673
[BOOK WARN] Crossed book rejected for AAPL: ask 9715.004514 <= best bid 9999.990673
[BOOK WARN] Crossed book rejected for AAPL: ask 9707.735225 <= best bid 9999.990673
[BOOK WARN] Crossed book rejected for AAPL: ask 9690.186895 <= best bid 9999.990673
[BOOK WARN] Crossed book rejected for AAPL: ask 9681.462917 <= best bid 9999.990673
[BOOK WARN] Crossed book rejected for AAPL: ask 9689.797783 <= best bid 9999.990673
[BOOK WARN] Crossed book rejected for AAPL: ask 9694.211282 <= best bid 9999.990673
[BOOK WARN] Crossed book rejected for AAPL: ask 9672.051924 <= best bid 9999.990673
[BOOK WARN] Crossed book rejected for AAPL: ask 9683.797933 <= best bid 9999.990673
[BOOK WARN] Crossed book rejected for AAPL: ask 9674.773926 <= best bid 9999.990673
[BOOK WARN] Crossed book rejected for AAPL: ask 9661.796476 <= best bid 9999.990673
[BOOK WARN] Crossed book rejected for AAPL: ask 9657.500812 <= best bid 9999.990673
[BOOK WARN] Crossed book rejected for AAPL: ask 9649.445876 <= best bid 9999.990673
[BOOK WARN] Crossed book rejected for AAPL: ask 9637.976190 <= best bid 9999.990673
[BOOK WARN] Crossed book rejected for AAPL: ask 9645.221659 <= best bid 9999.990673
[BOOK WARN] Crossed book rejected for AAPL: ask 9641.858660 <= best bid 9999.990673
[BOOK WARN] Crossed book rejected for AAPL: ask 9643.811223 <= best bid 9999.990673
[BOOK WARN] Crossed book rejected for AAPL: ask 9637.685049 <= best bid 9999.990673
[BOOK WARN] Crossed book rejected for AAPL: ask 9655.395908 <= best bid 9999.990673
[BOOK WARN] Crossed book rejected for AAPL: ask 9667.978463 <= best bid 9999.990673
[BOOK WARN] Crossed book rejected for AAPL: ask 9669.265506 <= best bid 9999.990673
[BOOK WARN] Crossed book rejected for AAPL: ask 9671.307564 <= best bid 9999.990673
[BOOK WARN] Crossed book rejected for AAPL: ask 9668.619275 <= best bid 9999.990673
[BOOK WARN] Crossed book rejected for AAPL: ask 9668.017782 <= best bid 9999.990673
[BOOK WARN] Crossed book rejected for AAPL: ask 9668.547189 <= best bid 9999.990673
[BOOK WARN] Crossed book rejected for AAPL: ask 9675.486410 <= best bid 9999.990673
[BOOK WARN] Crossed book rejected for AAPL: ask 9668.300624 <= best bid 9999.990673
[BOOK WARN] Crossed book rejected for AAPL: ask 9667.074830 <= best bid 9999.990673
[BOOK WARN] Crossed book rejected for AAPL: ask 9673.107700 <= best bid 9999.990673
[BOOK WARN] Crossed book rejected for AAPL: ask 9663.672741 <= best bid 9999.990673
[BOOK WARN] Crossed book rejected for AAPL: ask 9672.481462 <= best bid 9999.990673
[BOOK WARN] Crossed book rejected for AAPL: ask 9665.485355 <= best bid 9999.990673
[BOOK WARN] Crossed book rejected for AAPL: ask 9657.938703 <= best bid 9999.990673
[BOOK WARN] Crossed book rejected for AAPL: ask 9655.233258 <= best bid 9999.990673
[BOOK WARN] Crossed book rejected for AAPL: ask 9646.668386 <= best bid 9999.990673
[BOOK WARN] Crossed book rejected for AAPL: ask 9645.917928 <= best bid 9999.990673
[BOOK WARN] Crossed book rejected for AAPL: ask 9641.317097 <= best bid 9999.990673
[BOOK WARN] Crossed book rejected for AAPL: ask 9639.849990 <= best bid 9999.990673
[BOOK WARN] Crossed book rejected for AAPL: ask 9627.941530 <= best bid 9999.990673
[BOOK WARN] Crossed book rejected for AAPL: ask 9631.186524 <= best bid 9999.990673
[BOOK WARN] Crossed book rejected for AAPL: ask 9629.516875 <= best bid 9999.990673
[BOOK WARN] Crossed book rejected for AAPL: ask 9621.589609 <= best bid 9999.990673
[BOOK WARN] Crossed book rejected for AAPL: ask 9647.623741 <= best bid 9999.990673
[BOOK WARN] Crossed book rejected for AAPL: ask 9660.428548 <= best bid 9999.990673
[BOOK WARN] Crossed book rejected for AAPL: ask 9655.326774 <= best bid 9999.990673
[BOOK WARN] Crossed book rejected for AAPL: ask 9654.869632 <= best bid 9999.990673
[BOOK WARN] Crossed book rejected for AAPL: ask 9656.018927 <= best bid 9999.990673
[BOOK WARN] Crossed book rejected for AAPL: ask 9652.828365 <= best bid 9999.990673
[BOOK WARN] Crossed book rejected for AAPL: ask 9646.259001 <= best bid 9999.990673
[BOOK WARN] Crossed book rejected for AAPL: ask 9637.912617 <= best bid 9999.990673
[BOOK WARN] Crossed book rejected for AAPL: ask 9619.312536 <= best bid 9999.990673
[BOOK WARN] Crossed book rejected for AAPL: ask 9628.633415 <= best bid 9999.990673
[BOOK WARN] Crossed book rejected for AAPL: ask 9628.457123 <= best bid 9999.990673
[BOOK WARN] Crossed book rejected for AAPL: ask 9627.054719 <= best bid 9999.990673
[BOOK WARN] Crossed book rejected for AAPL: ask 9644.658292 <= best bid 9999.990673
[BOOK WARN] Crossed book rejected for AAPL: ask 9645.982353 <= best bid 9999.990673
[BOOK WARN] Crossed book rejected for AAPL: ask 9638.321082 <= best bid 9999.990673
[BOOK WARN] Crossed book rejected for AAPL: ask 9635.266810 <= best bid 9999.990673
[BOOK WARN] Crossed book rejected for AAPL: ask 9626.829272 <= best bid 9999.990673
[BOOK WARN] Crossed book rejected for AAPL: ask 9622.232398 <= best bid 9999.990673
[BOOK WARN] Crossed book rejected for AAPL: ask 9603.732777 <= best bid 9999.990673
[BOOK WARN] Crossed book rejected for AAPL: ask 9601.675550 <= best bid 9999.990673
[BOOK WARN] Crossed book rejected for AAPL: ask 9586.590586 <= best bid 9999.990673
[BOOK WARN] Crossed book rejected for AAPL: ask 9580.668010 <= best bid 9999.990673
[BOOK WARN] Crossed book rejected for AAPL: ask 9595.748909 <= best bid 9999.990673
[BOOK WARN] Crossed book rejected for AAPL: ask 9579.412549 <= best bid 9999.990673
[BOOK WARN] Crossed book rejected for AAPL: ask 9599.060288 <= best bid 9999.990673
[BOOK WARN] Crossed book rejected for AAPL: ask 9598.992801 <= best bid 9999.990673
[BOOK WARN] Crossed book rejected for AAPL: ask 9616.613774 <= best bid 9999.990673
[BOOK WARN] Crossed book rejected for AAPL: ask 9611.432528 <= best bid 9999.990673
[BOOK WARN] Crossed book rejected for AAPL: ask 9613.515593 <= best bid 9999.990673
[BOOK WARN] Crossed book rejected for AAPL: ask 9602.266550 <= best bid 9999.990673
[BOOK WARN] Crossed book rejected for AAPL: ask 9575.143559 <= best bid 9999.990673
[BOOK WARN] Crossed book rejected for AAPL: ask 9559.744365 <= best bid 9999.990673
[BOOK WARN] Crossed book rejected for AAPL: ask 9557.231114 <= best bid 9999.990673
[BOOK WARN] Crossed book rejected for AAPL: ask 9555.171548 <= best bid 9999.990673
[BOOK WARN] Crossed book rejected for AAPL: ask 9554.041427 <= best bid 9999.990673
[BOOK WARN] Crossed book rejected for AAPL: ask 9562.975094 <= best bid 9999.990673
[BOOK WARN] Crossed book rejected for AAPL: ask 9563.211321 <= best bid 9999.990673
[BOOK WARN] Crossed book rejected for AAPL: ask 9573.409246 <= best bid 9999.990673
[BOOK WARN] Crossed book rejected for AAPL: ask 9558.178601 <= best bid 9999.990673
[BOOK WARN] Crossed book rejected for AAPL: ask 9555.153465 <= best bid 9999.990673
[BOOK WARN] Crossed book rejected for AAPL: ask 9560.032550 <= best bid 9999.990673
[BOOK WARN] Crossed book rejected for AAPL: ask 9559.718150 <= best bid 9999.990673
[BOOK WARN] Crossed book rejected for AAPL: ask 9550.678170 <= best bid 9999.990673
[BOOK WARN] Crossed book rejected for AAPL: ask 9562.804207 <= best bid 9999.990673
[BOOK WARN] Crossed book rejected for AAPL: ask 9563.462480 <= best bid 9999.990673
[BOOK WARN] Crossed book rejected for AAPL: ask 9576.041648 <= best bid 9999.990673
[BOOK WARN] Crossed book rejected for AAPL: ask 9567.795884 <= best bid 9999.990673
[BOOK WARN] Crossed book rejected for AAPL: ask 9565.265695 <= best bid 9999.990673
[BOOK WARN] Crossed book rejected for AAPL: ask 9568.603191 <= best bid 9999.990673
[BOOK WARN] Crossed book rejected for AAPL: ask 9578.707705 <= best bid 9999.990673
[BOOK WARN] Crossed book rejected for AAPL: ask 9586.690841 <= best bid 9999.990673
[BOOK WARN] Crossed book rejected for AAPL: ask 9583.381806 <= best bid 9999.990673
[BOOK WARN] Crossed book rejected for AAPL: ask 9593.805739 <= best bid 9999.990673
[BOOK WARN] Crossed book rejected for AAPL: ask 9588.150334 <= best bid 9999.990673
[BOOK WARN] Crossed book rejected for AAPL: ask 9584.838074 <= best bid 9999.990673
[BOOK WARN] Crossed book rejected for AAPL: ask 9570.043414 <= best bid 9999.990673
[BOOK WARN] Crossed book rejected for AAPL: ask 9572.626897 <= best bid 9999.990673
[BOOK WARN] Crossed book rejected for AAPL: ask 9577.550432 <= best bid 9999.990673
[BOOK WARN] Crossed book rejected for AAPL: ask 9585.172752 <= best bid 9999.990673
[BOOK WARN] Crossed book rejected for AAPL: ask 9601.084419 <= best bid 9999.990673
[BOOK WARN] Crossed book rejected for AAPL: ask 9618.667446 <= best bid 9999.990673
[BOOK WARN] Crossed book rejected for AAPL: ask 9630.725458 <= best bid 9999.990673
[BOOK WARN] Crossed book rejected for AAPL: ask 9636.177373 <= best bid 9999.990673
[BOOK WARN] Crossed book rejected for AAPL: ask 9634.495544 <= best bid 9999.990673
[BOOK WARN] Crossed book rejected for AAPL: ask 9630.579336 <= best bid 9999.990673
[BOOK WARN] Crossed book rejected for AAPL: ask 9618.015349 <= best bid 9999.990673
[BOOK WARN] Crossed book rejected for AAPL: ask 9624.329054 <= best bid 9999.990673
[BOOK WARN] Crossed book rejected for AAPL: ask 9634.183682 <= best bid 9999.990673
[BOOK WARN] Crossed book rejected for AAPL: ask 9640.809602 <= best bid 9999.990673
[BOOK WARN] Crossed book rejected for AAPL: ask 9641.712290 <= best bid 9999.990673
[BOOK WARN] Crossed book rejected for AAPL: ask 9645.353165 <= best bid 9999.990673
[BOOK WARN] Crossed book rejected for AAPL: ask 9661.147017 <= best bid 9999.990673
[BOOK WARN] Crossed book rejected for AAPL: ask 9671.688041 <= best bid 9999.990673
[BOOK WARN] Crossed book rejected for AAPL: ask 9674.384235 <= best bid 9999.990673
[BOOK WARN] Crossed book rejected for AAPL: ask 9685.612804 <= best bid 9999.990673
[BOOK WARN] Crossed book rejected for AAPL: ask 9681.724551 <= best bid 9999.990673
[BOOK WARN] Crossed book rejected for AAPL: ask 9676.869411 <= best bid 9999.990673
[BOOK WARN] Crossed book rejected for AAPL: ask 9677.206195 <= best bid 9999.990673
[BOOK WARN] Crossed book rejected for AAPL: ask 9683.872145 <= best bid 9999.990673
[BOOK WARN] Crossed book rejected for AAPL: ask 9678.742926 <= best bid 9999.990673
[BOOK WARN] Crossed book rejected for AAPL: ask 9658.853111 <= best bid 9999.990673
[BOOK WARN] Crossed book rejected for AAPL: ask 9649.023489 <= best bid 9999.990673
[BOOK WARN] Crossed book rejected for AAPL: ask 9650.472503 <= best bid 9999.990673
[BOOK WARN] Crossed book rejected for AAPL: ask 9643.181280 <= best bid 9999.990673
[BOOK WARN] Crossed book rejected for AAPL: ask 9651.452037 <= best bid 9999.990673
[BOOK WARN] Crossed book rejected for AAPL: ask 9630.865012 <= best bid 9999.990673
[BOOK WARN] Crossed book rejected for AAPL: ask 9646.875867 <= best bid 9999.990673
[BOOK WARN] Crossed book rejected for AAPL: ask 9660.261867 <= best bid 9999.990673
[BOOK WARN] Crossed book rejected for AAPL: ask 9643.416029 <= best bid 9999.990673
[BOOK WARN] Crossed book rejected for AAPL: ask 9647.263262 <= best bid 9999.990673
[BOOK WARN] Crossed book rejected for AAPL: ask 9636.106968 <= best bid 9999.990673
[BOOK WARN] Crossed book rejected for AAPL: ask 9642.484486 <= best bid 9999.990673
[BOOK WARN] Crossed book rejected for AAPL: ask 9651.765989 <= best bid 9999.990673
[BOOK WARN] Crossed book rejected for AAPL: ask 9655.682877 <= best bid 9999.990673
[BOOK WARN] Crossed book rejected for AAPL: ask 9653.898579 <= best bid 9999.990673
[BOOK WARN] Crossed book rejected for AAPL: ask 9677.366315 <= best bid 9999.990673
[BOOK WARN] Crossed book rejected for AAPL: ask 9681.284480 <= best bid 9999.990673
[BOOK WARN] Crossed book rejected for AAPL: ask 9699.675900 <= best bid 9999.990673
[BOOK WARN] Crossed book rejected for AAPL: ask 9706.524820 <= best bid 9999.990673
[BOOK WARN] Crossed book rejected for AAPL: ask 9695.483311 <= best bid 9999.990673
[BOOK WARN] Crossed book rejected for AAPL: ask 9703.191081 <= best bid 9999.990673
[BOOK WARN] Crossed book rejected for AAPL: ask 9706.390385 <= best bid 9999.990673
[BOOK WARN] Crossed book rejected for AAPL: ask 9717.136245 <= best bid 9999.990673
[BOOK WARN] Crossed book rejected for AAPL: ask 9724.209819 <= best bid 9999.990673
[BOOK WARN] Crossed book rejected for AAPL: ask 9719.888178 <= best bid 9999.990673
[BOOK WARN] Crossed book rejected for AAPL: ask 9707.639644 <= best bid 9999.990673
[BOOK WARN] Crossed book rejected for AAPL: ask 9697.514710 <= best bid 9999.990673
[BOOK WARN] Crossed book rejected for AAPL: ask 9701.916445 <= best bid 9999.990673
[BOOK WARN] Crossed book rejected for AAPL: ask 9703.576439 <= best bid 9999.990673
[BOOK WARN] Crossed book rejected for AAPL: ask 9699.212295 <= best bid 9999.990673
[BOOK WARN] Crossed book rejected for AAPL: ask 9690.783317 <= best bid 9999.990673
[BOOK WARN] Crossed book rejected for AAPL: ask 9693.673501 <= best bid 9999.990673
[BOOK WARN] Crossed book rejected for AAPL: ask 9699.608523 <= best bid 9999.990673
[BOOK WARN] Crossed book rejected for AAPL: ask 9706.939364 <= best bid 9999.990673
[BOOK WARN] Crossed book rejected for AAPL: ask 9711.158779 <= best bid 9999.990673
[BOOK WARN] Crossed book rejected for AAPL: ask 9720.632832 <= best bid 9999.990673
[BOOK WARN] Crossed book rejected for AAPL: ask 9711.326653 <= best bid 9999.990673
[BOOK WARN] Crossed book rejected for AAPL: ask 9708.155457 <= best bid 9999.990673
[BOOK WARN] Crossed book rejected for AAPL: ask 9708.323691 <= best bid 9999.990673
[BOOK WARN] Crossed book rejected for AAPL: ask 9718.275061 <= best bid 9999.990673
[BOOK WARN] Crossed book rejected for AAPL: ask 9728.367445 <= best bid 9999.990673
[BOOK WARN] Crossed book rejected for AAPL: ask 9727.816718 <= best bid 9999.990673
[BOOK WARN] Crossed book rejected for AAPL: ask 9730.814578 <= best bid 9999.990673
[BOOK WARN] Crossed book rejected for AAPL: ask 9735.437323 <= best bid 9999.990673
[BOOK WARN] Crossed book rejected for AAPL: ask 9723.145566 <= best bid 9999.990673
[BOOK WARN] Crossed book rejected for AAPL: ask 9705.636336 <= best bid 9999.990673
[BOOK WARN] Crossed book rejected for AAPL: ask 9710.270390 <= best bid 9999.990673
[BOOK WARN] Crossed book rejected for AAPL: ask 9698.339758 <= best bid 9999.990673
[BOOK WARN] Crossed book rejected for AAPL: ask 9710.608606 <= best bid 9999.990673
[BOOK WARN] Crossed book rejected for AAPL: ask 9712.944110 <= best bid 9999.990673
[BOOK WARN] Crossed book rejected for AAPL: ask 9699.696163 <= best bid 9999.990673
[BOOK WARN] Crossed book rejected for AAPL: ask 9683.939343 <= best bid 9999.990673
[BOOK WARN] Crossed book rejected for AAPL: ask 9676.624145 <= best bid 9999.990673
[BOOK WARN] Crossed book rejected for AAPL: ask 9671.640374 <= best bid 9999.990673
[BOOK WARN] Crossed book rejected for AAPL: ask 9674.311614 <= best bid 9999.990673
[BOOK WARN] Crossed book rejected for AAPL: ask 9661.994826 <= best bid 9999.990673
[BOOK WARN] Crossed book rejected for AAPL: ask 9677.482400 <= best bid 9999.990673
[BOOK WARN] Crossed book rejected for AAPL: ask 9678.974400 <= best bid 9999.990673
[BOOK WARN] Crossed book rejected for AAPL: ask 9680.964460 <= best bid 9999.990673
[BOOK WARN] Crossed book rejected for AAPL: ask 9683.437547 <= best bid 9999.990673
[BOOK WARN] Crossed book rejected for AAPL: ask 9664.854034 <= best bid 9999.990673
[BOOK WARN] Crossed book rejected for AAPL: ask 9678.978316 <= best bid 9999.990673
[BOOK WARN] Crossed book rejected for AAPL: ask 9677.561784 <= best bid 9999.990673
[BOOK WARN] Crossed book rejected for AAPL: ask 9674.791555 <= best bid 9999.990673
[BOOK WARN] Crossed book rejected for AAPL: ask 9691.255296 <= best bid 9999.990673
[BOOK WARN] Crossed book rejected for AAPL: ask 9692.766979 <= best bid 9999.990673
[BOOK WARN] Crossed book rejected for AAPL: ask 9713.436686 <= best bid 9999.990673
[BOOK WARN] Crossed book rejected for AAPL: ask 9718.003515 <= best bid 9999.990673
[BOOK WARN] Crossed book rejected for AAPL: ask 9710.221017 <= best bid 9999.990673
[BOOK WARN] Crossed book rejected for AAPL: ask 9702.625246 <= best bid 9999.990673
[BOOK WARN] Crossed book rejected for AAPL: ask 9699.413174 <= best bid 9999.990673
[BOOK WARN] Crossed book rejected for AAPL: ask 9700.279457 <= best bid 9999.990673
[BOOK WARN] Crossed book rejected for AAPL: ask 9710.638422 <= best bid 9999.990673
[BOOK WARN] Crossed book rejected for AAPL: ask 9732.318928 <= best bid 9999.990673
[BOOK WARN] Crossed book rejected for AAPL: ask 9731.899785 <= best bid 9999.990673
[BOOK WARN] Crossed book rejected for AAPL: ask 9730.772733 <= best bid 9999.990673
[BOOK WARN] Crossed book rejected for AAPL: ask 9726.867465 <= best bid 9999.990673
[BOOK WARN] Crossed book rejected for AAPL: ask 9721.778727 <= best bid 9999.990673
[BOOK WARN] Crossed book rejected for AAPL: ask 9709.613845 <= best bid 9999.990673
[BOOK WARN] Crossed book rejected for AAPL: ask 9705.370764 <= best bid 9999.990673
[BOOK WARN] Crossed book rejected for AAPL: ask 9715.754427 <= best bid 9999.990673
[BOOK WARN] Crossed book rejected for AAPL: ask 9732.112191 <= best bid 9999.990673
[BOOK WARN] Crossed book rejected for AAPL: ask 9722.120412 <= best bid 9999.990673
[BOOK WARN] Crossed book rejected for AAPL: ask 9718.052542 <= best bid 9999.990673
[BOOK WARN] Crossed book rejected for AAPL: ask 9726.484011 <= best bid 9999.990673
[BOOK WARN] Crossed book rejected for AAPL: ask 9737.468625 <= best bid 9999.990673
[BOOK WARN] Crossed book rejected for AAPL: ask 9724.113650 <= best bid 9999.990673
[BOOK WARN] Crossed book rejected for AAPL: ask 9729.317741 <= best bid 9999.990673
[BOOK WARN] Crossed book rejected for AAPL: ask 9754.390460 <= best bid 9999.990673
[BOOK WARN] Crossed book rejected for AAPL: ask 9741.991799 <= best bid 9999.990673
[BOOK WARN] Crossed book rejected for AAPL: ask 9750.249457 <= best bid 9999.990673
[BOOK WARN] Crossed book rejected for AAPL: ask 9760.845764 <= best bid 9999.990673
[BOOK WARN] Crossed book rejected for AAPL: ask 9770.808341 <= best bid 9999.990673
[BOOK WARN] Crossed book rejected for AAPL: ask 9771.875826 <= best bid 9999.990673
[BOOK WARN] Crossed book rejected for AAPL: ask 9776.551001 <= best bid 9999.990673
[BOOK WARN] Crossed book rejected for AAPL: ask 9783.796521 <= best bid 9999.990673
[BOOK WARN] Crossed book rejected for AAPL: ask 9780.218253 <= best bid 9999.990673
[BOOK WARN] Crossed book rejected for AAPL: ask 9787.468147 <= best bid 9999.990673
[BOOK WARN] Crossed book rejected for AAPL: ask 9781.074632 <= best bid 9999.990673
[BOOK WARN] Crossed book rejected for AAPL: ask 9773.031622 <= best bid 9999.990673
[BOOK WARN] Crossed book rejected for AAPL: ask 9778.339669 <= best bid 9999.990673
[BOOK WARN] Crossed book rejected for AAPL: ask 9794.716787 <= best bid 9999.990673
[BOOK WARN] Crossed book rejected for AAPL: ask 9785.208925 <= best bid 9999.990673
[BOOK WARN] Crossed book rejected for AAPL: ask 9787.791252 <= best bid 9999.990673
[BOOK WARN] Crossed book rejected for AAPL: ask 9788.406399 <= best bid 9999.990673
[BOOK WARN] Crossed book rejected for AAPL: ask 9782.051280 <= best bid 9999.990673
[BOOK WARN] Crossed book rejected for AAPL: ask 9796.182452 <= best bid 9999.990673
[BOOK WARN] Crossed book rejected for AAPL: ask 9814.898098 <= best bid 9999.990673
[BOOK WARN] Crossed book rejected for AAPL: ask 9819.271757 <= best bid 9999.990673
[BOOK WARN] Crossed book rejected for AAPL: ask 9832.559657 <= best bid 9999.990673
[BOOK WARN] Crossed book rejected for AAPL: ask 9835.051297 <= best bid 9999.990673
[BOOK WARN] Crossed book rejected for AAPL: ask 9808.893272 <= best bid 9999.990673
[BOOK WARN] Crossed book rejected for AAPL: ask 9806.612044 <= best bid 9999.990673
[BOOK WARN] Crossed book rejected for AAPL: ask 9819.449020 <= best bid 9999.990673
[BOOK WARN] Crossed book rejected for AAPL: ask 9819.390053 <= best bid 9999.990673
[BOOK WARN] Crossed book rejected for AAPL: ask 9815.711177 <= best bid 9999.990673
[BOOK WARN] Crossed book rejected for AAPL: ask 9815.987857 <= best bid 9999.990673
[BOOK WARN] Crossed book rejected for AAPL: ask 9816.154038 <= best bid 9999.990673
[BOOK WARN] Crossed book rejected for AAPL: ask 9808.816357 <= best bid 9999.990673
[BOOK WARN] Crossed book rejected for AAPL: ask 9827.387525 <= best bid 9999.990673
[BOOK WARN] Crossed book rejected for AAPL: ask 9825.293263 <= best bid 9999.990673
[BOOK WARN] Crossed book rejected for AAPL: ask 9824.909354 <= best bid 9999.990673
[BOOK WARN] Crossed book rejected for AAPL: ask 9820.850822 <= best bid 9999.990673
[BOOK WARN] Crossed book rejected for AAPL: ask 9814.157889 <= best bid 9999.990673
[BOOK WARN] Crossed book rejected for AAPL: ask 9807.789263 <= best bid 9999.990673
[BOOK WARN] Crossed book rejected for AAPL: ask 9811.792573 <= best bid 9999.990673
[BOOK WARN] Crossed book rejected for AAPL: ask 9817.223282 <= best bid 9999.990673
[BOOK WARN] Crossed book rejected for AAPL: ask 9815.675185 <= best bid 9999.990673
[BOOK WARN] Crossed book rejected for AAPL: ask 9809.137980 <= best bid 9999.990673
[BOOK WARN] Crossed book rejected for AAPL: ask 9806.583763 <= best bid 9999.990673
[BOOK WARN] Crossed book rejected for AAPL: ask 9811.661062 <= best bid 9999.990673
[BOOK WARN] Crossed book rejected for AAPL: ask 9799.365677 <= best bid 9999.990673
[BOOK WARN] Crossed book rejected for AAPL: ask 9799.468488 <= best bid 9999.990673
[BOOK WARN] Crossed book rejected for AAPL: ask 9802.589859 <= best bid 9999.990673
[BOOK WARN] Crossed book rejected for AAPL: ask 9809.244512 <= best bid 9999.990673
[BOOK WARN] Crossed book rejected for AAPL: ask 9799.969347 <= best bid 9999.990673
[BOOK WARN] Crossed book rejected for AAPL: ask 9809.384910 <= best bid 9999.990673
[BOOK WARN] Crossed book rejected for AAPL: ask 9797.160029 <= best bid 9999.990673
[BOOK WARN] Crossed book rejected for AAPL: ask 9803.864471 <= best bid 9999.990673
[BOOK WARN] Crossed book rejected for AAPL: ask 9810.205134 <= best bid 9999.990673
[BOOK WARN] Crossed book rejected for AAPL: ask 9794.107895 <= best bid 9999.990673
[BOOK WARN] Crossed book rejected for AAPL: ask 9801.349641 <= best bid 9999.990673
[BOOK WARN] Crossed book rejected for AAPL: ask 9797.197101 <= best bid 9999.990673
[BOOK WARN] Crossed book rejected for AAPL: ask 9800.041856 <= best bid 9999.990673
[BOOK WARN] Crossed book rejected for AAPL: ask 9821.421273 <= best bid 9999.990673
[BOOK WARN] Crossed book rejected for AAPL: ask 9806.533818 <= best bid 9999.990673
[BOOK WARN] Crossed book rejected for AAPL: ask 9800.170764 <= best bid 9999.990673
[BOOK WARN] Crossed book rejected for AAPL: ask 9793.151025 <= best bid 9999.990673
[BOOK WARN] Crossed book rejected for AAPL: ask 9803.964926 <= best bid 9999.990673
[BOOK WARN] Crossed book rejected for AAPL: ask 9813.625771 <= best bid 9999.990673
[BOOK WARN] Crossed book rejected for AAPL: ask 9811.612336 <= best bid 9999.990673
[BOOK WARN] Crossed book rejected for AAPL: ask 9809.274457 <= best bid 9999.990673
[BOOK WARN] Crossed book rejected for AAPL: ask 9815.692838 <= best bid 9999.990673
[BOOK WARN] Crossed book rejected for AAPL: ask 9810.324447 <= best bid 9999.990673
[BOOK WARN] Crossed book rejected for AAPL: ask 9816.548863 <= best bid 9999.990673
[BOOK WARN] Crossed book rejected for AAPL: ask 9798.337601 <= best bid 9999.990673
[BOOK WARN] Crossed book rejected for AAPL: ask 9798.154889 <= best bid 9999.990673
[BOOK WARN] Crossed book rejected for AAPL: ask 9795.146146 <= best bid 9999.990673
[BOOK WARN] Crossed book rejected for AAPL: ask 9794.096984 <= best bid 9999.990673
[BOOK WARN] Crossed book rejected for AAPL: ask 9791.147327 <= best bid 9999.990673
[BOOK WARN] Crossed book rejected for AAPL: ask 9786.322618 <= best bid 9999.990673
[BOOK WARN] Crossed book rejected for AAPL: ask 9778.346851 <= best bid 9999.990673
[BOOK WARN] Crossed book rejected for AAPL: ask 9773.140487 <= best bid 9999.990673
[BOOK WARN] Crossed book rejected for AAPL: ask 9772.265505 <= best bid 9999.990673
[BOOK WARN] Crossed book rejected for AAPL: ask 9780.429736 <= best bid 9999.990673
[BOOK WARN] Crossed book rejected for AAPL: ask 9777.784720 <= best bid 9999.990673
[BOOK WARN] Crossed book rejected for AAPL: ask 9779.028735 <= best bid 9999.990673
[BOOK WARN] Crossed book rejected for AAPL: ask 9769.899393 <= best bid 9999.990673
[BOOK WARN] Crossed book rejected for AAPL: ask 9763.221592 <= best bid 9999.990673
[BOOK WARN] Crossed book rejected for AAPL: ask 9778.246987 <= best bid 9999.990673
[BOOK WARN] Crossed book rejected for AAPL: ask 9780.628029 <= best bid 9999.990673
[BOOK WARN] Crossed book rejected for AAPL: ask 9765.184196 <= best bid 9999.990673
[BOOK WARN] Crossed book rejected for AAPL: ask 9768.195830 <= best bid 9999.990673
[BOOK WARN] Crossed book rejected for AAPL: ask 9776.434108 <= best bid 9999.990673
[BOOK WARN] Crossed book rejected for AAPL: ask 9763.891715 <= best bid 9999.990673
[BOOK WARN] Crossed book rejected for AAPL: ask 9761.027148 <= best bid 9999.990673
[BOOK WARN] Crossed book rejected for AAPL: ask 9760.766707 <= best bid 9999.990673
[BOOK WARN] Crossed book rejected for AAPL: ask 9759.676305 <= best bid 9999.990673
[BOOK WARN] Crossed book rejected for AAPL: ask 9770.132127 <= best bid 9999.990673
[BOOK WARN] Crossed book rejected for AAPL: ask 9777.295517 <= best bid 9999.990673
[BOOK WARN] Crossed book rejected for AAPL: ask 9768.113805 <= best bid 9999.990673
[BOOK WARN] Crossed book rejected for AAPL: ask 9760.000346 <= best bid 9999.990673
[BOOK WARN] Crossed book rejected for AAPL: ask 9755.692448 <= best bid 9999.990673
[BOOK WARN] Crossed book rejected for AAPL: ask 9756.206863 <= best bid 9999.990673
[BOOK WARN] Crossed book rejected for AAPL: ask 9738.325478 <= best bid 9999.990673
[BOOK WARN] Crossed book rejected for AAPL: ask 9718.468273 <= best bid 9999.990673
[BOOK WARN] Crossed book rejected for AAPL: ask 9702.360009 <= best bid 9999.990673
[BOOK WARN] Crossed book rejected for AAPL: ask 9698.157934 <= best bid 9999.990673
[BOOK WARN] Crossed book rejected for AAPL: ask 9711.112087 <= best bid 9999.990673
[BOOK WARN] Crossed book rejected for AAPL: ask 9695.284353 <= best bid 9999.990673
[BOOK WARN] Crossed book rejected for AAPL: ask 9699.400245 <= best bid 9999.990673
[BOOK WARN] Crossed book rejected for AAPL: ask 9697.008405 <= best bid 9999.990673
[BOOK WARN] Crossed book rejected for AAPL: ask 9698.578190 <= best bid 9999.990673
[BOOK WARN] Crossed book rejected for AAPL: ask 9688.798677 <= best bid 9999.990673
[BOOK WARN] Crossed book rejected for AAPL: ask 9683.594857 <= best bid 9999.990673
[BOOK WARN] Crossed book rejected for AAPL: ask 9677.080011 <= best bid 9999.990673
[BOOK WARN] Crossed book rejected for AAPL: ask 9678.513589 <= best bid 9999.990673
[BOOK WARN] Crossed book rejected for AAPL: ask 9677.054662 <= best bid 9999.990673
[BOOK WARN] Crossed book rejected for AAPL: ask 9676.864808 <= best bid 9999.990673
[BOOK WARN] Crossed book rejected for AAPL: ask 9669.422097 <= best bid 9999.990673
[BOOK WARN] Crossed book rejected for AAPL: ask 9678.249575 <= best bid 9999.990673
[BOOK WARN] Crossed book rejected for AAPL: ask 9689.112928 <= best bid 9999.990673
[BOOK WARN] Crossed book rejected for AAPL: ask 9675.506588 <= best bid 9999.990673
[BOOK WARN] Crossed book rejected for AAPL: ask 9674.330613 <= best bid 9999.990673
[BOOK WARN] Crossed book rejected for AAPL: ask 9686.474140 <= best bid 9999.990673
[BOOK WARN] Crossed book rejected for AAPL: ask 9686.248937 <= best bid 9999.990673
[BOOK WARN] Crossed book rejected for AAPL: ask 9695.244888 <= best bid 9999.990673
[BOOK WARN] Crossed book rejected for AAPL: ask 9703.996011 <= best bid 9999.990673
[BOOK WARN] Crossed book rejected for AAPL: ask 9693.683811 <= best bid 9999.990673
[BOOK WARN] Crossed book rejected for AAPL: ask 9678.110340 <= best bid 9999.990673
[BOOK WARN] Crossed book rejected for AAPL: ask 9681.465396 <= best bid 9999.990673
[BOOK WARN] Crossed book rejected for AAPL: ask 9674.741052 <= best bid 9999.990673
[BOOK WARN] Crossed book rejected for AAPL: ask 9687.633498 <= best bid 9999.990673
[BOOK WARN] Crossed book rejected for AAPL: ask 9677.458679 <= best bid 9999.990673
[BOOK WARN] Crossed book rejected for AAPL: ask 9676.051746 <= best bid 9999.990673
[BOOK WARN] Crossed book rejected for AAPL: ask 9658.766484 <= best bid 9999.990673
[BOOK WARN] Crossed book rejected for AAPL: ask 9653.623970 <= best bid 9999.990673
[BOOK WARN] Crossed book rejected for AAPL: ask 9661.780998 <= best bid 9999.990673
[BOOK WARN] Crossed book rejected for AAPL: ask 9664.537584 <= best bid 9999.990673
[BOOK WARN] Crossed book rejected for AAPL: ask 9665.665186 <= best bid 9999.990673
[BOOK WARN] Crossed book rejected for AAPL: ask 9655.741788 <= best bid 9999.990673
[BOOK WARN] Crossed book rejected for AAPL: ask 9646.499233 <= best bid 9999.990673
[BOOK WARN] Crossed book rejected for AAPL: ask 9648.085039 <= best bid 9999.990673
[BOOK WARN] Crossed book rejected for AAPL: ask 9646.547671 <= best bid 9999.990673
[BOOK WARN] Crossed book rejected for AAPL: ask 9657.887464 <= best bid 9999.990673
[BOOK WARN] Crossed book rejected for AAPL: ask 9659.056425 <= best bid 9999.990673
[BOOK WARN] Crossed book rejected for AAPL: ask 9658.100810 <= best bid 9999.990673
[BOOK WARN] Crossed book rejected for AAPL: ask 9645.202630 <= best bid 9999.990673
[BOOK WARN] Crossed book rejected for AAPL: ask 9651.487118 <= best bid 9999.990673
[BOOK WARN] Crossed book rejected for AAPL: ask 9659.682417 <= best bid 9999.990673
[BOOK WARN] Crossed book rejected for AAPL: ask 9679.218630 <= best bid 9999.990673
[BOOK WARN] Crossed book rejected for AAPL: ask 9667.881360 <= best bid 9999.990673
[BOOK WARN] Crossed book rejected for AAPL: ask 9666.990306 <= best bid 9999.990673
[BOOK WARN] Crossed book rejected for AAPL: ask 9641.277421 <= best bid 9999.990673
[BOOK WARN] Crossed book rejected for AAPL: ask 9653.565068 <= best bid 9999.990673
[BOOK WARN] Crossed book rejected for AAPL: ask 9661.476126 <= best bid 9999.990673
[BOOK WARN] Crossed book rejected for AAPL: ask 9643.109459 <= best bid 9999.990673
[BOOK WARN] Crossed book rejected for AAPL: ask 9648.395021 <= best bid 9999.990673
[BOOK WARN] Crossed book rejected for AAPL: ask 9657.053958 <= best bid 9999.990673
[BOOK WARN] Crossed book rejected for AAPL: ask 9667.890608 <= best bid 9999.990673
[BOOK WARN] Crossed book rejected for AAPL: ask 9679.360773 <= best bid 9999.990673
[BOOK WARN] Crossed book rejected for AAPL: ask 9673.387073 <= best bid 9999.990673
[BOOK WARN] Crossed book rejected for AAPL: ask 9660.708395 <= best bid 9999.990673
[BOOK WARN] Crossed book rejected for AAPL: ask 9661.942974 <= best bid 9999.990673
[BOOK WARN] Crossed book rejected for AAPL: ask 9655.658502 <= best bid 9999.990673
[BOOK WARN] Crossed book rejected for AAPL: ask 9655.991629 <= best bid 9999.990673
[BOOK WARN] Crossed book rejected for AAPL: ask 9652.414859 <= best bid 9999.990673
[BOOK WARN] Crossed book rejected for AAPL: ask 9673.757535 <= best bid 9999.990673
[BOOK WARN] Crossed book rejected for AAPL: ask 9668.113670 <= best bid 9999.990673
[BOOK WARN] Crossed book rejected for AAPL: ask 9654.484282 <= best bid 9999.990673
[BOOK WARN] Crossed book rejected for AAPL: ask 9671.072491 <= best bid 9999.990673
[BOOK WARN] Crossed book rejected for AAPL: ask 9659.560929 <= best bid 9999.990673
[BOOK WARN] Crossed book rejected for AAPL: ask 9657.114167 <= best bid 9999.990673
[BOOK WARN] Crossed book rejected for AAPL: ask 9671.582648 <= best bid 9999.990673
[BOOK WARN] Crossed book rejected for AAPL: ask 9674.230164 <= best bid 9999.990673
[BOOK WARN] Crossed book rejected for AAPL: ask 9671.970794 <= best bid 9999.990673
[BOOK WARN] Crossed book rejected for AAPL: ask 9678.668699 <= best bid 9999.990673
[BOOK WARN] Crossed book rejected for AAPL: ask 9673.164740 <= best bid 9999.990673
[BOOK WARN] Crossed book rejected for AAPL: ask 9666.396764 <= best bid 9999.990673
[BOOK WARN] Crossed book rejected for AAPL: ask 9643.916378 <= best bid 9999.990673
[BOOK WARN] Crossed book rejected for AAPL: ask 9663.218433 <= best bid 9999.990673
[BOOK WARN] Crossed book rejected for AAPL: ask 9657.441621 <= best bid 9999.990673
[BOOK WARN] Crossed book rejected for AAPL: ask 9656.398223 <= best bid 9999.990673
[BOOK WARN] Crossed book rejected for AAPL: ask 9669.215680 <= best bid 9999.990673
[BOOK WARN] Crossed book rejected for AAPL: ask 9666.532355 <= best bid 9999.990673
[BOOK WARN] Crossed book rejected for AAPL: ask 9666.106247 <= best bid 9999.990673
[BOOK WARN] Crossed book rejected for AAPL: ask 9655.455606 <= best bid 9999.990673
[BOOK WARN] Crossed book rejected for AAPL: ask 9653.699402 <= best bid 9999.990673
[BOOK WARN] Crossed book rejected for AAPL: ask 9643.918341 <= best bid 9999.990673
[BOOK WARN] Crossed book rejected for AAPL: ask 9656.230275 <= best bid 9999.990673
[BOOK WARN] Crossed book rejected for AAPL: ask 9643.964772 <= best bid 9999.990673
[BOOK WARN] Crossed book rejected for AAPL: ask 9649.871109 <= best bid 9999.990673
[BOOK WARN] Crossed book rejected for AAPL: ask 9652.585491 <= best bid 9999.990673
[BOOK WARN] Crossed book rejected for AAPL: ask 9659.252468 <= best bid 9999.990673
[BOOK WARN] Crossed book rejected for AAPL: ask 9662.598057 <= best bid 9999.990673
[BOOK WARN] Crossed book rejected for AAPL: ask 9657.587391 <= best bid 9999.990673
[BOOK WARN] Crossed book rejected for AAPL: ask 9645.580929 <= best bid 9999.990673
[BOOK WARN] Crossed book rejected for AAPL: ask 9644.689508 <= best bid 9999.990673
[BOOK WARN] Crossed book rejected for AAPL: ask 9647.591129 <= best bid 9999.990673
[BOOK WARN] Crossed book rejected for AAPL: ask 9638.788314 <= best bid 9999.990673
[BOOK WARN] Crossed book rejected for AAPL: ask 9632.807817 <= best bid 9999.990673
[BOOK WARN] Crossed book rejected for AAPL: ask 9644.664791 <= best bid 9999.990673
[BOOK WARN] Crossed book rejected for AAPL: ask 9650.943380 <= best bid 9999.990673
[BOOK WARN] Crossed book rejected for AAPL: ask 9656.349868 <= best bid 9999.990673
[BOOK WARN] Crossed book rejected for AAPL: ask 9658.786337 <= best bid 9999.990673
[BOOK WARN] Crossed book rejected for AAPL: ask 9668.876941 <= best bid 9999.990673
[BOOK WARN] Crossed book rejected for AAPL: ask 9667.944480 <= best bid 9999.990673
[BOOK WARN] Crossed book rejected for AAPL: ask 9669.846035 <= best bid 9999.990673
[BOOK WARN] Crossed book rejected for AAPL: ask 9681.587207 <= best bid 9999.990673
[BOOK WARN] Crossed book rejected for AAPL: ask 9672.127744 <= best bid 9999.990673
[BOOK WARN] Crossed book rejected for AAPL: ask 9663.702452 <= best bid 9999.990673
[BOOK WARN] Crossed book rejected for AAPL: ask 9665.679731 <= best bid 9999.990673
[BOOK WARN] Crossed book rejected for AAPL: ask 9667.864271 <= best bid 9999.990673
[BOOK WARN] Crossed book rejected for AAPL: ask 9659.775698 <= best bid 9999.990673
[BOOK WARN] Crossed book rejected for AAPL: ask 9659.060656 <= best bid 9999.990673
[BOOK WARN] Crossed book rejected for AAPL: ask 9655.690525 <= best bid 9999.990673
[BOOK WARN] Crossed book rejected for AAPL: ask 9651.634327 <= best bid 9999.990673
[BOOK WARN] Crossed book rejected for AAPL: ask 9654.200918 <= best bid 9999.990673
[BOOK WARN] Crossed book rejected for AAPL: ask 9653.030735 <= best bid 9999.990673
[BOOK WARN] Crossed book rejected for AAPL: ask 9652.390385 <= best bid 9999.990673
[BOOK WARN] Crossed book rejected for AAPL: ask 9643.218971 <= best bid 9999.990673
[BOOK WARN] Crossed book rejected for AAPL: ask 9657.682761 <= best bid 9999.990673
[BOOK WARN] Crossed book rejected for AAPL: ask 9653.798031 <= best bid 9999.990673
[BOOK WARN] Crossed book rejected for AAPL: ask 9662.486442 <= best bid 9999.990673
[BOOK WARN] Crossed book rejected for AAPL: ask 9656.943320 <= best bid 9999.990673
[BOOK WARN] Crossed book rejected for AAPL: ask 9653.450980 <= best bid 9999.990673
[BOOK WARN] Crossed book rejected for AAPL: ask 9665.369305 <= best bid 9999.990673
[BOOK WARN] Crossed book rejected for AAPL: ask 9656.105684 <= best bid 9999.990673
[BOOK WARN] Crossed book rejected for AAPL: ask 9658.490169 <= best bid 9999.990673
[BOOK WARN] Crossed book rejected for AAPL: ask 9667.277997 <= best bid 9999.990673
[BOOK WARN] Crossed book rejected for AAPL: ask 9674.645705 <= best bid 9999.990673
[BOOK WARN] Crossed book rejected for AAPL: ask 9679.795671 <= best bid 9999.990673
[BOOK WARN] Crossed book rejected for AAPL: ask 9694.024386 <= best bid 9999.990673
[BOOK WARN] Crossed book rejected for AAPL: ask 9675.157793 <= best bid 9999.990673
[BOOK WARN] Crossed book rejected for AAPL: ask 9678.424318 <= best bid 9999.990673
[BOOK WARN] Crossed book rejected for AAPL: ask 9688.535337 <= best bid 9999.990673
[BOOK WARN] Crossed book rejected for AAPL: ask 9672.555464 <= best bid 9999.990673
[BOOK WARN] Crossed book rejected for AAPL: ask 9664.885936 <= best bid 9999.990673
[BOOK WARN] Crossed book rejected for AAPL: ask 9669.863500 <= best bid 9999.990673
[BOOK WARN] Crossed book rejected for AAPL: ask 9675.571826 <= best bid 9999.990673
[BOOK WARN] Crossed book rejected for AAPL: ask 9673.811855 <= best bid 9999.990673
[BOOK WARN] Crossed book rejected for AAPL: ask 9677.008645 <= best bid 9999.990673
[BOOK WARN] Crossed book rejected for AAPL: ask 9673.832135 <= best bid 9999.990673
[BOOK WARN] Crossed book rejected for AAPL: ask 9681.198743 <= best bid 9999.990673
[BOOK WARN] Crossed book rejected for AAPL: ask 9660.652816 <= best bid 9999.990673
[BOOK WARN] Crossed book rejected for AAPL: ask 9663.627927 <= best bid 9999.990673
[BOOK WARN] Crossed book rejected for AAPL: ask 9645.064686 <= best bid 9999.990673
[BOOK WARN] Crossed book rejected for AAPL: ask 9657.472144 <= best bid 9999.990673
[BOOK WARN] Crossed book rejected for AAPL: ask 9677.786242 <= best bid 9999.990673
[BOOK WARN] Crossed book rejected for AAPL: ask 9678.037341 <= best bid 9999.990673
[BOOK WARN] Crossed book rejected for AAPL: ask 9673.240673 <= best bid 9999.990673
[BOOK WARN] Crossed book rejected for AAPL: ask 9669.122818 <= best bid 9999.990673
[BOOK WARN] Crossed book rejected for AAPL: ask 9675.796797 <= best bid 9999.990673
[BOOK WARN] Crossed book rejected for AAPL: ask 9682.775083 <= best bid 9999.990673
[BOOK WARN] Crossed book rejected for AAPL: ask 9675.962263 <= best bid 9999.990673
[BOOK WARN] Crossed book rejected for AAPL: ask 9674.393863 <= best bid 9999.990673
[BOOK WARN] Crossed book rejected for AAPL: ask 9675.295212 <= best bid 9999.990673
[BOOK WARN] Crossed book rejected for AAPL: ask 9671.966821 <= best bid 9999.990673
[BOOK WARN] Crossed book rejected for AAPL: ask 9655.394096 <= best bid 9999.990673
[BOOK WARN] Crossed book rejected for AAPL: ask 9666.690481 <= best bid 9999.990673
[BOOK WARN] Crossed book rejected for AAPL: ask 9669.351667 <= best bid 9999.990673
[BOOK WARN] Crossed book rejected for AAPL: ask 9667.761559 <= best bid 9999.990673
[BOOK WARN] Crossed book rejected for AAPL: ask 9668.584872 <= best bid 9999.990673
[BOOK WARN] Crossed book rejected for AAPL: ask 9672.788214 <= best bid 9999.990673
[BOOK WARN] Crossed book rejected for AAPL: ask 9668.230008 <= best bid 9999.990673
[BOOK WARN] Crossed book rejected for AAPL: ask 9677.038476 <= best bid 9999.990673
[BOOK WARN] Crossed book rejected for AAPL: ask 9672.342705 <= best bid 9999.990673
[BOOK WARN] Crossed book rejected for AAPL: ask 9657.028908 <= best bid 9999.990673
[BOOK WARN] Crossed book rejected for AAPL: ask 9671.592881 <= best bid 9999.990673
[BOOK WARN] Crossed book rejected for AAPL: ask 9680.393680 <= best bid 9999.990673
[BOOK WARN] Crossed book rejected for AAPL: ask 9679.490024 <= best bid 9999.990673
[BOOK WARN] Crossed book rejected for AAPL: ask 9666.538856 <= best bid 9999.990673
[BOOK WARN] Crossed book rejected for AAPL: ask 9663.586327 <= best bid 9999.990673
[BOOK WARN] Crossed book rejected for AAPL: ask 9657.902867 <= best bid 9999.990673
[BOOK WARN] Crossed book rejected for AAPL: ask 9654.394501 <= best bid 9999.990673
[BOOK WARN] Crossed book rejected for AAPL: ask 9657.586071 <= best bid 9999.990673
[BOOK WARN] Crossed book rejected for AAPL: ask 9654.672662 <= best bid 9999.990673
[BOOK WARN] Crossed book rejected for AAPL: ask 9630.204728 <= best bid 9999.990673
[BOOK WARN] Crossed book rejected for AAPL: ask 9625.244127 <= best bid 9999.990673
[BOOK WARN] Crossed book rejected for AAPL: ask 9637.686903 <= best bid 9999.990673
[BOOK WARN] Crossed book rejected for AAPL: ask 9633.527978 <= best bid 9999.990673
[BOOK WARN] Crossed book rejected for AAPL: ask 9647.303844 <= best bid 9999.990673
[BOOK WARN] Crossed book rejected for AAPL: ask 9645.870413 <= best bid 9999.990673
[BOOK WARN] Crossed book rejected for AAPL: ask 9633.968478 <= best bid 9999.990673
[BOOK WARN] Crossed book rejected for AAPL: ask 9624.506920 <= best bid 9999.990673
[BOOK WARN] Crossed book rejected for AAPL: ask 9617.969159 <= best bid 9999.990673
[BOOK WARN] Crossed book rejected for AAPL: ask 9618.399990 <= best bid 9999.990673
[BOOK WARN] Crossed book rejected for AAPL: ask 9637.252412 <= best bid 9999.990673
[BOOK WARN] Crossed book rejected for AAPL: ask 9635.548898 <= best bid 9999.990673
[BOOK WARN] Crossed book rejected for AAPL: ask 9629.682119 <= best bid 9999.990673
[BOOK WARN] Crossed book rejected for AAPL: ask 9628.796235 <= best bid 9999.990673
[BOOK WARN] Crossed book rejected for AAPL: ask 9627.885999 <= best bid 9999.990673
[BOOK WARN] Crossed book rejected for AAPL: ask 9642.929562 <= best bid 9999.990673
[BOOK WARN] Crossed book rejected for AAPL: ask 9646.790738 <= best bid 9999.990673
[BOOK WARN] Crossed book rejected for AAPL: ask 9657.283187 <= best bid 9999.990673
[BOOK WARN] Crossed book rejected for AAPL: ask 9664.316846 <= best bid 9999.990673
[BOOK WARN] Crossed book rejected for AAPL: ask 9674.387914 <= best bid 9999.990673
[BOOK WARN] Crossed book rejected for AAPL: ask 9689.451427 <= best bid 9999.990673
[BOOK WARN] Crossed book rejected for AAPL: ask 9697.136058 <= best bid 9999.990673
[BOOK WARN] Crossed book rejected for AAPL: ask 9693.806035 <= best bid 9999.990673
[BOOK WARN] Crossed book rejected for AAPL: ask 9684.245657 <= best bid 9999.990673
[BOOK WARN] Crossed book rejected for AAPL: ask 9701.597362 <= best bid 9999.990673
[BOOK WARN] Crossed book rejected for AAPL: ask 9698.630532 <= best bid 9999.990673
[BOOK WARN] Crossed book rejected for AAPL: ask 9700.986682 <= best bid 9999.990673
[BOOK WARN] Crossed book rejected for AAPL: ask 9696.841054 <= best bid 9999.990673
[BOOK WARN] Crossed book rejected for AAPL: ask 9704.223896 <= best bid 9999.990673
[BOOK WARN] Crossed book rejected for AAPL: ask 9715.235002 <= best bid 9999.990673
[BOOK WARN] Crossed book rejected for AAPL: ask 9724.468893 <= best bid 9999.990673
[BOOK WARN] Crossed book rejected for AAPL: ask 9743.836459 <= best bid 9999.990673
[BOOK WARN] Crossed book rejected for AAPL: ask 9733.645866 <= best bid 9999.990673
[BOOK WARN] Crossed book rejected for AAPL: ask 9725.257619 <= best bid 9999.990673
[BOOK WARN] Crossed book rejected for AAPL: ask 9723.439797 <= best bid 9999.990673
[BOOK WARN] Crossed book rejected for AAPL: ask 9725.035700 <= best bid 9999.990673
[BOOK WARN] Crossed book rejected for AAPL: ask 9714.547159 <= best bid 9999.990673
[BOOK WARN] Crossed book rejected for AAPL: ask 9716.173903 <= best bid 9999.990673
[BOOK WARN] Crossed book rejected for AAPL: ask 9726.943144 <= best bid 9999.990673
[BOOK WARN] Crossed book rejected for AAPL: ask 9721.591505 <= best bid 9999.990673
[BOOK WARN] Crossed book rejected for AAPL: ask 9711.109511 <= best bid 9999.990673
[BOOK WARN] Crossed book rejected for AAPL: ask 9705.996510 <= best bid 9999.990673
[BOOK WARN] Crossed book rejected for AAPL: ask 9704.059177 <= best bid 9999.990673
[BOOK WARN] Crossed book rejected for AAPL: ask 9705.673408 <= best bid 9999.990673
[BOOK WARN] Crossed book rejected for AAPL: ask 9720.314628 <= best bid 9999.990673
[BOOK WARN] Crossed book rejected for AAPL: ask 9708.188659 <= best bid 9999.990673
[BOOK WARN] Crossed book rejected for AAPL: ask 9711.777557 <= best bid 9999.990673
[BOOK WARN] Crossed book rejected for AAPL: ask 9713.487361 <= best bid 9999.990673
[BOOK WARN] Crossed book rejected for AAPL: ask 9708.504871 <= best bid 9999.990673
[BOOK WARN] Crossed book rejected for AAPL: ask 9712.045542 <= best bid 9999.990673
[BOOK WARN] Crossed book rejected for AAPL: ask 9721.716631 <= best bid 9999.990673
[BOOK WARN] Crossed book rejected for AAPL: ask 9713.928713 <= best bid 9999.990673
[BOOK WARN] Crossed book rejected for AAPL: ask 9700.312573 <= best bid 9999.990673
[BOOK WARN] Crossed book rejected for AAPL: ask 9711.104375 <= best bid 9999.990673
[BOOK WARN] Crossed book rejected for AAPL: ask 9706.129971 <= best bid 9999.990673
[BOOK WARN] Crossed book rejected for AAPL: ask 9690.810504 <= best bid 9999.990673
[BOOK WARN] Crossed book rejected for AAPL: ask 9694.981299 <= best bid 9999.990673
[BOOK WARN] Crossed book rejected for AAPL: ask 9687.413794 <= best bid 9999.990673
[BOOK WARN] Crossed book rejected for AAPL: ask 9681.609394 <= best bid 9999.990673
[BOOK WARN] Crossed book rejected for AAPL: ask 9686.365611 <= best bid 9999.990673
[BOOK WARN] Crossed book rejected for AAPL: ask 9690.671829 <= best bid 9999.990673
[BOOK WARN] Crossed book rejected for AAPL: ask 9693.945702 <= best bid 9999.990673
[BOOK WARN] Crossed book rejected for AAPL: ask 9695.108039 <= best bid 9999.990673
[BOOK WARN] Crossed book rejected for AAPL: ask 9692.663225 <= best bid 9999.990673
[BOOK WARN] Crossed book rejected for AAPL: ask 9665.957987 <= best bid 9999.990673
[BOOK WARN] Crossed book rejected for AAPL: ask 9664.732188 <= best bid 9999.990673
[BOOK WARN] Crossed book rejected for AAPL: ask 9656.903718 <= best bid 9999.990673
[BOOK WARN] Crossed book rejected for AAPL: ask 9668.995243 <= best bid 9999.990673
[BOOK WARN] Crossed book rejected for AAPL: ask 9672.671729 <= best bid 9999.990673
[BOOK WARN] Crossed book rejected for AAPL: ask 9682.865074 <= best bid 9999.990673
[BOOK WARN] Crossed book rejected for AAPL: ask 9678.053777 <= best bid 9999.990673
[BOOK WARN] Crossed book rejected for AAPL: ask 9655.080389 <= best bid 9999.990673
[BOOK WARN] Crossed book rejected for AAPL: ask 9649.071552 <= best bid 9999.990673
[BOOK WARN] Crossed book rejected for AAPL: ask 9656.411690 <= best bid 9999.990673
[BOOK WARN] Crossed book rejected for AAPL: ask 9663.921894 <= best bid 9999.990673
[BOOK WARN] Crossed book rejected for AAPL: ask 9657.377533 <= best bid 9999.990673
[BOOK WARN] Crossed book rejected for AAPL: ask 9662.229342 <= best bid 9999.990673
[BOOK WARN] Crossed book rejected for AAPL: ask 9664.805506 <= best bid 9999.990673
[BOOK WARN] Crossed book rejected for AAPL: ask 9665.300602 <= best bid 9999.990673
[BOOK WARN] Crossed book rejected for AAPL: ask 9664.756491 <= best bid 9999.990673
[BOOK WARN] Crossed book rejected for AAPL: ask 9658.014968 <= best bid 9999.990673
[BOOK WARN] Crossed book rejected for AAPL: ask 9636.228533 <= best bid 9999.990673
[BOOK WARN] Crossed book rejected for AAPL: ask 9647.115376 <= best bid 9999.990673
[BOOK WARN] Crossed book rejected for AAPL: ask 9643.961940 <= best bid 9999.990673
[BOOK WARN] Crossed book rejected for AAPL: ask 9632.848599 <= best bid 9999.990673
[BOOK WARN] Crossed book rejected for AAPL: ask 9646.288117 <= best bid 9999.990673
[BOOK WARN] Crossed book rejected for AAPL: ask 9651.563362 <= best bid 9999.990673
[BOOK WARN] Crossed book rejected for AAPL: ask 9653.045903 <= best bid 9999.990673
[BOOK WARN] Crossed book rejected for AAPL: ask 9663.480330 <= best bid 9999.990673
[BOOK WARN] Crossed book rejected for AAPL: ask 9661.894868 <= best bid 9999.990673
[BOOK WARN] Crossed book rejected for AAPL: ask 9655.169923 <= best bid 9999.990673
[BOOK WARN] Crossed book rejected for AAPL: ask 9649.001283 <= best bid 9999.990673
[BOOK WARN] Crossed book rejected for AAPL: ask 9633.934469 <= best bid 9999.990673
[BOOK WARN] Crossed book rejected for AAPL: ask 9629.608619 <= best bid 9999.990673
[BOOK WARN] Crossed book rejected for AAPL: ask 9628.312855 <= best bid 9999.990673
[BOOK WARN] Crossed book rejected for AAPL: ask 9635.268833 <= best bid 9999.990673
[BOOK WARN] Crossed book rejected for AAPL: ask 9643.384127 <= best bid 9999.990673
[BOOK WARN] Crossed book rejected for AAPL: ask 9630.254212 <= best bid 9999.990673
[BOOK WARN] Crossed book rejected for AAPL: ask 9626.775897 <= best bid 9999.990673
[BOOK WARN] Crossed book rejected for AAPL: ask 9610.500278 <= best bid 9999.990673
[BOOK WARN] Crossed book rejected for AAPL: ask 9598.377623 <= best bid 9999.990673
[BOOK WARN] Crossed book rejected for AAPL: ask 9595.637452 <= best bid 9999.990673
[BOOK WARN] Crossed book rejected for AAPL: ask 9578.625334 <= best bid 9999.990673
[BOOK WARN] Crossed book rejected for AAPL: ask 9582.263713 <= best bid 9999.990673
[BOOK WARN] Crossed book rejected for AAPL: ask 9594.488157 <= best bid 9999.990673
[BOOK WARN] Crossed book rejected for AAPL: ask 9606.193147 <= best bid 9999.990673
[BOOK WARN] Crossed book rejected for AAPL: ask 9614.702559 <= best bid 9999.990673
[BOOK WARN] Crossed book rejected for AAPL: ask 9623.348109 <= best bid 9999.990673
[BOOK WARN] Crossed book rejected for AAPL: ask 9629.424129 <= best bid 9999.990673
[BOOK WARN] Crossed book rejected for AAPL: ask 9639.320926 <= best bid 9999.990673
[BOOK WARN] Crossed book rejected for AAPL: ask 9620.867316 <= best bid 9999.990673
[BOOK WARN] Crossed book rejected for AAPL: ask 9617.635590 <= best bid 9999.990673
[BOOK WARN] Crossed book rejected for AAPL: ask 9620.416826 <= best bid 9999.990673
[BOOK WARN] Crossed book rejected for AAPL: ask 9619.904944 <= best bid 9999.990673
[BOOK WARN] Crossed book rejected for AAPL: ask 9630.387415 <= best bid 9999.990673
[BOOK WARN] Crossed book rejected for AAPL: ask 9609.324404 <= best bid 9999.990673
[BOOK WARN] Crossed book rejected for AAPL: ask 9620.355869 <= best bid 9999.990673
[BOOK WARN] Crossed book rejected for AAPL: ask 9611.032608 <= best bid 9999.990673
[BOOK WARN] Crossed book rejected for AAPL: ask 9603.703821 <= best bid 9999.990673
[BOOK WARN] Crossed book rejected for AAPL: ask 9625.201844 <= best bid 9999.990673
[BOOK WARN] Crossed book rejected for AAPL: ask 9626.475932 <= best bid 9999.990673
[BOOK WARN] Crossed book rejected for AAPL: ask 9609.548792 <= best bid 9999.990673
[BOOK WARN] Crossed book rejected for AAPL: ask 9603.853449 <= best bid 9999.990673
[BOOK WARN] Crossed book rejected for AAPL: ask 9591.642766 <= best bid 9999.990673
[BOOK WARN] Crossed book rejected for AAPL: ask 9580.709843 <= best bid 9999.990673
[BOOK WARN] Crossed book rejected for AAPL: ask 9580.805244 <= best bid 9999.990673
[BOOK WARN] Crossed book rejected for AAPL: ask 9572.188227 <= best bid 9999.990673
[BOOK WARN] Crossed book rejected for AAPL: ask 9578.891565 <= best bid 9999.990673
[BOOK WARN] Crossed book rejected for AAPL: ask 9595.577276 <= best bid 9999.990673
[BOOK WARN] Crossed book rejected for AAPL: ask 9620.984135 <= best bid 9999.990673
[BOOK WARN] Crossed book rejected for AAPL: ask 9625.887005 <= best bid 9999.990673
[BOOK WARN] Crossed book rejected for AAPL: ask 9644.995214 <= best bid 9999.990673
[BOOK WARN] Crossed book rejected for AAPL: ask 9633.649229 <= best bid 9999.990673
[BOOK WARN] Crossed book rejected for AAPL: ask 9633.827881 <= best bid 9999.990673
[BOOK WARN] Crossed book rejected for AAPL: ask 9633.646656 <= best bid 9999.990673
[BOOK WARN] Crossed book rejected for AAPL: ask 9620.881955 <= best bid 9999.990673
[BOOK WARN] Crossed book rejected for AAPL: ask 9606.715248 <= best bid 9999.990673
[BOOK WARN] Crossed book rejected for AAPL: ask 9614.455341 <= best bid 9999.990673
[BOOK WARN] Crossed book rejected for AAPL: ask 9631.046943 <= best bid 9999.990673
[BOOK WARN] Crossed book rejected for AAPL: ask 9629.778828 <= best bid 9999.990673
[BOOK WARN] Crossed book rejected for AAPL: ask 9626.653949 <= best bid 9999.990673
[BOOK WARN] Crossed book rejected for AAPL: ask 9632.500794 <= best bid 9999.990673
[BOOK WARN] Crossed book rejected for AAPL: ask 9630.149952 <= best bid 9999.990673
[BOOK WARN] Crossed book rejected for AAPL: ask 9629.598882 <= best bid 9999.990673
[BOOK WARN] Crossed book rejected for AAPL: ask 9639.433391 <= best bid 9999.990673
[BOOK WARN] Crossed book rejected for AAPL: ask 9642.437857 <= best bid 9999.990673
[BOOK WARN] Crossed book rejected for AAPL: ask 9626.842782 <= best bid 9999.990673
[BOOK WARN] Crossed book rejected for AAPL: ask 9655.437634 <= best bid 9999.990673
[BOOK WARN] Crossed book rejected for AAPL: ask 9659.210486 <= best bid 9999.990673
[BOOK WARN] Crossed book rejected for AAPL: ask 9658.794526 <= best bid 9999.990673
[BOOK WARN] Crossed book rejected for AAPL: ask 9662.058453 <= best bid 9999.990673
[BOOK WARN] Crossed book rejected for AAPL: ask 9663.733644 <= best bid 9999.990673
[BOOK WARN] Crossed book rejected for AAPL: ask 9669.494503 <= best bid 9999.990673
[BOOK WARN] Crossed book rejected for AAPL: ask 9678.526512 <= best bid 9999.990673
[BOOK WARN] Crossed book rejected for AAPL: ask 9678.199351 <= best bid 9999.990673
[BOOK WARN] Crossed book rejected for AAPL: ask 9671.507012 <= best bid 9999.990673
[BOOK WARN] Crossed book rejected for AAPL: ask 9663.995547 <= best bid 9999.990673
[BOOK WARN] Crossed book rejected for AAPL: ask 9669.138741 <= best bid 9999.990673
[BOOK WARN] Crossed book rejected for AAPL: ask 9671.211644 <= best bid 9999.990673
[BOOK WARN] Crossed book rejected for AAPL: ask 9684.494412 <= best bid 9999.990673
[BOOK WARN] Crossed book rejected for AAPL: ask 9693.692944 <= best bid 9999.990673
[BOOK WARN] Crossed book rejected for AAPL: ask 9704.628026 <= best bid 9999.990673
[BOOK WARN] Crossed book rejected for AAPL: ask 9691.276054 <= best bid 9999.990673
[BOOK WARN] Crossed book rejected for AAPL: ask 9689.007716 <= best bid 9999.990673
[BOOK WARN] Crossed book rejected for AAPL: ask 9689.538775 <= best bid 9999.990673
[BOOK WARN] Crossed book rejected for AAPL: ask 9678.919060 <= best bid 9999.990673
[BOOK WARN] Crossed book rejected for AAPL: ask 9676.915426 <= best bid 9999.990673
[BOOK WARN] Crossed book rejected for AAPL: ask 9668.202951 <= best bid 9999.990673
[BOOK WARN] Crossed book rejected for AAPL: ask 9674.730630 <= best bid 9999.990673
[BOOK WARN] Crossed book rejected for AAPL: ask 9675.743642 <= best bid 9999.990673
[BOOK WARN] Crossed book rejected for AAPL: ask 9674.059360 <= best bid 9999.990673
[BOOK WARN] Crossed book rejected for AAPL: ask 9674.876205 <= best bid 9999.990673
[BOOK WARN] Crossed book rejected for AAPL: ask 9691.264826 <= best bid 9999.990673
[BOOK WARN] Crossed book rejected for AAPL: ask 9702.428269 <= best bid 9999.990673
[BOOK WARN] Crossed book rejected for AAPL: ask 9696.979358 <= best bid 9999.990673
[BOOK WARN] Crossed book rejected for AAPL: ask 9695.826392 <= best bid 9999.990673
[BOOK WARN] Crossed book rejected for AAPL: ask 9679.601913 <= best bid 9999.990673
[BOOK WARN] Crossed book rejected for AAPL: ask 9692.698934 <= best bid 9999.990673
[BOOK WARN] Crossed book rejected for AAPL: ask 9709.926396 <= best bid 9999.990673
[BOOK WARN] Crossed book rejected for AAPL: ask 9708.092376 <= best bid 9999.990673
[BOOK WARN] Crossed book rejected for AAPL: ask 9721.964123 <= best bid 9999.990673
[BOOK WARN] Crossed book rejected for AAPL: ask 9715.782530 <= best bid 9999.990673
[BOOK WARN] Crossed book rejected for AAPL: ask 9707.145735 <= best bid 9999.990673
[BOOK WARN] Crossed book rejected for AAPL: ask 9697.157559 <= best bid 9999.990673
[BOOK WARN] Crossed book rejected for AAPL: ask 9713.043816 <= best bid 9999.990673
[BOOK WARN] Crossed book rejected for AAPL: ask 9699.573859 <= best bid 9999.990673
[BOOK WARN] Crossed book rejected for AAPL: ask 9706.339318 <= best bid 9999.990673
[BOOK WARN] Crossed book rejected for AAPL: ask 9697.640690 <= best bid 9999.990673
[BOOK WARN] Crossed book rejected for AAPL: ask 9692.953710 <= best bid 9999.990673
[BOOK WARN] Crossed book rejected for AAPL: ask 9701.630301 <= best bid 9999.990673
[BOOK WARN] Crossed book rejected for AAPL: ask 9704.302893 <= best bid 9999.990673
[BOOK WARN] Crossed book rejected for AAPL: ask 9696.668241 <= best bid 9999.990673
[BOOK WARN] Crossed book rejected for AAPL: ask 9693.727718 <= best bid 9999.990673
[BOOK WARN] Crossed book rejected for AAPL: ask 9685.035432 <= best bid 9999.990673
[BOOK WARN] Crossed book rejected for AAPL: ask 9681.066388 <= best bid 9999.990673
[BOOK WARN] Crossed book rejected for AAPL: ask 9673.704469 <= best bid 9999.990673
[BOOK WARN] Crossed book rejected for AAPL: ask 9681.045527 <= best bid 9999.990673
[BOOK WARN] Crossed book rejected for AAPL: ask 9680.782109 <= best bid 9999.990673
[BOOK WARN] Crossed book rejected for AAPL: ask 9668.618331 <= best bid 9999.990673
[BOOK WARN] Crossed book rejected for AAPL: ask 9652.642164 <= best bid 9999.990673
[BOOK WARN] Crossed book rejected for AAPL: ask 9657.688339 <= best bid 9999.990673
[BOOK WARN] Crossed book rejected for AAPL: ask 9656.183091 <= best bid 9999.990673
[BOOK WARN] Crossed book rejected for AAPL: ask 9655.324559 <= best bid 9999.990673
[BOOK WARN] Crossed book rejected for AAPL: ask 9670.658386 <= best bid 9999.990673
[BOOK WARN] Crossed book rejected for AAPL: ask 9657.886919 <= best bid 9999.990673
[BOOK WARN] Crossed book rejected for AAPL: ask 9664.931128 <= best bid 9999.990673
[BOOK WARN] Crossed book rejected for AAPL: ask 9650.512988 <= best bid 9999.990673
[BOOK WARN] Crossed book rejected for AAPL: ask 9651.691360 <= best bid 9999.990673
[BOOK WARN] Crossed book rejected for AAPL: ask 9652.113051 <= best bid 9999.990673
[BOOK WARN] Crossed book rejected for AAPL: ask 9664.001147 <= best bid 9999.990673
[BOOK WARN] Crossed book rejected for AAPL: ask 9662.502816 <= best bid 9999.990673
[BOOK WARN] Crossed book rejected for AAPL: ask 9663.596896 <= best bid 9999.990673
[BOOK WARN] Crossed book rejected for AAPL: ask 9660.113262 <= best bid 9999.990673
[BOOK WARN] Crossed book rejected for AAPL: ask 9646.840529 <= best bid 9999.990673
[BOOK WARN] Crossed book rejected for AAPL: ask 9652.650298 <= best bid 9999.990673
[BOOK WARN] Crossed book rejected for AAPL: ask 9656.285184 <= best bid 9999.990673
[BOOK WARN] Crossed book rejected for AAPL: ask 9658.827304 <= best bid 9999.990673
[BOOK WARN] Crossed book rejected for AAPL: ask 9643.968790 <= best bid 9999.990673
[BOOK WARN] Crossed book rejected for AAPL: ask 9650.051114 <= best bid 9999.990673
[BOOK WARN] Crossed book rejected for AAPL: ask 9636.486853 <= best bid 9999.990673
[BOOK WARN] Crossed book rejected for AAPL: ask 9637.656805 <= best bid 9999.990673
[BOOK WARN] Crossed book rejected for AAPL: ask 9646.473499 <= best bid 9999.990673
[BOOK WARN] Crossed book rejected for AAPL: ask 9640.938445 <= best bid 9999.990673
[BOOK WARN] Crossed book rejected for AAPL: ask 9635.727455 <= best bid 9999.990673
[BOOK WARN] Crossed book rejected for AAPL: ask 9639.921998 <= best bid 9999.990673
[BOOK WARN] Crossed book rejected for AAPL: ask 9650.616216 <= best bid 9999.990673
[BOOK WARN] Crossed book rejected for AAPL: ask 9666.499362 <= best bid 9999.990673
[BOOK WARN] Crossed book rejected for AAPL: ask 9674.484767 <= best bid 9999.990673
[BOOK WARN] Crossed book rejected for AAPL: ask 9682.624404 <= best bid 9999.990673
[BOOK WARN] Crossed book rejected for AAPL: ask 9692.433415 <= best bid 9999.990673
[BOOK WARN] Crossed book rejected for AAPL: ask 9679.439412 <= best bid 9999.990673
[BOOK WARN] Crossed book rejected for AAPL: ask 9672.273068 <= best bid 9999.990673
[BOOK WARN] Crossed book rejected for AAPL: ask 9681.116373 <= best bid 9999.990673
[BOOK WARN] Crossed book rejected for AAPL: ask 9674.558783 <= best bid 9999.990673
[BOOK WARN] Crossed book rejected for AAPL: ask 9679.909939 <= best bid 9999.990673
[BOOK WARN] Crossed book rejected for AAPL: ask 9674.710993 <= best bid 9999.990673
[BOOK WARN] Crossed book rejected for AAPL: ask 9689.829855 <= best bid 9999.990673
[BOOK WARN] Crossed book rejected for AAPL: ask 9688.545863 <= best bid 9999.990673
[BOOK WARN] Crossed book rejected for AAPL: ask 9695.204673 <= best bid 9999.990673
[BOOK WARN] Crossed book rejected for AAPL: ask 9701.283317 <= best bid 9999.990673
[BOOK WARN] Crossed book rejected for AAPL: ask 9691.692153 <= best bid 9999.990673
[BOOK WARN] Crossed book rejected for AAPL: ask 9695.552127 <= best bid 9999.990673
[BOOK WARN] Crossed book rejected for AAPL: ask 9708.328919 <= best bid 9999.990673
[BOOK WARN] Crossed book rejected for AAPL: ask 9706.924205 <= best bid 9999.990673
[BOOK WARN] Crossed book rejected for AAPL: ask 9708.720375 <= best bid 9999.990673
[BOOK WARN] Crossed book rejected for AAPL: ask 9715.171043 <= best bid 9999.990673
[BOOK WARN] Crossed book rejected for AAPL: ask 9716.728767 <= best bid 9999.990673
[BOOK WARN] Crossed book rejected for AAPL: ask 9730.748356 <= best bid 9999.990673
[BOOK WARN] Crossed book rejected for AAPL: ask 9721.351689 <= best bid 9999.990673
[BOOK WARN] Crossed book rejected for AAPL: ask 9722.456944 <= best bid 9999.990673
[BOOK WARN] Crossed book rejected for AAPL: ask 9722.973796 <= best bid 9999.990673
[BOOK WARN] Crossed book rejected for AAPL: ask 9744.146830 <= best bid 9999.990673
[BOOK WARN] Crossed book rejected for AAPL: ask 9734.373600 <= best bid 9999.990673
[BOOK WARN] Crossed book rejected for AAPL: ask 9739.389190 <= best bid 9999.990673
[BOOK WARN] Crossed book rejected for AAPL: ask 9737.155969 <= best bid 9999.990673
[BOOK WARN] Crossed book rejected for AAPL: ask 9748.830020 <= best bid 9999.990673
[BOOK WARN] Crossed book rejected for AAPL: ask 9749.999288 <= best bid 9999.990673
[BOOK WARN] Crossed book rejected for AAPL: ask 9757.158868 <= best bid 9999.990673
[BOOK WARN] Crossed book rejected for AAPL: ask 9749.359093 <= best bid 9999.990673
[BOOK WARN] Crossed book rejected for AAPL: ask 9746.700649 <= best bid 9999.990673
[BOOK WARN] Crossed book rejected for AAPL: ask 9744.169777 <= best bid 9999.990673
[BOOK WARN] Crossed book rejected for AAPL: ask 9748.950395 <= best bid 9999.990673
[BOOK WARN] Crossed book rejected for AAPL: ask 9756.920891 <= best bid 9999.990673
[BOOK WARN] Crossed book rejected for AAPL: ask 9759.943397 <= best bid 9999.990673
[BOOK WARN] Crossed book rejected for AAPL: ask 9759.493719 <= best bid 9999.990673
[BOOK WARN] Crossed book rejected for AAPL: ask 9741.476418 <= best bid 9999.990673
[BOOK WARN] Crossed book rejected for AAPL: ask 9738.761031 <= best bid 9999.990673
[BOOK WARN] Crossed book rejected for AAPL: ask 9730.722006 <= best bid 9999.990673
[BOOK WARN] Crossed book rejected for AAPL: ask 9737.543627 <= best bid 9999.990673
[BOOK WARN] Crossed book rejected for AAPL: ask 9736.386785 <= best bid 9999.990673
[BOOK WARN] Crossed book rejected for AAPL: ask 9736.284800 <= best bid 9999.990673
[BOOK WARN] Crossed book rejected for AAPL: ask 9720.321865 <= best bid 9999.990673
[BOOK WARN] Crossed book rejected for AAPL: ask 9723.490169 <= best bid 9999.990673
[BOOK WARN] Crossed book rejected for AAPL: ask 9719.874830 <= best bid 9999.990673
[BOOK WARN] Crossed book rejected for AAPL: ask 9730.268333 <= best bid 9999.990673
[BOOK WARN] Crossed book rejected for AAPL: ask 9715.495571 <= best bid 9999.990673
[BOOK WARN] Crossed book rejected for AAPL: ask 9716.982885 <= best bid 9999.990673
[BOOK WARN] Crossed book rejected for AAPL: ask 9690.926357 <= best bid 9999.990673
[BOOK WARN] Crossed book rejected for AAPL: ask 9697.103838 <= best bid 9999.990673
[BOOK WARN] Crossed book rejected for AAPL: ask 9700.445295 <= best bid 9999.990673
[BOOK WARN] Crossed book rejected for AAPL: ask 9709.481152 <= best bid 9999.990673
[BOOK WARN] Crossed book rejected for AAPL: ask 9725.487412 <= best bid 9999.990673
[BOOK WARN] Crossed book rejected for AAPL: ask 9732.286790 <= best bid 9999.990673
[BOOK WARN] Crossed book rejected for AAPL: ask 9726.565076 <= best bid 9999.990673
[BOOK WARN] Crossed book rejected for AAPL: ask 9727.813803 <= best bid 9999.990673
[BOOK WARN] Crossed book rejected for AAPL: ask 9721.576635 <= best bid 9999.990673
[BOOK WARN] Crossed book rejected for AAPL: ask 9704.591601 <= best bid 9999.990673
[BOOK WARN] Crossed book rejected for AAPL: ask 9717.242673 <= best bid 9999.990673
[BOOK WARN] Crossed book rejected for AAPL: ask 9717.875880 <= best bid 9999.990673
[BOOK WARN] Crossed book rejected for AAPL: ask 9725.455864 <= best bid 9999.990673
[BOOK WARN] Crossed book rejected for AAPL: ask 9704.839706 <= best bid 9999.990673
[BOOK WARN] Crossed book rejected for AAPL: ask 9708.356514 <= best bid 9999.990673
[BOOK WARN] Crossed book rejected for AAPL: ask 9708.118999 <= best bid 9999.990673
[BOOK WARN] Crossed book rejected for AAPL: ask 9702.273332 <= best bid 9999.990673
[BOOK WARN] Crossed book rejected for AAPL: ask 9696.602379 <= best bid 9999.990673
[BOOK WARN] Crossed book rejected for AAPL: ask 9696.204390 <= best bid 9999.990673
[BOOK WARN] Crossed book rejected for AAPL: ask 9695.028044 <= best bid 9999.990673
[BOOK WARN] Crossed book rejected for AAPL: ask 9710.218876 <= best bid 9999.990673
[BOOK WARN] Crossed book rejected for AAPL: ask 9696.280200 <= best bid 9999.990673
[BOOK WARN] Crossed book rejected for AAPL: ask 9711.742892 <= best bid 9999.990673
[BOOK WARN] Crossed book rejected for AAPL: ask 9703.669010 <= best bid 9999.990673
[BOOK WARN] Crossed book rejected for AAPL: ask 9706.795607 <= best bid 9999.990673
[BOOK WARN] Crossed book rejected for AAPL: ask 9704.625318 <= best bid 9999.990673
[BOOK WARN] Crossed book rejected for AAPL: ask 9680.411619 <= best bid 9999.990673
[BOOK WARN] Crossed book rejected for AAPL: ask 9683.244392 <= best bid 9999.990673
[BOOK WARN] Crossed book rejected for AAPL: ask 9684.222818 <= best bid 9999.990673
[BOOK WARN] Crossed book rejected for AAPL: ask 9677.216789 <= best bid 9999.990673
[BOOK WARN] Crossed book rejected for AAPL: ask 9679.039518 <= best bid 9999.990673
[BOOK WARN] Crossed book rejected for AAPL: ask 9687.640395 <= best bid 9999.990673
[BOOK WARN] Crossed book rejected for AAPL: ask 9682.697500 <= best bid 9999.990673
[BOOK WARN] Crossed book rejected for AAPL: ask 9685.513842 <= best bid 9999.990673
[BOOK WARN] Crossed book rejected for AAPL: ask 9671.193731 <= best bid 9999.990673
[BOOK WARN] Crossed book rejected for AAPL: ask 9668.504065 <= best bid 9999.990673
[BOOK WARN] Crossed book rejected for AAPL: ask 9666.184465 <= best bid 9999.990673
[BOOK WARN] Crossed book rejected for AAPL: ask 9682.113136 <= best bid 9999.990673
[BOOK WARN] Crossed book rejected for AAPL: ask 9688.400355 <= best bid 9999.990673
[BOOK WARN] Crossed book rejected for AAPL: ask 9674.470212 <= best bid 9999.990673
[BOOK WARN] Crossed book rejected for AAPL: ask 9667.410223 <= best bid 9999.990673
[BOOK WARN] Crossed book rejected for AAPL: ask 9658.924234 <= best bid 9999.990673
[BOOK WARN] Crossed book rejected for AAPL: ask 9677.402768 <= best bid 9999.990673
[BOOK WARN] Crossed book rejected for AAPL: ask 9687.658878 <= best bid 9999.990673
[BOOK WARN] Crossed book rejected for AAPL: ask 9689.914747 <= best bid 9999.990673
[BOOK WARN] Crossed book rejected for AAPL: ask 9662.732189 <= best bid 9999.990673
[BOOK WARN] Crossed book rejected for AAPL: ask 9660.766593 <= best bid 9999.990673
[BOOK WARN] Crossed book rejected for AAPL: ask 9658.283706 <= best bid 9999.990673
[BOOK WARN] Crossed book rejected for AAPL: ask 9653.352474 <= best bid 9999.990673
[BOOK WARN] Crossed book rejected for AAPL: ask 9656.021117 <= best bid 9999.990673
[BOOK WARN] Crossed book rejected for AAPL: ask 9671.077577 <= best bid 9999.990673
[BOOK WARN] Crossed book rejected for AAPL: ask 9651.996796 <= best bid 9999.990673
[BOOK WARN] Crossed book rejected for AAPL: ask 9642.606807 <= best bid 9999.990673
[BOOK WARN] Crossed book rejected for AAPL: ask 9652.849783 <= best bid 9999.990673
[BOOK WARN] Crossed book rejected for AAPL: ask 9653.638734 <= best bid 9999.990673
[BOOK WARN] Crossed book rejected for AAPL: ask 9649.566541 <= best bid 9999.990673
[BOOK WARN] Crossed book rejected for AAPL: ask 9657.933889 <= best bid 9999.990673
[BOOK WARN] Crossed book rejected for AAPL: ask 9661.645579 <= best bid 9999.990673
[BOOK WARN] Crossed book rejected for AAPL: ask 9645.185376 <= best bid 9999.990673
[BOOK WARN] Crossed book rejected for AAPL: ask 9661.730190 <= best bid 9999.990673
[BOOK WARN] Crossed book rejected for AAPL: ask 9665.468819 <= best bid 9999.990673
[BOOK WARN] Crossed book rejected for AAPL: ask 9659.952294 <= best bid 9999.990673
[BOOK WARN] Crossed book rejected for AAPL: ask 9655.199981 <= best bid 9999.990673
[BOOK WARN] Crossed book rejected for AAPL: ask 9649.219854 <= best bid 9999.990673
[BOOK WARN] Crossed book rejected for AAPL: ask 9641.834882 <= best bid 9999.990673
[BOOK WARN] Crossed book rejected for AAPL: ask 9659.040155 <= best bid 9999.990673
[BOOK WARN] Crossed book rejected for AAPL: ask 9679.431069 <= best bid 9999.990673
[BOOK WARN] Crossed book rejected for AAPL: ask 9673.840005 <= best bid 9999.990673
[BOOK WARN] Crossed book rejected for AAPL: ask 9676.781206 <= best bid 9999.990673
[BOOK WARN] Crossed book rejected for AAPL: ask 9680.221146 <= best bid 9999.990673
[BOOK WARN] Crossed book rejected for AAPL: ask 9682.198371 <= best bid 9999.990673
[BOOK WARN] Crossed book rejected for AAPL: ask 9691.538899 <= best bid 9999.990673
[BOOK WARN] Crossed book rejected for AAPL: ask 9704.949570 <= best bid 9999.990673
[BOOK WARN] Crossed book rejected for AAPL: ask 9715.361453 <= best bid 9999.990673
[BOOK WARN] Crossed book rejected for AAPL: ask 9721.512078 <= best bid 9999.990673
[BOOK WARN] Crossed book rejected for AAPL: ask 9729.050700 <= best bid 9999.990673
[BOOK WARN] Crossed book rejected for AAPL: ask 9718.886261 <= best bid 9999.990673
[BOOK WARN] Crossed book rejected for AAPL: ask 9707.420002 <= best bid 9999.990673
[BOOK WARN] Crossed book rejected for AAPL: ask 9716.335839 <= best bid 9999.990673
[BOOK WARN] Crossed book rejected for AAPL: ask 9707.378552 <= best bid 9999.990673
[BOOK WARN] Crossed book rejected for AAPL: ask 9702.166792 <= best bid 9999.990673
[BOOK WARN] Crossed book rejected for AAPL: ask 9722.577478 <= best bid 9999.990673
[BOOK WARN] Crossed book rejected for AAPL: ask 9729.903949 <= best bid 9999.990673
[BOOK WARN] Crossed book rejected for AAPL: ask 9726.836347 <= best bid 9999.990673
[BOOK WARN] Crossed book rejected for AAPL: ask 9721.723186 <= best bid 9999.990673
[BOOK WARN] Crossed book rejected for AAPL: ask 9725.216635 <= best bid 9999.990673
[BOOK WARN] Crossed book rejected for AAPL: ask 9734.745992 <= best bid 9999.990673
[BOOK WARN] Crossed book rejected for AAPL: ask 9740.543528 <= best bid 9999.990673
[BOOK WARN] Crossed book rejected for AAPL: ask 9738.681430 <= best bid 9999.990673
[BOOK WARN] Crossed book rejected for AAPL: ask 9737.700244 <= best bid 9999.990673
[BOOK WARN] Crossed book rejected for AAPL: ask 9730.776865 <= best bid 9999.990673
[BOOK WARN] Crossed book rejected for AAPL: ask 9739.954251 <= best bid 9999.990673
[BOOK WARN] Crossed book rejected for AAPL: ask 9743.832141 <= best bid 9999.990673
[BOOK WARN] Crossed book rejected for AAPL: ask 9740.335140 <= best bid 9999.990673
[BOOK WARN] Crossed book rejected for AAPL: ask 9740.939801 <= best bid 9999.990673
[BOOK WARN] Crossed book rejected for AAPL: ask 9726.919009 <= best bid 9999.990673
[BOOK WARN] Crossed book rejected for AAPL: ask 9720.648919 <= best bid 9999.990673
[BOOK WARN] Crossed book rejected for AAPL: ask 9716.471057 <= best bid 9999.990673
[BOOK WARN] Crossed book rejected for AAPL: ask 9727.383239 <= best bid 9999.990673
[BOOK WARN] Crossed book rejected for AAPL: ask 9710.226752 <= best bid 9999.990673
[BOOK WARN] Crossed book rejected for AAPL: ask 9720.288033 <= best bid 9999.990673
[BOOK WARN] Crossed book rejected for AAPL: ask 9717.290870 <= best bid 9999.990673
[BOOK WARN] Crossed book rejected for AAPL: ask 9716.503254 <= best bid 9999.990673
[BOOK WARN] Crossed book rejected for AAPL: ask 9711.668223 <= best bid 9999.990673
[BOOK WARN] Crossed book rejected for AAPL: ask 9702.842502 <= best bid 9999.990673
[BOOK WARN] Crossed book rejected for AAPL: ask 9693.727281 <= best bid 9999.990673
[BOOK WARN] Crossed book rejected for AAPL: ask 9673.418550 <= best bid 9999.990673
[BOOK WARN] Crossed book rejected for AAPL: ask 9670.421055 <= best bid 9999.990673
[BOOK WARN] Crossed book rejected for AAPL: ask 9669.073756 <= best bid 9999.990673
[BOOK WARN] Crossed book rejected for AAPL: ask 9672.018206 <= best bid 9999.990673
[BOOK WARN] Crossed book rejected for AAPL: ask 9671.787243 <= best bid 9999.990673
[BOOK WARN] Crossed book rejected for AAPL: ask 9653.417565 <= best bid 9999.990673
[BOOK WARN] Crossed book rejected for AAPL: ask 9650.385032 <= best bid 9999.990673
[BOOK WARN] Crossed book rejected for AAPL: ask 9624.188733 <= best bid 9999.990673
[BOOK WARN] Crossed book rejected for AAPL: ask 9621.579226 <= best bid 9999.990673
[BOOK WARN] Crossed book rejected for AAPL: ask 9622.941916 <= best bid 9999.990673
[BOOK WARN] Crossed book rejected for AAPL: ask 9644.107633 <= best bid 9999.990673
[BOOK WARN] Crossed book rejected for AAPL: ask 9650.483555 <= best bid 9999.990673
[BOOK WARN] Crossed book rejected for AAPL: ask 9647.408918 <= best bid 9999.990673
[BOOK WARN] Crossed book rejected for AAPL: ask 9653.391718 <= best bid 9999.990673
[BOOK WARN] Crossed book rejected for AAPL: ask 9661.406136 <= best bid 9999.990673
[BOOK WARN] Crossed book rejected for AAPL: ask 9659.093464 <= best bid 9999.990673
[BOOK WARN] Crossed book rejected for AAPL: ask 9669.575635 <= best bid 9999.990673
[BOOK WARN] Crossed book rejected for AAPL: ask 9671.877499 <= best bid 9999.990673
[BOOK WARN] Crossed book rejected for AAPL: ask 9673.497388 <= best bid 9999.990673
[BOOK WARN] Crossed book rejected for AAPL: ask 9683.322275 <= best bid 9999.990673
[BOOK WARN] Crossed book rejected for AAPL: ask 9681.678290 <= best bid 9999.990673
[BOOK WARN] Crossed book rejected for AAPL: ask 9674.401450 <= best bid 9999.990673
[BOOK WARN] Crossed book rejected for AAPL: ask 9660.080559 <= best bid 9999.990673
[BOOK WARN] Crossed book rejected for AAPL: ask 9664.475228 <= best bid 9999.990673
[BOOK WARN] Crossed book rejected for AAPL: ask 9666.946965 <= best bid 9999.990673
[BOOK WARN] Crossed book rejected for AAPL: ask 9674.659893 <= best bid 9999.990673
[BOOK WARN] Crossed book rejected for AAPL: ask 9660.822124 <= best bid 9999.990673
[BOOK WARN] Crossed book rejected for AAPL: ask 9654.486303 <= best bid 9999.990673
[BOOK WARN] Crossed book rejected for AAPL: ask 9640.533822 <= best bid 9999.990673
[BOOK WARN] Crossed book rejected for AAPL: ask 9639.002213 <= best bid 9999.990673
[BOOK WARN] Crossed book rejected for AAPL: ask 9629.552793 <= best bid 9999.990673
[BOOK WARN] Crossed book rejected for AAPL: ask 9626.313467 <= best bid 9999.990673
[BOOK WARN] Crossed book rejected for AAPL: ask 9624.145527 <= best bid 9999.990673
[BOOK WARN] Crossed book rejected for AAPL: ask 9616.160468 <= best bid 9999.990673
[BOOK WARN] Crossed book rejected for AAPL: ask 9636.025544 <= best bid 9999.990673
[BOOK WARN] Crossed book rejected for AAPL: ask 9647.628514 <= best bid 9999.990673
[BOOK WARN] Crossed book rejected for AAPL: ask 9655.581637 <= best bid 9999.990673
[BOOK WARN] Crossed book rejected for AAPL: ask 9660.260001 <= best bid 9999.990673
[BOOK WARN] Crossed book rejected for AAPL: ask 9654.829513 <= best bid 9999.990673
[BOOK WARN] Crossed book rejected for AAPL: ask 9640.434912 <= best bid 9999.990673
[BOOK WARN] Crossed book rejected for AAPL: ask 9636.081345 <= best bid 9999.990673
[BOOK WARN] Crossed book rejected for AAPL: ask 9636.853420 <= best bid 9999.990673
[BOOK WARN] Crossed book rejected for AAPL: ask 9624.763776 <= best bid 9999.990673
[BOOK WARN] Crossed book rejected for AAPL: ask 9632.032907 <= best bid 9999.990673
[BOOK WARN] Crossed book rejected for AAPL: ask 9633.486331 <= best bid 9999.990673
[BOOK WARN] Crossed book rejected for AAPL: ask 9626.074870 <= best bid 9999.990673
[BOOK WARN] Crossed book rejected for AAPL: ask 9622.318702 <= best bid 9999.990673
[BOOK WARN] Crossed book rejected for AAPL: ask 9640.021540 <= best bid 9999.990673
[BOOK WARN] Crossed book rejected for AAPL: ask 9634.351815 <= best bid 9999.990673
[BOOK WARN] Crossed book rejected for AAPL: ask 9624.924459 <= best bid 9999.990673
[BOOK WARN] Crossed book rejected for AAPL: ask 9630.807013 <= best bid 9999.990673
[BOOK WARN] Crossed book rejected for AAPL: ask 9622.317584 <= best bid 9999.990673
[BOOK WARN] Crossed book rejected for AAPL: ask 9623.650910 <= best bid 9999.990673
[BOOK WARN] Crossed book rejected for AAPL: ask 9624.229068 <= best bid 9999.990673
[BOOK WARN] Crossed book rejected for AAPL: ask 9631.723394 <= best bid 9999.990673
[BOOK WARN] Crossed book rejected for AAPL: ask 9632.923337 <= best bid 9999.990673
[BOOK WARN] Crossed book rejected for AAPL: ask 9630.500291 <= best bid 9999.990673
[BOOK WARN] Crossed book rejected for AAPL: ask 9631.065321 <= best bid 9999.990673
[BOOK WARN] Crossed book rejected for AAPL: ask 9643.711084 <= best bid 9999.990673
[BOOK WARN] Crossed book rejected for AAPL: ask 9649.120293 <= best bid 9999.990673
[BOOK WARN] Crossed book rejected for AAPL: ask 9654.505313 <= best bid 9999.990673
[BOOK WARN] Crossed book rejected for AAPL: ask 9661.596605 <= best bid 9999.990673
[BOOK WARN] Crossed book rejected for AAPL: ask 9656.810876 <= best bid 9999.990673
[BOOK WARN] Crossed book rejected for AAPL: ask 9658.603863 <= best bid 9999.990673
[BOOK WARN] Crossed book rejected for AAPL: ask 9663.218924 <= best bid 9999.990673
[BOOK WARN] Crossed book rejected for AAPL: ask 9661.389371 <= best bid 9999.990673
[BOOK WARN] Crossed book rejected for AAPL: ask 9657.250476 <= best bid 9999.990673
[BOOK WARN] Crossed book rejected for AAPL: ask 9657.637925 <= best bid 9999.990673
[BOOK WARN] Crossed book rejected for AAPL: ask 9671.073759 <= best bid 9999.990673
[BOOK WARN] Crossed book rejected for AAPL: ask 9668.532141 <= best bid 9999.990673
[BOOK WARN] Crossed book rejected for AAPL: ask 9669.315334 <= best bid 9999.990673
[BOOK WARN] Crossed book rejected for AAPL: ask 9657.192728 <= best bid 9999.990673
[BOOK WARN] Crossed book rejected for AAPL: ask 9662.236569 <= best bid 9999.990673
[BOOK WARN] Crossed book rejected for AAPL: ask 9656.176798 <= best bid 9999.990673
[BOOK WARN] Crossed book rejected for AAPL: ask 9663.426989 <= best bid 9999.990673
[BOOK WARN] Crossed book rejected for AAPL: ask 9670.002766 <= best bid 9999.990673
[BOOK WARN] Crossed book rejected for AAPL: ask 9672.402721 <= best bid 9999.990673
[BOOK WARN] Crossed book rejected for AAPL: ask 9669.711630 <= best bid 9999.990673
[BOOK WARN] Crossed book rejected for AAPL: ask 9663.196172 <= best bid 9999.990673
[BOOK WARN] Crossed book rejected for AAPL: ask 9671.577926 <= best bid 9999.990673
[BOOK WARN] Crossed book rejected for AAPL: ask 9688.383917 <= best bid 9999.990673
[BOOK WARN] Crossed book rejected for AAPL: ask 9669.692466 <= best bid 9999.990673
[BOOK WARN] Crossed book rejected for AAPL: ask 9652.346322 <= best bid 9999.990673
[BOOK WARN] Crossed book rejected for AAPL: ask 9649.661567 <= best bid 9999.990673
[BOOK WARN] Crossed book rejected for AAPL: ask 9648.017083 <= best bid 9999.990673
[BOOK WARN] Crossed book rejected for AAPL: ask 9658.884477 <= best bid 9999.990673
[BOOK WARN] Crossed book rejected for AAPL: ask 9668.394468 <= best bid 9999.990673
[BOOK WARN] Crossed book rejected for AAPL: ask 9671.910002 <= best bid 9999.990673
[BOOK WARN] Crossed book rejected for AAPL: ask 9663.887053 <= best bid 9999.990673
[BOOK WARN] Crossed book rejected for AAPL: ask 9647.814457 <= best bid 9999.990673
[BOOK WARN] Crossed book rejected for AAPL: ask 9637.360819 <= best bid 9999.990673
[BOOK WARN] Crossed book rejected for AAPL: ask 9631.823561 <= best bid 9999.990673
[BOOK WARN] Crossed book rejected for AAPL: ask 9633.262869 <= best bid 9999.990673
[BOOK WARN] Crossed book rejected for AAPL: ask 9656.507973 <= best bid 9999.990673
[BOOK WARN] Crossed book rejected for AAPL: ask 9649.049461 <= best bid 9999.990673
[BOOK WARN] Crossed book rejected for AAPL: ask 9653.553714 <= best bid 9999.990673
[BOOK WARN] Crossed book rejected for AAPL: ask 9670.655084 <= best bid 9999.990673
[BOOK WARN] Crossed book rejected for AAPL: ask 9678.824903 <= best bid 9999.990673
[BOOK WARN] Crossed book rejected for AAPL: ask 9677.763941 <= best bid 9999.990673
[BOOK WARN] Crossed book rejected for AAPL: ask 9683.590720 <= best bid 9999.990673
[BOOK WARN] Crossed book rejected for AAPL: ask 9682.827136 <= best bid 9999.990673
[BOOK WARN] Crossed book rejected for AAPL: ask 9693.993221 <= best bid 9999.990673
[BOOK WARN] Crossed book rejected for AAPL: ask 9684.874219 <= best bid 9999.990673
[BOOK WARN] Crossed book rejected for AAPL: ask 9683.433361 <= best bid 9999.990673
[BOOK WARN] Crossed book rejected for AAPL: ask 9692.279424 <= best bid 9999.990673
[BOOK WARN] Crossed book rejected for AAPL: ask 9677.299138 <= best bid 9999.990673
[BOOK WARN] Crossed book rejected for AAPL: ask 9670.248037 <= best bid 9999.990673
[BOOK WARN] Crossed book rejected for AAPL: ask 9688.295928 <= best bid 9999.990673
[BOOK WARN] Crossed book rejected for AAPL: ask 9701.265296 <= best bid 9999.990673
[BOOK WARN] Crossed book rejected for AAPL: ask 9706.080167 <= best bid 9999.990673
[BOOK WARN] Crossed book rejected for AAPL: ask 9719.482633 <= best bid 9999.990673
[BOOK WARN] Crossed book rejected for AAPL: ask 9732.917899 <= best bid 9999.990673
[BOOK WARN] Crossed book rejected for AAPL: ask 9728.544831 <= best bid 9999.990673
[BOOK WARN] Crossed book rejected for AAPL: ask 9725.333434 <= best bid 9999.990673
[BOOK WARN] Crossed book rejected for AAPL: ask 9718.641892 <= best bid 9999.990673
[BOOK WARN] Crossed book rejected for AAPL: ask 9733.378185 <= best bid 9999.990673
[BOOK WARN] Crossed book rejected for AAPL: ask 9736.688253 <= best bid 9999.990673
[BOOK WARN] Crossed book rejected for AAPL: ask 9730.675088 <= best bid 9999.990673
[BOOK WARN] Crossed book rejected for AAPL: ask 9731.637273 <= best bid 9999.990673
[BOOK WARN] Crossed book rejected for AAPL: ask 9736.494870 <= best bid 9999.990673
[BOOK WARN] Crossed book rejected for AAPL: ask 9739.315901 <= best bid 9999.990673
[BOOK WARN] Crossed book rejected for AAPL: ask 9743.032500 <= best bid 9999.990673
[BOOK WARN] Crossed book rejected for AAPL: ask 9758.034921 <= best bid 9999.990673
[BOOK WARN] Crossed book rejected for AAPL: ask 9773.801213 <= best bid 9999.990673
[BOOK WARN] Crossed book rejected for AAPL: ask 9787.682055 <= best bid 9999.990673
[BOOK WARN] Crossed book rejected for AAPL: ask 9787.030002 <= best bid 9999.990673
[BOOK WARN] Crossed book rejected for AAPL: ask 9795.543779 <= best bid 9999.990673
[BOOK WARN] Crossed book rejected for AAPL: ask 9806.010739 <= best bid 9999.990673
[BOOK WARN] Crossed book rejected for AAPL: ask 9804.626679 <= best bid 9999.990673
[BOOK WARN] Crossed book rejected for AAPL: ask 9803.813003 <= best bid 9999.990673
[BOOK WARN] Crossed book rejected for AAPL: ask 9797.843655 <= best bid 9999.990673
[BOOK WARN] Crossed book rejected for AAPL: ask 9796.275979 <= best bid 9999.990673
[BOOK WARN] Crossed book rejected for AAPL: ask 9827.031520 <= best bid 9999.990673
[BOOK WARN] Crossed book rejected for AAPL: ask 9826.021438 <= best bid 9999.990673
[BOOK WARN] Crossed book rejected for AAPL: ask 9826.915507 <= best bid 9999.990673
[BOOK WARN] Crossed book rejected for AAPL: ask 9828.047337 <= best bid 9999.990673
[BOOK WARN] Crossed book rejected for AAPL: ask 9810.811017 <= best bid 9999.990673
[BOOK WARN] Crossed book rejected for AAPL: ask 9803.292092 <= best bid 9999.990673
[BOOK WARN] Crossed book rejected for AAPL: ask 9781.375485 <= best bid 9999.990673
[BOOK WARN] Crossed book rejected for AAPL: ask 9778.953493 <= best bid 9999.990673
[BOOK WARN] Crossed book rejected for AAPL: ask 9772.134740 <= best bid 9999.990673
[BOOK WARN] Crossed book rejected for AAPL: ask 9767.040535 <= best bid 9999.990673
[BOOK WARN] Crossed book rejected for AAPL: ask 9769.477406 <= best bid 9999.990673
[BOOK WARN] Crossed book rejected for AAPL: ask 9776.441987 <= best bid 9999.990673
[BOOK WARN] Crossed book rejected for AAPL: ask 9777.261431 <= best bid 9999.990673
[BOOK WARN] Crossed book rejected for AAPL: ask 9772.110253 <= best bid 9999.990673
[BOOK WARN] Crossed book rejected for AAPL: ask 9769.098802 <= best bid 9999.990673
[BOOK WARN] Crossed book rejected for AAPL: ask 9771.410238 <= best bid 9999.990673
[BOOK WARN] Crossed book rejected for AAPL: ask 9795.961279 <= best bid 9999.990673
[BOOK WARN] Crossed book rejected for AAPL: ask 9803.488487 <= best bid 9999.990673
[BOOK WARN] Crossed book rejected for AAPL: ask 9787.235954 <= best bid 9999.990673
[BOOK WARN] Crossed book rejected for AAPL: ask 9785.303885 <= best bid 9999.990673
[BOOK WARN] Crossed book rejected for AAPL: ask 9784.045889 <= best bid 9999.990673
[BOOK WARN] Crossed book rejected for AAPL: ask 9773.908606 <= best bid 9999.990673
[BOOK WARN] Crossed book rejected for AAPL: ask 9785.760792 <= best bid 9999.990673
[BOOK WARN] Crossed book rejected for AAPL: ask 9770.198944 <= best bid 9999.990673
[BOOK WARN] Crossed book rejected for AAPL: ask 9770.477916 <= best bid 9999.990673
[BOOK WARN] Crossed book rejected for AAPL: ask 9779.603022 <= best bid 9999.990673
[BOOK WARN] Crossed book rejected for AAPL: ask 9779.027757 <= best bid 9999.990673
[BOOK WARN] Crossed book rejected for AAPL: ask 9771.400763 <= best bid 9999.990673
[BOOK WARN] Crossed book rejected for AAPL: ask 9784.414696 <= best bid 9999.990673
[BOOK WARN] Crossed book rejected for AAPL: ask 9805.715557 <= best bid 9999.990673
[BOOK WARN] Crossed book rejected for AAPL: ask 9812.336275 <= best bid 9999.990673
[BOOK WARN] Crossed book rejected for AAPL: ask 9825.902552 <= best bid 9999.990673
[BOOK WARN] Crossed book rejected for AAPL: ask 9821.385066 <= best bid 9999.990673
[BOOK WARN] Crossed book rejected for AAPL: ask 9827.075515 <= best bid 9999.990673
[BOOK WARN] Crossed book rejected for AAPL: ask 9814.464585 <= best bid 9999.990673
[BOOK WARN] Crossed book rejected for AAPL: ask 9808.233695 <= best bid 9999.990673
[BOOK WARN] Crossed book rejected for AAPL: ask 9812.335056 <= best bid 9999.990673
[BOOK WARN] Crossed book rejected for AAPL: ask 9805.247123 <= best bid 9999.990673
[BOOK WARN] Crossed book rejected for AAPL: ask 9811.222718 <= best bid 9999.990673
[BOOK WARN] Crossed book rejected for AAPL: ask 9827.076728 <= best bid 9999.990673
[BOOK WARN] Crossed book rejected for AAPL: ask 9840.002002 <= best bid 9999.990673
[BOOK WARN] Crossed book rejected for AAPL: ask 9828.824035 <= best bid 9999.990673
[BOOK WARN] Crossed book rejected for AAPL: ask 9804.126285 <= best bid 9999.990673
[BOOK WARN] Crossed book rejected for AAPL: ask 9787.833891 <= best bid 9999.990673
[BOOK WARN] Crossed book rejected for AAPL: ask 9788.768043 <= best bid 9999.990673
[BOOK WARN] Crossed book rejected for AAPL: ask 9803.393881 <= best bid 9999.990673
[BOOK WARN] Crossed book rejected for AAPL: ask 9802.154065 <= best bid 9999.990673
[BOOK WARN] Crossed book rejected for AAPL: ask 9804.302586 <= best bid 9999.990673
[BOOK WARN] Crossed book rejected for AAPL: ask 9788.471976 <= best bid 9999.990673
[BOOK WARN] Crossed book rejected for AAPL: ask 9779.868833 <= best bid 9999.990673
[BOOK WARN] Crossed book rejected for AAPL: ask 9787.677424 <= best bid 9999.990673
[BOOK WARN] Crossed book rejected for AAPL: ask 9785.576282 <= best bid 9999.990673
[BOOK WARN] Crossed book rejected for AAPL: ask 9788.779402 <= best bid 9999.990673
[BOOK WARN] Crossed book rejected for AAPL: ask 9785.927535 <= best bid 9999.990673
[BOOK WARN] Crossed book rejected for AAPL: ask 9797.872089 <= best bid 9999.990673
[BOOK WARN] Crossed book rejected for AAPL: ask 9790.607008 <= best bid 9999.990673
[BOOK WARN] Crossed book rejected for AAPL: ask 9775.824657 <= best bid 9999.990673
[BOOK WARN] Crossed book rejected for AAPL: ask 9777.760426 <= best bid 9999.990673
[BOOK WARN] Crossed book rejected for AAPL: ask 9769.899278 <= best bid 9999.990673
[BOOK WARN] Crossed book rejected for AAPL: ask 9774.457574 <= best bid 9999.990673
[BOOK WARN] Crossed book rejected for AAPL: ask 9768.554053 <= best bid 9999.990673
[BOOK WARN] Crossed book rejected for AAPL: ask 9773.021538 <= best bid 9999.990673
[BOOK WARN] Crossed book rejected for AAPL: ask 9783.947440 <= best bid 9999.990673
[BOOK WARN] Crossed book rejected for AAPL: ask 9790.897373 <= best bid 9999.990673
[BOOK WARN] Crossed book rejected for AAPL: ask 9786.639614 <= best bid 9999.990673
[BOOK WARN] Crossed book rejected for AAPL: ask 9774.147454 <= best bid 9999.990673
[BOOK WARN] Crossed book rejected for AAPL: ask 9770.383813 <= best bid 9999.990673
[BOOK WARN] Crossed book rejected for AAPL: ask 9775.373078 <= best bid 9999.990673
[BOOK WARN] Crossed book rejected for AAPL: ask 9780.862911 <= best bid 9999.990673
[BOOK WARN] Crossed book rejected for AAPL: ask 9808.255757 <= best bid 9999.990673
[BOOK WARN] Crossed book rejected for AAPL: ask 9804.135908 <= best bid 9999.990673
[BOOK WARN] Crossed book rejected for AAPL: ask 9799.825796 <= best bid 9999.990673
[BOOK WARN] Crossed book rejected for AAPL: ask 9799.051809 <= best bid 9999.990673
[BOOK WARN] Crossed book rejected for AAPL: ask 9794.326289 <= best bid 9999.990673
[BOOK WARN] Crossed book rejected for AAPL: ask 9801.016295 <= best bid 9999.990673
[BOOK WARN] Crossed book rejected for AAPL: ask 9809.070177 <= best bid 9999.990673
[BOOK WARN] Crossed book rejected for AAPL: ask 9820.013059 <= best bid 9999.990673
[BOOK WARN] Crossed book rejected for AAPL: ask 9822.563632 <= best bid 9999.990673
[BOOK WARN] Crossed book rejected for AAPL: ask 9824.323884 <= best bid 9999.990673
[BOOK WARN] Crossed book rejected for AAPL: ask 9816.885307 <= best bid 9999.990673
[BOOK WARN] Crossed book rejected for AAPL: ask 9830.187263 <= best bid 9999.990673
[BOOK WARN] Crossed book rejected for AAPL: ask 9841.801907 <= best bid 9999.990673
[BOOK WARN] Crossed book rejected for AAPL: ask 9852.908489 <= best bid 9999.990673
[BOOK WARN] Crossed book rejected for AAPL: ask 9858.742227 <= best bid 9999.990673
[BOOK WARN] Crossed book rejected for AAPL: ask 9851.305851 <= best bid 9999.990673
[BOOK WARN] Crossed book rejected for AAPL: ask 9843.643952 <= best bid 9999.990673
[BOOK WARN] Crossed book rejected for AAPL: ask 9846.229277 <= best bid 9999.990673
[BOOK WARN] Crossed book rejected for AAPL: ask 9859.723485 <= best bid 9999.990673
[BOOK WARN] Crossed book rejected for AAPL: ask 9847.698989 <= best bid 9999.990673
[BOOK WARN] Crossed book rejected for AAPL: ask 9835.292028 <= best bid 9999.990673
[BOOK WARN] Crossed book rejected for AAPL: ask 9831.859948 <= best bid 9999.990673
[BOOK WARN] Crossed book rejected for AAPL: ask 9826.098182 <= best bid 9999.990673
[BOOK WARN] Crossed book rejected for AAPL: ask 9824.181919 <= best bid 9999.990673
[BOOK WARN] Crossed book rejected for AAPL: ask 9824.530806 <= best bid 9999.990673
[BOOK WARN] Crossed book rejected for AAPL: ask 9810.371801 <= best bid 9999.990673
[BOOK WARN] Crossed book rejected for AAPL: ask 9780.068760 <= best bid 9999.990673
[BOOK WARN] Crossed book rejected for AAPL: ask 9784.447255 <= best bid 9999.990673
[BOOK WARN] Crossed book rejected for AAPL: ask 9785.701908 <= best bid 9999.990673
[BOOK WARN] Crossed book rejected for AAPL: ask 9797.754297 <= best bid 9999.990673
[BOOK WARN] Crossed book rejected for AAPL: ask 9815.631130 <= best bid 9999.990673
[BOOK WARN] Crossed book rejected for AAPL: ask 9816.473934 <= best bid 9999.990673
[BOOK WARN] Crossed book rejected for AAPL: ask 9827.101612 <= best bid 9999.990673
[BOOK WARN] Crossed book rejected for AAPL: ask 9834.234422 <= best bid 9999.990673
[BOOK WARN] Crossed book rejected for AAPL: ask 9838.119984 <= best bid 9999.990673
[BOOK WARN] Crossed book rejected for AAPL: ask 9839.152054 <= best bid 9999.990673
[BOOK WARN] Crossed book rejected for AAPL: ask 9857.537255 <= best bid 9999.990673
[BOOK WARN] Crossed book rejected for AAPL: ask 9854.413594 <= best bid 9999.990673
[BOOK WARN] Crossed book rejected for AAPL: ask 9836.747791 <= best bid 9999.990673
[BOOK WARN] Crossed book rejected for AAPL: ask 9819.872129 <= best bid 9999.990673
[BOOK WARN] Crossed book rejected for AAPL: ask 9821.397647 <= best bid 9999.990673
[BOOK WARN] Crossed book rejected for AAPL: ask 9821.286496 <= best bid 9999.990673
[BOOK WARN] Crossed book rejected for AAPL: ask 9811.947509 <= best bid 9999.990673
[BOOK WARN] Crossed book rejected for AAPL: ask 9830.854540 <= best bid 9999.990673
[BOOK WARN] Crossed book rejected for AAPL: ask 9821.682390 <= best bid 9999.990673
[BOOK WARN] Crossed book rejected for AAPL: ask 9814.771533 <= best bid 9999.990673
[BOOK WARN] Crossed book rejected for AAPL: ask 9814.886280 <= best bid 9999.990673
[BOOK WARN] Crossed book rejected for AAPL: ask 9799.152377 <= best bid 9999.990673
[BOOK WARN] Crossed book rejected for AAPL: ask 9805.147948 <= best bid 9999.990673
[BOOK WARN] Crossed book rejected for AAPL: ask 9791.456681 <= best bid 9999.990673
[BOOK WARN] Crossed book rejected for AAPL: ask 9800.255991 <= best bid 9999.990673
[BOOK WARN] Crossed book rejected for AAPL: ask 9796.634963 <= best bid 9999.990673
[BOOK WARN] Crossed book rejected for AAPL: ask 9815.818951 <= best bid 9999.990673
[BOOK WARN] Crossed book rejected for AAPL: ask 9817.252458 <= best bid 9999.990673
[BOOK WARN] Crossed book rejected for AAPL: ask 9807.556921 <= best bid 9999.990673
[BOOK WARN] Crossed book rejected for AAPL: ask 9792.591729 <= best bid 9999.990673
[BOOK WARN] Crossed book rejected for AAPL: ask 9778.529366 <= best bid 9999.990673
[BOOK WARN] Crossed book rejected for AAPL: ask 9791.494593 <= best bid 9999.990673
[BOOK WARN] Crossed book rejected for AAPL: ask 9788.570381 <= best bid 9999.990673
[BOOK WARN] Crossed book rejected for AAPL: ask 9778.926016 <= best bid 9999.990673
[BOOK WARN] Crossed book rejected for AAPL: ask 9777.029809 <= best bid 9999.990673
[BOOK WARN] Crossed book rejected for AAPL: ask 9777.392134 <= best bid 9999.990673
[BOOK WARN] Crossed book rejected for AAPL: ask 9781.755400 <= best bid 9999.990673
[BOOK WARN] Crossed book rejected for AAPL: ask 9785.680494 <= best bid 9999.990673
[BOOK WARN] Crossed book rejected for AAPL: ask 9783.870738 <= best bid 9999.990673
[BOOK WARN] Crossed book rejected for AAPL: ask 9774.913483 <= best bid 9999.990673
[BOOK WARN] Crossed book rejected for AAPL: ask 9792.217889 <= best bid 9999.990673
[BOOK WARN] Crossed book rejected for AAPL: ask 9773.526306 <= best bid 9999.990673
[BOOK WARN] Crossed book rejected for AAPL: ask 9766.931103 <= best bid 9999.990673
[BOOK WARN] Crossed book rejected for AAPL: ask 9760.130767 <= best bid 9999.990673
[BOOK WARN] Crossed book rejected for AAPL: ask 9754.109151 <= best bid 9999.990673
[BOOK WARN] Crossed book rejected for AAPL: ask 9755.100238 <= best bid 9999.990673
[BOOK WARN] Crossed book rejected for AAPL: ask 9734.906780 <= best bid 9999.990673
[BOOK WARN] Crossed book rejected for AAPL: ask 9745.642643 <= best bid 9999.990673
[BOOK WARN] Crossed book rejected for AAPL: ask 9750.247578 <= best bid 9999.990673
[BOOK WARN] Crossed book rejected for AAPL: ask 9756.071226 <= best bid 9999.990673
[BOOK WARN] Crossed book rejected for AAPL: ask 9760.220059 <= best bid 9999.990673
[BOOK WARN] Crossed book rejected for AAPL: ask 9763.538499 <= best bid 9999.990673
[BOOK WARN] Crossed book rejected for AAPL: ask 9741.297467 <= best bid 9999.990673
[BOOK WARN] Crossed book rejected for AAPL: ask 9746.940658 <= best bid 9999.990673
[BOOK WARN] Crossed book rejected for AAPL: ask 9745.683917 <= best bid 9999.990673
[BOOK WARN] Crossed book rejected for AAPL: ask 9738.532347 <= best bid 9999.990673
[BOOK WARN] Crossed book rejected for AAPL: ask 9731.485437 <= best bid 9999.990673
[BOOK WARN] Crossed book rejected for AAPL: ask 9732.139564 <= best bid 9999.990673
[BOOK WARN] Crossed book rejected for AAPL: ask 9714.517955 <= best bid 9999.990673
[BOOK WARN] Crossed book rejected for AAPL: ask 9734.252132 <= best bid 9999.990673
[BOOK WARN] Crossed book rejected for AAPL: ask 9739.605119 <= best bid 9999.990673
[BOOK WARN] Crossed book rejected for AAPL: ask 9715.204696 <= best bid 9999.990673
[BOOK WARN] Crossed book rejected for AAPL: ask 9711.445259 <= best bid 9999.990673
[BOOK WARN] Crossed book rejected for AAPL: ask 9708.374725 <= best bid 9999.990673
[BOOK WARN] Crossed book rejected for AAPL: ask 9708.967854 <= best bid 9999.990673
[BOOK WARN] Crossed book rejected for AAPL: ask 9707.103039 <= best bid 9999.990673
[BOOK WARN] Crossed book rejected for AAPL: ask 9716.040571 <= best bid 9999.990673
[BOOK WARN] Crossed book rejected for AAPL: ask 9715.797311 <= best bid 9999.990673
[BOOK WARN] Crossed book rejected for AAPL: ask 9699.840625 <= best bid 9999.990673
[BOOK WARN] Crossed book rejected for AAPL: ask 9696.998031 <= best bid 9999.990673
[BOOK WARN] Crossed book rejected for AAPL: ask 9701.007584 <= best bid 9999.990673
[BOOK WARN] Crossed book rejected for AAPL: ask 9695.062600 <= best bid 9999.990673
[BOOK WARN] Crossed book rejected for AAPL: ask 9689.657065 <= best bid 9999.990673
[BOOK WARN] Crossed book rejected for AAPL: ask 9685.936239 <= best bid 9999.990673
[BOOK WARN] Crossed book rejected for AAPL: ask 9675.575804 <= best bid 9999.990673
[BOOK WARN] Crossed book rejected for AAPL: ask 9678.866502 <= best bid 9999.990673
[BOOK WARN] Crossed book rejected for AAPL: ask 9672.884040 <= best bid 9999.990673
[BOOK WARN] Crossed book rejected for AAPL: ask 9656.936550 <= best bid 9999.990673
[BOOK WARN] Crossed book rejected for AAPL: ask 9664.702128 <= best bid 9999.990673
[BOOK WARN] Crossed book rejected for AAPL: ask 9656.462998 <= best bid 9999.990673
[BOOK WARN] Crossed book rejected for AAPL: ask 9656.054441 <= best bid 9999.990673
[BOOK WARN] Crossed book rejected for AAPL: ask 9672.885602 <= best bid 9999.990673
[BOOK WARN] Crossed book rejected for AAPL: ask 9676.730247 <= best bid 9999.990673
[BOOK WARN] Crossed book rejected for AAPL: ask 9669.007735 <= best bid 9999.990673
[BOOK WARN] Crossed book rejected for AAPL: ask 9653.441820 <= best bid 9999.990673
[BOOK WARN] Crossed book rejected for AAPL: ask 9652.138738 <= best bid 9999.990673
[BOOK WARN] Crossed book rejected for AAPL: ask 9652.809245 <= best bid 9999.990673
[BOOK WARN] Crossed book rejected for AAPL: ask 9658.443766 <= best bid 9999.990673
[BOOK WARN] Crossed book rejected for AAPL: ask 9651.245223 <= best bid 9999.990673
[BOOK WARN] Crossed book rejected for AAPL: ask 9666.205657 <= best bid 9999.990673
[BOOK WARN] Crossed book rejected for AAPL: ask 9667.496574 <= best bid 9999.990673
[BOOK WARN] Crossed book rejected for AAPL: ask 9673.707546 <= best bid 9999.990673
[BOOK WARN] Crossed book rejected for AAPL: ask 9662.407643 <= best bid 9999.990673
[BOOK WARN] Crossed book rejected for AAPL: ask 9647.483209 <= best bid 9999.990673
[BOOK WARN] Crossed book rejected for AAPL: ask 9654.196129 <= best bid 9999.990673
[BOOK WARN] Crossed book rejected for AAPL: ask 9640.621694 <= best bid 9999.990673
[BOOK WARN] Crossed book rejected for AAPL: ask 9623.290067 <= best bid 9999.990673
[BOOK WARN] Crossed book rejected for AAPL: ask 9628.744694 <= best bid 9999.990673
[BOOK WARN] Crossed book rejected for AAPL: ask 9636.773232 <= best bid 9999.990673
[BOOK WARN] Crossed book rejected for AAPL: ask 9629.433421 <= best bid 9999.990673
[BOOK WARN] Crossed book rejected for AAPL: ask 9628.079154 <= best bid 9999.990673
[BOOK WARN] Crossed book rejected for AAPL: ask 9627.697566 <= best bid 9999.990673
[BOOK WARN] Crossed book rejected for AAPL: ask 9622.873019 <= best bid 9999.990673
[BOOK WARN] Crossed book rejected for AAPL: ask 9637.188051 <= best bid 9999.990673
[BOOK WARN] Crossed book rejected for AAPL: ask 9644.607910 <= best bid 9999.990673
[BOOK WARN] Crossed book rejected for AAPL: ask 9653.412890 <= best bid 9999.990673
[BOOK WARN] Crossed book rejected for AAPL: ask 9657.973865 <= best bid 9999.990673
[BOOK WARN] Crossed book rejected for AAPL: ask 9652.944102 <= best bid 9999.990673
[BOOK WARN] Crossed book rejected for AAPL: ask 9656.566981 <= best bid 9999.990673
[BOOK WARN] Crossed book rejected for AAPL: ask 9665.853379 <= best bid 9999.990673
[BOOK WARN] Crossed book rejected for AAPL: ask 9662.915370 <= best bid 9999.990673
[BOOK WARN] Crossed book rejected for AAPL: ask 9645.977803 <= best bid 9999.990673
[BOOK WARN] Crossed book rejected for AAPL: ask 9617.205537 <= best bid 9999.990673
[BOOK WARN] Crossed book rejected for AAPL: ask 9615.886066 <= best bid 9999.990673
[BOOK WARN] Crossed book rejected for AAPL: ask 9622.466048 <= best bid 9999.990673
[BOOK WARN] Crossed book rejected for AAPL: ask 9606.478012 <= best bid 9999.990673
[BOOK WARN] Crossed book rejected for AAPL: ask 9592.311541 <= best bid 9999.990673
[BOOK WARN] Crossed book rejected for AAPL: ask 9592.087092 <= best bid 9999.990673
[BOOK WARN] Crossed book rejected for AAPL: ask 9591.607046 <= best bid 9999.990673
[BOOK WARN] Crossed book rejected for AAPL: ask 9602.433733 <= best bid 9999.990673
[BOOK WARN] Crossed book rejected for AAPL: ask 9605.803957 <= best bid 9999.990673
[BOOK WARN] Crossed book rejected for AAPL: ask 9604.309670 <= best bid 9999.990673
[BOOK WARN] Crossed book rejected for AAPL: ask 9598.580022 <= best bid 9999.990673
[BOOK WARN] Crossed book rejected for AAPL: ask 9610.950043 <= best bid 9999.990673
[BOOK WARN] Crossed book rejected for AAPL: ask 9610.151388 <= best bid 9999.990673
[BOOK WARN] Crossed book rejected for AAPL: ask 9600.034118 <= best bid 9999.990673
[BOOK WARN] Crossed book rejected for AAPL: ask 9601.756738 <= best bid 9999.990673
[BOOK WARN] Crossed book rejected for AAPL: ask 9609.528045 <= best bid 9999.990673
[BOOK WARN] Crossed book rejected for AAPL: ask 9619.518569 <= best bid 9999.990673
[BOOK WARN] Crossed book rejected for AAPL: ask 9624.040884 <= best bid 9999.990673
[BOOK WARN] Crossed book rejected for AAPL: ask 9617.522075 <= best bid 9999.990673
[BOOK WARN] Crossed book rejected for AAPL: ask 9626.564487 <= best bid 9999.990673
[BOOK WARN] Crossed book rejected for AAPL: ask 9624.885591 <= best bid 9999.990673
[BOOK WARN] Crossed book rejected for AAPL: ask 9613.716550 <= best bid 9999.990673
[BOOK WARN] Crossed book rejected for AAPL: ask 9618.499390 <= best bid 9999.990673
[BOOK WARN] Crossed book rejected for AAPL: ask 9632.547393 <= best bid 9999.990673
[BOOK WARN] Crossed book rejected for AAPL: ask 9633.037390 <= best bid 9999.990673
[BOOK WARN] Crossed book rejected for AAPL: ask 9616.111030 <= best bid 9999.990673
[BOOK WARN] Crossed book rejected for AAPL: ask 9605.517194 <= best bid 9999.990673
[BOOK WARN] Crossed book rejected for AAPL: ask 9621.786203 <= best bid 9999.990673
[BOOK WARN] Crossed book rejected for AAPL: ask 9604.561942 <= best bid 9999.990673
[BOOK WARN] Crossed book rejected for AAPL: ask 9618.624658 <= best bid 9999.990673
[BOOK WARN] Crossed book rejected for AAPL: ask 9614.985907 <= best bid 9999.990673
[BOOK WARN] Crossed book rejected for AAPL: ask 9616.447613 <= best bid 9999.990673
[BOOK WARN] Crossed book rejected for AAPL: ask 9614.350757 <= best bid 9999.990673
[BOOK WARN] Crossed book rejected for AAPL: ask 9618.846617 <= best bid 9999.990673
[BOOK WARN] Crossed book rejected for AAPL: ask 9601.771107 <= best bid 9999.990673
[BOOK WARN] Crossed book rejected for AAPL: ask 9601.830379 <= best bid 9999.990673
[BOOK WARN] Crossed book rejected for AAPL: ask 9593.438511 <= best bid 9999.990673
[BOOK WARN] Crossed book rejected for AAPL: ask 9584.558022 <= best bid 9999.990673
[BOOK WARN] Crossed book rejected for AAPL: ask 9582.335062 <= best bid 9999.990673
[BOOK WARN] Crossed book rejected for AAPL: ask 9570.120275 <= best bid 9999.990673
[BOOK WARN] Crossed book rejected for AAPL: ask 9557.632706 <= best bid 9999.990673
[BOOK WARN] Crossed book rejected for AAPL: ask 9554.412648 <= best bid 9999.990673
[BOOK WARN] Crossed book rejected for AAPL: ask 9557.244821 <= best bid 9999.990673
[BOOK WARN] Crossed book rejected for AAPL: ask 9548.411133 <= best bid 9999.990673
[BOOK WARN] Crossed book rejected for AAPL: ask 9547.874672 <= best bid 9999.990673
[BOOK WARN] Crossed book rejected for AAPL: ask 9539.615527 <= best bid 9999.990673
[BOOK WARN] Crossed book rejected for AAPL: ask 9544.722469 <= best bid 9999.990673
[BOOK WARN] Crossed book rejected for AAPL: ask 9560.971000 <= best bid 9999.990673
[BOOK WARN] Crossed book rejected for AAPL: ask 9573.572672 <= best bid 9999.990673
[BOOK WARN] Crossed book rejected for AAPL: ask 9584.282785 <= best bid 9999.990673
[BOOK WARN] Crossed book rejected for AAPL: ask 9574.315969 <= best bid 9999.990673
[BOOK WARN] Crossed book rejected for AAPL: ask 9575.901070 <= best bid 9999.990673
[BOOK WARN] Crossed book rejected for AAPL: ask 9554.332325 <= best bid 9999.990673
[BOOK WARN] Crossed book rejected for AAPL: ask 9543.095614 <= best bid 9999.990673
[BOOK WARN] Crossed book rejected for AAPL: ask 9541.903071 <= best bid 9999.990673
[BOOK WARN] Crossed book rejected for AAPL: ask 9552.389500 <= best bid 9999.990673
[BOOK WARN] Crossed book rejected for AAPL: ask 9561.209754 <= best bid 9999.990673
[BOOK WARN] Crossed book rejected for AAPL: ask 9549.975954 <= best bid 9999.990673
[BOOK WARN] Crossed book rejected for AAPL: ask 9543.358014 <= best bid 9999.990673
[BOOK WARN] Crossed book rejected for AAPL: ask 9566.625284 <= best bid 9999.990673
[BOOK WARN] Crossed book rejected for AAPL: ask 9548.409029 <= best bid 9999.990673
[BOOK WARN] Crossed book rejected for AAPL: ask 9538.186785 <= best bid 9999.990673
[BOOK WARN] Crossed book rejected for AAPL: ask 9540.079371 <= best bid 9999.990673
[BOOK WARN] Crossed book rejected for AAPL: ask 9520.869757 <= best bid 9999.990673
[BOOK WARN] Crossed book rejected for AAPL: ask 9520.522357 <= best bid 9999.990673
[BOOK WARN] Crossed book rejected for AAPL: ask 9523.389131 <= best bid 9999.990673
[BOOK WARN] Crossed book rejected for AAPL: ask 9512.158417 <= best bid 9999.990673
[BOOK WARN] Crossed book rejected for AAPL: ask 9512.205809 <= best bid 9999.990673
[BOOK WARN] Crossed book rejected for AAPL: ask 9497.414739 <= best bid 9999.990673
[BOOK WARN] Crossed book rejected for AAPL: ask 9488.225511 <= best bid 9999.990673
[BOOK WARN] Crossed book rejected for AAPL: ask 9496.112811 <= best bid 9999.990673
[BOOK WARN] Crossed book rejected for AAPL: ask 9500.688102 <= best bid 9999.990673
[BOOK WARN] Crossed book rejected for AAPL: ask 9485.940206 <= best bid 9999.990673
[BOOK WARN] Crossed book rejected for AAPL: ask 9455.976048 <= best bid 9999.990673
[BOOK WARN] Crossed book rejected for AAPL: ask 9442.134888 <= best bid 9999.990673
[BOOK WARN] Crossed book rejected for AAPL: ask 9434.810984 <= best bid 9999.990673
[BOOK WARN] Crossed book rejected for AAPL: ask 9439.461711 <= best bid 9999.990673
[BOOK WARN] Crossed book rejected for AAPL: ask 9412.968917 <= best bid 9999.990673
[BOOK WARN] Crossed book rejected for AAPL: ask 9424.319345 <= best bid 9999.990673
[BOOK WARN] Crossed book rejected for AAPL: ask 9424.598405 <= best bid 9999.990673
[BOOK WARN] Crossed book rejected for AAPL: ask 9431.052305 <= best bid 9999.990673
[BOOK WARN] Crossed book rejected for AAPL: ask 9446.996410 <= best bid 9999.990673
[BOOK WARN] Crossed book rejected for AAPL: ask 9428.182988 <= best bid 9999.990673
[BOOK WARN] Crossed book rejected for AAPL: ask 9427.884545 <= best bid 9999.990673
[BOOK WARN] Crossed book rejected for AAPL: ask 9437.341392 <= best bid 9999.990673
[BOOK WARN] Crossed book rejected for AAPL: ask 9433.820334 <= best bid 9999.990673
[BOOK WARN] Crossed book rejected for AAPL: ask 9424.484632 <= best bid 9999.990673
[BOOK WARN] Crossed book rejected for AAPL: ask 9409.945745 <= best bid 9999.990673
[BOOK WARN] Crossed book rejected for AAPL: ask 9416.177820 <= best bid 9999.990673
[BOOK WARN] Crossed book rejected for AAPL: ask 9426.303904 <= best bid 9999.990673
[BOOK WARN] Crossed book rejected for AAPL: ask 9411.503938 <= best bid 9999.990673
[BOOK WARN] Crossed book rejected for AAPL: ask 9413.280707 <= best bid 9999.990673
[BOOK WARN] Crossed book rejected for AAPL: ask 9420.571187 <= best bid 9999.990673
[BOOK WARN] Crossed book rejected for AAPL: ask 9411.196845 <= best bid 9999.990673
[BOOK WARN] Crossed book rejected for AAPL: ask 9409.656176 <= best bid 9999.990673
[BOOK WARN] Crossed book rejected for AAPL: ask 9401.086013 <= best bid 9999.990673
[BOOK WARN] Crossed book rejected for AAPL: ask 9416.238270 <= best bid 9999.990673
[BOOK WARN] Crossed book rejected for AAPL: ask 9417.675284 <= best bid 9999.990673
[BOOK WARN] Crossed book rejected for AAPL: ask 9411.264426 <= best bid 9999.990673
[BOOK WARN] Crossed book rejected for AAPL: ask 9414.724923 <= best bid 9999.990673
[BOOK WARN] Crossed book rejected for AAPL: ask 9406.881092 <= best bid 9999.990673
[BOOK WARN] Crossed book rejected for AAPL: ask 9405.065393 <= best bid 9999.990673
[BOOK WARN] Crossed book rejected for AAPL: ask 9407.257132 <= best bid 9999.990673
[BOOK WARN] Crossed book rejected for AAPL: ask 9413.776933 <= best bid 9999.990673
[BOOK WARN] Crossed book rejected for AAPL: ask 9410.964979 <= best bid 9999.990673
[BOOK WARN] Crossed book rejected for AAPL: ask 9407.313759 <= best bid 9999.990673
[BOOK WARN] Crossed book rejected for AAPL: ask 9429.534904 <= best bid 9999.990673
[BOOK WARN] Crossed book rejected for AAPL: ask 9428.107790 <= best bid 9999.990673
[BOOK WARN] Crossed book rejected for AAPL: ask 9426.771705 <= best bid 9999.990673
[BOOK WARN] Crossed book rejected for AAPL: ask 9434.359708 <= best bid 9999.990673
[BOOK WARN] Crossed book rejected for AAPL: ask 9443.016490 <= best bid 9999.990673
[BOOK WARN] Crossed book rejected for AAPL: ask 9446.201781 <= best bid 9999.990673
[BOOK WARN] Crossed book rejected for AAPL: ask 9454.850286 <= best bid 9999.990673
[BOOK WARN] Crossed book rejected for AAPL: ask 9452.349054 <= best bid 9999.990673
[BOOK WARN] Crossed book rejected for AAPL: ask 9455.307873 <= best bid 9999.990673
[BOOK WARN] Crossed book rejected for AAPL: ask 9455.848931 <= best bid 9999.990673
[BOOK WARN] Crossed book rejected for AAPL: ask 9458.858692 <= best bid 9999.990673
[BOOK WARN] Crossed book rejected for AAPL: ask 9447.173207 <= best bid 9999.990673
[BOOK WARN] Crossed book rejected for AAPL: ask 9453.217305 <= best bid 9999.990673
[BOOK WARN] Crossed book rejected for AAPL: ask 9459.707670 <= best bid 9999.990673
[BOOK WARN] Crossed book rejected for AAPL: ask 9465.889677 <= best bid 9999.990673
[BOOK WARN] Crossed book rejected for AAPL: ask 9474.990644 <= best bid 9999.990673
[BOOK WARN] Crossed book rejected for AAPL: ask 9470.426216 <= best bid 9999.990673
[BOOK WARN] Crossed book rejected for AAPL: ask 9461.869612 <= best bid 9999.990673
[BOOK WARN] Crossed book rejected for AAPL: ask 9445.742989 <= best bid 9999.990673
[BOOK WARN] Crossed book rejected for AAPL: ask 9445.312162 <= best bid 9999.990673
[BOOK WARN] Crossed book rejected for AAPL: ask 9437.983438 <= best bid 9999.990673
[BOOK WARN] Crossed book rejected for AAPL: ask 9423.665711 <= best bid 9999.990673
[BOOK WARN] Crossed book rejected for AAPL: ask 9419.218686 <= best bid 9999.990673
[BOOK WARN] Crossed book rejected for AAPL: ask 9422.301020 <= best bid 9999.990673
[BOOK WARN] Crossed book rejected for AAPL: ask 9425.038095 <= best bid 9999.990673
[BOOK WARN] Crossed book rejected for AAPL: ask 9406.751865 <= best bid 9999.990673
[BOOK WARN] Crossed book rejected for AAPL: ask 9404.768638 <= best bid 9999.990673
[BOOK WARN] Crossed book rejected for AAPL: ask 9416.905662 <= best bid 9999.990673
[BOOK WARN] Crossed book rejected for AAPL: ask 9415.299632 <= best bid 9999.990673
[BOOK WARN] Crossed book rejected for AAPL: ask 9404.378245 <= best bid 9999.990673
[BOOK WARN] Crossed book rejected for AAPL: ask 9403.961336 <= best bid 9999.990673
[BOOK WARN] Crossed book rejected for AAPL: ask 9417.366858 <= best bid 9999.990673
[BOOK WARN] Crossed book rejected for AAPL: ask 9409.645200 <= best bid 9999.990673
[BOOK WARN] Crossed book rejected for AAPL: ask 9403.061815 <= best bid 9999.990673
[BOOK WARN] Crossed book rejected for AAPL: ask 9405.121371 <= best bid 9999.990673
[BOOK WARN] Crossed book rejected for AAPL: ask 9428.435009 <= best bid 9999.990673
[BOOK WARN] Crossed book rejected for AAPL: ask 9425.298097 <= best bid 9999.990673
[BOOK WARN] Crossed book rejected for AAPL: ask 9435.297468 <= best bid 9999.990673
[BOOK WARN] Crossed book rejected for AAPL: ask 9442.416466 <= best bid 9999.990673
[BOOK WARN] Crossed book rejected for AAPL: ask 9447.686654 <= best bid 9999.990673
[BOOK WARN] Crossed book rejected for AAPL: ask 9451.160035 <= best bid 9999.990673
[BOOK WARN] Crossed book rejected for AAPL: ask 9445.751186 <= best bid 9999.990673
[BOOK WARN] Crossed book rejected for AAPL: ask 9432.302900 <= best bid 9999.990673
[BOOK WARN] Crossed book rejected for AAPL: ask 9430.435944 <= best bid 9999.990673
[BOOK WARN] Crossed book rejected for AAPL: ask 9446.442019 <= best bid 9999.990673
[BOOK WARN] Crossed book rejected for AAPL: ask 9439.998945 <= best bid 9999.990673
[BOOK WARN] Crossed book rejected for AAPL: ask 9430.446932 <= best bid 9999.990673
[BOOK WARN] Crossed book rejected for AAPL: ask 9415.577984 <= best bid 9999.990673
[BOOK WARN] Crossed book rejected for AAPL: ask 9411.501934 <= best bid 9999.990673
[BOOK WARN] Crossed book rejected for AAPL: ask 9392.786105 <= best bid 9999.990673
[BOOK WARN] Crossed book rejected for AAPL: ask 9387.664406 <= best bid 9999.990673
[BOOK WARN] Crossed book rejected for AAPL: ask 9389.722647 <= best bid 9999.990673
[BOOK WARN] Crossed book rejected for AAPL: ask 9379.342300 <= best bid 9999.990673
[BOOK WARN] Crossed book rejected for AAPL: ask 9392.205659 <= best bid 9999.990673
[BOOK WARN] Crossed book rejected for AAPL: ask 9402.115741 <= best bid 9999.990673
[BOOK WARN] Crossed book rejected for AAPL: ask 9413.826590 <= best bid 9999.990673
[BOOK WARN] Crossed book rejected for AAPL: ask 9411.488451 <= best bid 9999.990673
[BOOK WARN] Crossed book rejected for AAPL: ask 9415.101043 <= best bid 9999.990673
[BOOK WARN] Crossed book rejected for AAPL: ask 9398.751628 <= best bid 9999.990673
[BOOK WARN] Crossed book rejected for AAPL: ask 9398.083154 <= best bid 9999.990673
[BOOK WARN] Crossed book rejected for AAPL: ask 9394.856920 <= best bid 9999.990673
[BOOK WARN] Crossed book rejected for AAPL: ask 9406.245269 <= best bid 9999.990673
[BOOK WARN] Crossed book rejected for AAPL: ask 9431.877306 <= best bid 9999.990673
[BOOK WARN] Crossed book rejected for AAPL: ask 9431.193024 <= best bid 9999.990673
[BOOK WARN] Crossed book rejected for AAPL: ask 9428.590733 <= best bid 9999.990673
[BOOK WARN] Crossed book rejected for AAPL: ask 9433.748898 <= best bid 9999.990673
[BOOK WARN] Crossed book rejected for AAPL: ask 9428.562330 <= best bid 9999.990673
[BOOK WARN] Crossed book rejected for AAPL: ask 9428.763609 <= best bid 9999.990673
[BOOK WARN] Crossed book rejected for AAPL: ask 9438.465679 <= best bid 9999.990673
[BOOK WARN] Crossed book rejected for AAPL: ask 9461.286877 <= best bid 9999.990673
[BOOK WARN] Crossed book rejected for AAPL: ask 9459.017167 <= best bid 9999.990673
[BOOK WARN] Crossed book rejected for AAPL: ask 9451.240461 <= best bid 9999.990673
[BOOK WARN] Crossed book rejected for AAPL: ask 9460.829929 <= best bid 9999.990673
[BOOK WARN] Crossed book rejected for AAPL: ask 9469.043258 <= best bid 9999.990673
[BOOK WARN] Crossed book rejected for AAPL: ask 9480.203506 <= best bid 9999.990673
[BOOK WARN] Crossed book rejected for AAPL: ask 9482.888749 <= best bid 9999.990673
[BOOK WARN] Crossed book rejected for AAPL: ask 9479.341524 <= best bid 9999.990673
[BOOK WARN] Crossed book rejected for AAPL: ask 9462.073510 <= best bid 9999.990673
[BOOK WARN] Crossed book rejected for AAPL: ask 9457.504076 <= best bid 9999.990673
[BOOK WARN] Crossed book rejected for AAPL: ask 9442.333922 <= best bid 9999.990673
[BOOK WARN] Crossed book rejected for AAPL: ask 9442.917435 <= best bid 9999.990673
[BOOK WARN] Crossed book rejected for AAPL: ask 9432.094693 <= best bid 9999.990673
[BOOK WARN] Crossed book rejected for AAPL: ask 9439.565903 <= best bid 9999.990673
[BOOK WARN] Crossed book rejected for AAPL: ask 9432.149931 <= best bid 9999.990673
[BOOK WARN] Crossed book rejected for AAPL: ask 9424.375801 <= best bid 9999.990673
[BOOK WARN] Crossed book rejected for AAPL: ask 9410.889410 <= best bid 9999.990673
[BOOK WARN] Crossed book rejected for AAPL: ask 9376.748342 <= best bid 9999.990673
[BOOK WARN] Crossed book rejected for AAPL: ask 9358.607521 <= best bid 9999.990673
[BOOK WARN] Crossed book rejected for AAPL: ask 9362.642686 <= best bid 9999.990673
[BOOK WARN] Crossed book rejected for AAPL: ask 9356.393772 <= best bid 9999.990673
[BOOK WARN] Crossed book rejected for AAPL: ask 9360.725853 <= best bid 9999.990673
[BOOK WARN] Crossed book rejected for AAPL: ask 9370.002139 <= best bid 9999.990673
[BOOK WARN] Crossed book rejected for AAPL: ask 9376.246571 <= best bid 9999.990673
[BOOK WARN] Crossed book rejected for AAPL: ask 9381.401255 <= best bid 9999.990673
[BOOK WARN] Crossed book rejected for AAPL: ask 9380.162847 <= best bid 9999.990673
[BOOK WARN] Crossed book rejected for AAPL: ask 9380.860460 <= best bid 9999.990673
[BOOK WARN] Crossed book rejected for AAPL: ask 9376.449271 <= best bid 9999.990673
[BOOK WARN] Crossed book rejected for AAPL: ask 9367.224936 <= best bid 9999.990673
[BOOK WARN] Crossed book rejected for AAPL: ask 9369.728950 <= best bid 9999.990673
[BOOK WARN] Crossed book rejected for AAPL: ask 9375.003891 <= best bid 9999.990673
[BOOK WARN] Crossed book rejected for AAPL: ask 9379.368684 <= best bid 9999.990673
[BOOK WARN] Crossed book rejected for AAPL: ask 9381.706564 <= best bid 9999.990673
[BOOK WARN] Crossed book rejected for AAPL: ask 9380.917926 <= best bid 9999.990673
[BOOK WARN] Crossed book rejected for AAPL: ask 9371.509173 <= best bid 9999.990673
[BOOK WARN] Crossed book rejected for AAPL: ask 9377.865291 <= best bid 9999.990673
[BOOK WARN] Crossed book rejected for AAPL: ask 9380.403666 <= best bid 9999.990673
[BOOK WARN] Crossed book rejected for AAPL: ask 9385.223576 <= best bid 9999.990673
[BOOK WARN] Crossed book rejected for AAPL: ask 9375.375220 <= best bid 9999.990673
[BOOK WARN] Crossed book rejected for AAPL: ask 9371.378190 <= best bid 9999.990673
[BOOK WARN] Crossed book rejected for AAPL: ask 9375.787483 <= best bid 9999.990673
[BOOK WARN] Crossed book rejected for AAPL: ask 9368.762591 <= best bid 9999.990673
[BOOK WARN] Crossed book rejected for AAPL: ask 9364.512346 <= best bid 9999.990673
[BOOK WARN] Crossed book rejected for AAPL: ask 9350.488316 <= best bid 9999.990673
[BOOK WARN] Crossed book rejected for AAPL: ask 9354.388635 <= best bid 9999.990673
[BOOK WARN] Crossed book rejected for AAPL: ask 9349.769487 <= best bid 9999.990673
[BOOK WARN] Crossed book rejected for AAPL: ask 9347.726136 <= best bid 9999.990673
[BOOK WARN] Crossed book rejected for AAPL: ask 9348.023218 <= best bid 9999.990673
[BOOK WARN] Crossed book rejected for AAPL: ask 9354.213473 <= best bid 9999.990673
[BOOK WARN] Crossed book rejected for AAPL: ask 9361.883529 <= best bid 9999.990673
[BOOK WARN] Crossed book rejected for AAPL: ask 9356.386926 <= best bid 9999.990673
[BOOK WARN] Crossed book rejected for AAPL: ask 9353.810901 <= best bid 9999.990673
[BOOK WARN] Crossed book rejected for AAPL: ask 9355.194387 <= best bid 9999.990673
[BOOK WARN] Crossed book rejected for AAPL: ask 9361.085015 <= best bid 9999.990673
[BOOK WARN] Crossed book rejected for AAPL: ask 9335.999742 <= best bid 9999.990673
[BOOK WARN] Crossed book rejected for AAPL: ask 9338.192808 <= best bid 9999.990673
[BOOK WARN] Crossed book rejected for AAPL: ask 9345.824059 <= best bid 9999.990673
[BOOK WARN] Crossed book rejected for AAPL: ask 9333.431615 <= best bid 9999.990673
[BOOK WARN] Crossed book rejected for AAPL: ask 9351.810659 <= best bid 9999.990673
[BOOK WARN] Crossed book rejected for AAPL: ask 9347.275030 <= best bid 9999.990673
[BOOK WARN] Crossed book rejected for AAPL: ask 9348.429710 <= best bid 9999.990673
[BOOK WARN] Crossed book rejected for AAPL: ask 9361.405587 <= best bid 9999.990673
[BOOK WARN] Crossed book rejected for AAPL: ask 9351.266564 <= best bid 9999.990673
[BOOK WARN] Crossed book rejected for AAPL: ask 9352.670221 <= best bid 9999.990673
[BOOK WARN] Crossed book rejected for AAPL: ask 9354.315436 <= best bid 9999.990673
[BOOK WARN] Crossed book rejected for AAPL: ask 9354.009699 <= best bid 9999.990673
[BOOK WARN] Crossed book rejected for AAPL: ask 9350.899682 <= best bid 9999.990673
[BOOK WARN] Crossed book rejected for AAPL: ask 9345.897905 <= best bid 9999.990673
[BOOK WARN] Crossed book rejected for AAPL: ask 9352.695972 <= best bid 9999.990673
[BOOK WARN] Crossed book rejected for AAPL: ask 9362.672496 <= best bid 9999.990673
[BOOK WARN] Crossed book rejected for AAPL: ask 9352.268312 <= best bid 9999.990673
[BOOK WARN] Crossed book rejected for AAPL: ask 9345.949234 <= best bid 9999.990673
[BOOK WARN] Crossed book rejected for AAPL: ask 9350.327688 <= best bid 9999.990673
[BOOK WARN] Crossed book rejected for AAPL: ask 9348.593375 <= best bid 9999.990673
[BOOK WARN] Crossed book rejected for AAPL: ask 9354.172475 <= best bid 9999.990673
[BOOK WARN] Crossed book rejected for AAPL: ask 9360.683853 <= best bid 9999.990673
[BOOK WARN] Crossed book rejected for AAPL: ask 9357.307632 <= best bid 9999.990673
[BOOK WARN] Crossed book rejected for AAPL: ask 9358.792850 <= best bid 9999.990673
[BOOK WARN] Crossed book rejected for AAPL: ask 9356.020959 <= best bid 9999.990673
[BOOK WARN] Crossed book rejected for AAPL: ask 9357.149915 <= best bid 9999.990673
[BOOK WARN] Crossed book rejected for AAPL: ask 9367.238504 <= best bid 9999.990673
[BOOK WARN] Crossed book rejected for AAPL: ask 9353.213041 <= best bid 9999.990673
[BOOK WARN] Crossed book rejected for AAPL: ask 9365.681472 <= best bid 9999.990673
[BOOK WARN] Crossed book rejected for AAPL: ask 9357.037447 <= best bid 9999.990673
[BOOK WARN] Crossed book rejected for AAPL: ask 9378.486388 <= best bid 9999.990673
[BOOK WARN] Crossed book rejected for AAPL: ask 9383.751495 <= best bid 9999.990673
[BOOK WARN] Crossed book rejected for AAPL: ask 9378.881021 <= best bid 9999.990673
[BOOK WARN] Crossed book rejected for AAPL: ask 9360.733503 <= best bid 9999.990673
[BOOK WARN] Crossed book rejected for AAPL: ask 9375.546048 <= best bid 9999.990673
[BOOK WARN] Crossed book rejected for AAPL: ask 9381.071379 <= best bid 9999.990673
[BOOK WARN] Crossed book rejected for AAPL: ask 9381.400754 <= best bid 9999.990673
[BOOK WARN] Crossed book rejected for AAPL: ask 9387.123580 <= best bid 9999.990673
[BOOK WARN] Crossed book rejected for AAPL: ask 9380.103973 <= best bid 9999.990673
[BOOK WARN] Crossed book rejected for AAPL: ask 9389.960533 <= best bid 9999.990673
[BOOK WARN] Crossed book rejected for AAPL: ask 9395.197524 <= best bid 9999.990673
[BOOK WARN] Crossed book rejected for AAPL: ask 9399.735318 <= best bid 9999.990673
[BOOK WARN] Crossed book rejected for AAPL: ask 9413.359669 <= best bid 9999.990673
[BOOK WARN] Crossed book rejected for AAPL: ask 9392.203372 <= best bid 9999.990673
[BOOK WARN] Crossed book rejected for AAPL: ask 9394.256025 <= best bid 9999.990673
[BOOK WARN] Crossed book rejected for AAPL: ask 9395.437281 <= best bid 9999.990673
[BOOK WARN] Crossed book rejected for AAPL: ask 9391.939892 <= best bid 9999.990673
[BOOK WARN] Crossed book rejected for AAPL: ask 9394.654120 <= best bid 9999.990673
[BOOK WARN] Crossed book rejected for AAPL: ask 9392.211779 <= best bid 9999.990673
[BOOK WARN] Crossed book rejected for AAPL: ask 9385.961578 <= best bid 9999.990673
[BOOK WARN] Crossed book rejected for AAPL: ask 9383.846580 <= best bid 9999.990673
[BOOK WARN] Crossed book rejected for AAPL: ask 9385.590538 <= best bid 9999.990673
[BOOK WARN] Crossed book rejected for AAPL: ask 9378.807369 <= best bid 9999.990673
[BOOK WARN] Crossed book rejected for AAPL: ask 9390.736446 <= best bid 9999.990673
[BOOK WARN] Crossed book rejected for AAPL: ask 9389.963135 <= best bid 9999.990673
[BOOK WARN] Crossed book rejected for AAPL: ask 9395.707173 <= best bid 9999.990673
[BOOK WARN] Crossed book rejected for AAPL: ask 9397.144663 <= best bid 9999.990673
[BOOK WARN] Crossed book rejected for AAPL: ask 9403.524961 <= best bid 9999.990673
[BOOK WARN] Crossed book rejected for AAPL: ask 9410.223488 <= best bid 9999.990673
[BOOK WARN] Crossed book rejected for AAPL: ask 9405.176240 <= best bid 9999.990673
[BOOK WARN] Crossed book rejected for AAPL: ask 9408.378516 <= best bid 9999.990673
[BOOK WARN] Crossed book rejected for AAPL: ask 9420.594714 <= best bid 9999.990673
[BOOK WARN] Crossed book rejected for AAPL: ask 9421.345342 <= best bid 9999.990673
[BOOK WARN] Crossed book rejected for AAPL: ask 9423.714240 <= best bid 9999.990673
[BOOK WARN] Crossed book rejected for AAPL: ask 9419.188147 <= best bid 9999.990673
[BOOK WARN] Crossed book rejected for AAPL: ask 9438.398199 <= best bid 9999.990673
[BOOK WARN] Crossed book rejected for AAPL: ask 9419.461633 <= best bid 9999.990673
[BOOK WARN] Crossed book rejected for AAPL: ask 9429.254503 <= best bid 9999.990673
[BOOK WARN] Crossed book rejected for AAPL: ask 9432.042880 <= best bid 9999.990673
[BOOK WARN] Crossed book rejected for AAPL: ask 9439.063652 <= best bid 9999.990673
[BOOK WARN] Crossed book rejected for AAPL: ask 9443.787205 <= best bid 9999.990673
[BOOK WARN] Crossed book rejected for AAPL: ask 9424.628951 <= best bid 9999.990673
[BOOK WARN] Crossed book rejected for AAPL: ask 9421.214748 <= best bid 9999.990673
[BOOK WARN] Crossed book rejected for AAPL: ask 9423.737740 <= best bid 9999.990673
[BOOK WARN] Crossed book rejected for AAPL: ask 9422.193018 <= best bid 9999.990673
[BOOK WARN] Crossed book rejected for AAPL: ask 9423.882738 <= best bid 9999.990673
[BOOK WARN] Crossed book rejected for AAPL: ask 9428.577838 <= best bid 9999.990673
[BOOK WARN] Crossed book rejected for AAPL: ask 9421.581881 <= best bid 9999.990673
[BOOK WARN] Crossed book rejected for AAPL: ask 9402.332392 <= best bid 9999.990673
[BOOK WARN] Crossed book rejected for AAPL: ask 9398.215035 <= best bid 9999.990673
[BOOK WARN] Crossed book rejected for AAPL: ask 9388.036294 <= best bid 9999.990673
[BOOK WARN] Crossed book rejected for AAPL: ask 9382.349975 <= best bid 9999.990673
[BOOK WARN] Crossed book rejected for AAPL: ask 9373.491177 <= best bid 9999.990673
[BOOK WARN] Crossed book rejected for AAPL: ask 9367.886945 <= best bid 9999.990673
[BOOK WARN] Crossed book rejected for AAPL: ask 9356.718201 <= best bid 9999.990673
[BOOK WARN] Crossed book rejected for AAPL: ask 9354.828219 <= best bid 9999.990673
[BOOK WARN] Crossed book rejected for AAPL: ask 9366.683793 <= best bid 9999.990673
[BOOK WARN] Crossed book rejected for AAPL: ask 9369.135701 <= best bid 9999.990673
[BOOK WARN] Crossed book rejected for AAPL: ask 9374.208357 <= best bid 9999.990673
[BOOK WARN] Crossed book rejected for AAPL: ask 9368.510618 <= best bid 9999.990673
[BOOK WARN] Crossed book rejected for AAPL: ask 9377.505372 <= best bid 9999.990673
[BOOK WARN] Crossed book rejected for AAPL: ask 9368.850010 <= best bid 9999.990673
[BOOK WARN] Crossed book rejected for AAPL: ask 9378.149031 <= best bid 9999.990673
[BOOK WARN] Crossed book rejected for AAPL: ask 9383.431600 <= best bid 9999.990673
[BOOK WARN] Crossed book rejected for AAPL: ask 9391.296136 <= best bid 9999.990673
[BOOK WARN] Crossed book rejected for AAPL: ask 9388.760792 <= best bid 9999.990673
[BOOK WARN] Crossed book rejected for AAPL: ask 9389.796779 <= best bid 9999.990673
[BOOK WARN] Crossed book rejected for AAPL: ask 9395.682172 <= best bid 9999.990673
[BOOK WARN] Crossed book rejected for AAPL: ask 9399.515789 <= best bid 9999.990673
[BOOK WARN] Crossed book rejected for AAPL: ask 9393.940781 <= best bid 9999.990673
[BOOK WARN] Crossed book rejected for AAPL: ask 9382.881005 <= best bid 9999.990673
[BOOK WARN] Crossed book rejected for AAPL: ask 9396.081607 <= best bid 9999.990673
[BOOK WARN] Crossed book rejected for AAPL: ask 9397.742297 <= best bid 9999.990673
[BOOK WARN] Crossed book rejected for AAPL: ask 9376.667865 <= best bid 9999.990673
[BOOK WARN] Crossed book rejected for AAPL: ask 9393.263617 <= best bid 9999.990673
[BOOK WARN] Crossed book rejected for AAPL: ask 9410.431456 <= best bid 9999.990673
[BOOK WARN] Crossed book rejected for AAPL: ask 9418.618147 <= best bid 9999.990673
[BOOK WARN] Crossed book rejected for AAPL: ask 9416.771355 <= best bid 9999.990673
[BOOK WARN] Crossed book rejected for AAPL: ask 9416.857815 <= best bid 9999.990673
[BOOK WARN] Crossed book rejected for AAPL: ask 9411.192126 <= best bid 9999.990673
[BOOK WARN] Crossed book rejected for AAPL: ask 9414.054387 <= best bid 9999.990673
[BOOK WARN] Crossed book rejected for AAPL: ask 9415.233397 <= best bid 9999.990673
[BOOK WARN] Crossed book rejected for AAPL: ask 9411.798493 <= best bid 9999.990673
[BOOK WARN] Crossed book rejected for AAPL: ask 9418.338464 <= best bid 9999.990673
[BOOK WARN] Crossed book rejected for AAPL: ask 9411.723596 <= best bid 9999.990673
[BOOK WARN] Crossed book rejected for AAPL: ask 9420.777375 <= best bid 9999.990673
[BOOK WARN] Crossed book rejected for AAPL: ask 9405.623071 <= best bid 9999.990673
[BOOK WARN] Crossed book rejected for AAPL: ask 9408.644605 <= best bid 9999.990673
[BOOK WARN] Crossed book rejected for AAPL: ask 9409.376775 <= best bid 9999.990673
[BOOK WARN] Crossed book rejected for AAPL: ask 9404.634338 <= best bid 9999.990673
[BOOK WARN] Crossed book rejected for AAPL: ask 9405.822784 <= best bid 9999.990673
[BOOK WARN] Crossed book rejected for AAPL: ask 9411.942578 <= best bid 9999.990673
[BOOK WARN] Crossed book rejected for AAPL: ask 9401.878430 <= best bid 9999.990673
[BOOK WARN] Crossed book rejected for AAPL: ask 9418.253786 <= best bid 9999.990673
[BOOK WARN] Crossed book rejected for AAPL: ask 9431.289331 <= best bid 9999.990673
[BOOK WARN] Crossed book rejected for AAPL: ask 9426.915117 <= best bid 9999.990673
[BOOK WARN] Crossed book rejected for AAPL: ask 9423.110625 <= best bid 9999.990673
[BOOK WARN] Crossed book rejected for AAPL: ask 9433.167011 <= best bid 9999.990673
[BOOK WARN] Crossed book rejected for AAPL: ask 9440.350178 <= best bid 9999.990673
[BOOK WARN] Crossed book rejected for AAPL: ask 9433.214514 <= best bid 9999.990673
[BOOK WARN] Crossed book rejected for AAPL: ask 9425.698065 <= best bid 9999.990673
[BOOK WARN] Crossed book rejected for AAPL: ask 9422.633782 <= best bid 9999.990673
[BOOK WARN] Crossed book rejected for AAPL: ask 9424.390715 <= best bid 9999.990673
[BOOK WARN] Crossed book rejected for AAPL: ask 9419.087169 <= best bid 9999.990673
[BOOK WARN] Crossed book rejected for AAPL: ask 9428.100289 <= best bid 9999.990673
[BOOK WARN] Crossed book rejected for AAPL: ask 9411.619314 <= best bid 9999.990673
[BOOK WARN] Crossed book rejected for AAPL: ask 9423.415949 <= best bid 9999.990673
[BOOK WARN] Crossed book rejected for AAPL: ask 9427.790201 <= best bid 9999.990673
[BOOK WARN] Crossed book rejected for AAPL: ask 9417.618014 <= best bid 9999.990673
[BOOK WARN] Crossed book rejected for AAPL: ask 9429.075087 <= best bid 9999.990673
[BOOK WARN] Crossed book rejected for AAPL: ask 9424.297224 <= best bid 9999.990673
[BOOK WARN] Crossed book rejected for AAPL: ask 9418.432341 <= best bid 9999.990673
[BOOK WARN] Crossed book rejected for AAPL: ask 9429.427408 <= best bid 9999.990673
[BOOK WARN] Crossed book rejected for AAPL: ask 9442.972593 <= best bid 9999.990673
[BOOK WARN] Crossed book rejected for AAPL: ask 9446.322475 <= best bid 9999.990673
[BOOK WARN] Crossed book rejected for AAPL: ask 9440.533092 <= best bid 9999.990673
[BOOK WARN] Crossed book rejected for AAPL: ask 9435.413589 <= best bid 9999.990673
[BOOK WARN] Crossed book rejected for AAPL: ask 9435.008881 <= best bid 9999.990673
[BOOK WARN] Crossed book rejected for AAPL: ask 9432.158311 <= best bid 9999.990673
[BOOK WARN] Crossed book rejected for AAPL: ask 9422.610653 <= best bid 9999.990673
[BOOK WARN] Crossed book rejected for AAPL: ask 9418.210750 <= best bid 9999.990673
[BOOK WARN] Crossed book rejected for AAPL: ask 9437.161804 <= best bid 9999.990673
[BOOK WARN] Crossed book rejected for AAPL: ask 9414.563866 <= best bid 9999.990673
[BOOK WARN] Crossed book rejected for AAPL: ask 9414.042416 <= best bid 9999.990673
[BOOK WARN] Crossed book rejected for AAPL: ask 9418.021386 <= best bid 9999.990673
[BOOK WARN] Crossed book rejected for AAPL: ask 9411.280242 <= best bid 9999.990673
[BOOK WARN] Crossed book rejected for AAPL: ask 9402.202357 <= best bid 9999.990673
[BOOK WARN] Crossed book rejected for AAPL: ask 9399.758423 <= best bid 9999.990673
[BOOK WARN] Crossed book rejected for AAPL: ask 9402.929629 <= best bid 9999.990673
[BOOK WARN] Crossed book rejected for AAPL: ask 9407.966998 <= best bid 9999.990673
[BOOK WARN] Crossed book rejected for AAPL: ask 9410.205226 <= best bid 9999.990673
[BOOK WARN] Crossed book rejected for AAPL: ask 9414.711112 <= best bid 9999.990673
[BOOK WARN] Crossed book rejected for AAPL: ask 9424.381775 <= best bid 9999.990673
[BOOK WARN] Crossed book rejected for AAPL: ask 9423.833548 <= best bid 9999.990673
[BOOK WARN] Crossed book rejected for AAPL: ask 9413.958696 <= best bid 9999.990673
[BOOK WARN] Crossed book rejected for AAPL: ask 9418.718745 <= best bid 9999.990673
[BOOK WARN] Crossed book rejected for AAPL: ask 9400.866601 <= best bid 9999.990673
[BOOK WARN] Crossed book rejected for AAPL: ask 9379.384547 <= best bid 9999.990673
[BOOK WARN] Crossed book rejected for AAPL: ask 9384.937852 <= best bid 9999.990673
[BOOK WARN] Crossed book rejected for AAPL: ask 9387.236476 <= best bid 9999.990673
[BOOK WARN] Crossed book rejected for AAPL: ask 9400.434245 <= best bid 9999.990673
[BOOK WARN] Crossed book rejected for AAPL: ask 9410.848344 <= best bid 9999.990673
[BOOK WARN] Crossed book rejected for AAPL: ask 9412.415579 <= best bid 9999.990673
[BOOK WARN] Crossed book rejected for AAPL: ask 9400.105857 <= best bid 9999.990673
[BOOK WARN] Crossed book rejected for AAPL: ask 9403.507559 <= best bid 9999.990673
[BOOK WARN] Crossed book rejected for AAPL: ask 9403.669515 <= best bid 9999.990673
[BOOK WARN] Crossed book rejected for AAPL: ask 9408.109513 <= best bid 9999.990673
[BOOK WARN] Crossed book rejected for AAPL: ask 9415.890455 <= best bid 9999.990673
[BOOK WARN] Crossed book rejected for AAPL: ask 9415.414934 <= best bid 9999.990673
[BOOK WARN] Crossed book rejected for AAPL: ask 9415.055994 <= best bid 9999.990673
[BOOK WARN] Crossed book rejected for AAPL: ask 9420.366013 <= best bid 9999.990673
[BOOK WARN] Crossed book rejected for AAPL: ask 9436.369333 <= best bid 9999.990673
[BOOK WARN] Crossed book rejected for AAPL: ask 9439.169345 <= best bid 9999.990673
[BOOK WARN] Crossed book rejected for AAPL: ask 9440.089918 <= best bid 9999.990673
[BOOK WARN] Crossed book rejected for AAPL: ask 9455.546703 <= best bid 9999.990673
[BOOK WARN] Crossed book rejected for AAPL: ask 9461.882491 <= best bid 9999.990673
[BOOK WARN] Crossed book rejected for AAPL: ask 9452.568891 <= best bid 9999.990673
[BOOK WARN] Crossed book rejected for AAPL: ask 9462.799913 <= best bid 9999.990673
[BOOK WARN] Crossed book rejected for AAPL: ask 9454.012010 <= best bid 9999.990673
[BOOK WARN] Crossed book rejected for AAPL: ask 9443.763581 <= best bid 9999.990673
[BOOK WARN] Crossed book rejected for AAPL: ask 9443.590312 <= best bid 9999.990673
[BOOK WARN] Crossed book rejected for AAPL: ask 9442.531709 <= best bid 9999.990673
[BOOK WARN] Crossed book rejected for AAPL: ask 9424.656119 <= best bid 9999.990673
[BOOK WARN] Crossed book rejected for AAPL: ask 9426.142291 <= best bid 9999.990673
[BOOK WARN] Crossed book rejected for AAPL: ask 9440.188944 <= best bid 9999.990673
[BOOK WARN] Crossed book rejected for AAPL: ask 9458.193416 <= best bid 9999.990673
[BOOK WARN] Crossed book rejected for AAPL: ask 9457.062897 <= best bid 9999.990673
[BOOK WARN] Crossed book rejected for AAPL: ask 9454.064424 <= best bid 9999.990673
[BOOK WARN] Crossed book rejected for AAPL: ask 9446.235955 <= best bid 9999.990673
[BOOK WARN] Crossed book rejected for AAPL: ask 9451.792093 <= best bid 9999.990673
[BOOK WARN] Crossed book rejected for AAPL: ask 9459.959550 <= best bid 9999.990673
[BOOK WARN] Crossed book rejected for AAPL: ask 9452.581299 <= best bid 9999.990673
[BOOK WARN] Crossed book rejected for AAPL: ask 9447.084815 <= best bid 9999.990673
[BOOK WARN] Crossed book rejected for AAPL: ask 9434.607222 <= best bid 9999.990673
[BOOK WARN] Crossed book rejected for AAPL: ask 9448.126100 <= best bid 9999.990673
[BOOK WARN] Crossed book rejected for AAPL: ask 9450.784132 <= best bid 9999.990673
[BOOK WARN] Crossed book rejected for AAPL: ask 9430.333498 <= best bid 9999.990673
[BOOK WARN] Crossed book rejected for AAPL: ask 9419.960246 <= best bid 9999.990673
[BOOK WARN] Crossed book rejected for AAPL: ask 9407.817775 <= best bid 9999.990673
[BOOK WARN] Crossed book rejected for AAPL: ask 9416.603421 <= best bid 9999.990673
[BOOK WARN] Crossed book rejected for AAPL: ask 9421.814989 <= best bid 9999.990673
[BOOK WARN] Crossed book rejected for AAPL: ask 9418.746195 <= best bid 9999.990673
[BOOK WARN] Crossed book rejected for AAPL: ask 9412.805382 <= best bid 9999.990673
[BOOK WARN] Crossed book rejected for AAPL: ask 9405.240866 <= best bid 9999.990673
[BOOK WARN] Crossed book rejected for AAPL: ask 9398.058135 <= best bid 9999.990673
[BOOK WARN] Crossed book rejected for AAPL: ask 9416.275197 <= best bid 9999.990673
[BOOK WARN] Crossed book rejected for AAPL: ask 9407.528665 <= best bid 9999.990673
[BOOK WARN] Crossed book rejected for AAPL: ask 9394.548615 <= best bid 9999.990673
[BOOK WARN] Crossed book rejected for AAPL: ask 9390.189597 <= best bid 9999.990673
[BOOK WARN] Crossed book rejected for AAPL: ask 9388.304589 <= best bid 9999.990673
[BOOK WARN] Crossed book rejected for AAPL: ask 9384.256277 <= best bid 9999.990673
[BOOK WARN] Crossed book rejected for AAPL: ask 9377.747780 <= best bid 9999.990673
[BOOK WARN] Crossed book rejected for AAPL: ask 9385.972231 <= best bid 9999.990673
[BOOK WARN] Crossed book rejected for AAPL: ask 9385.684554 <= best bid 9999.990673
[BOOK WARN] Crossed book rejected for AAPL: ask 9383.977102 <= best bid 9999.990673
[BOOK WARN] Crossed book rejected for AAPL: ask 9379.944766 <= best bid 9999.990673
[BOOK WARN] Crossed book rejected for AAPL: ask 9386.675325 <= best bid 9999.990673
[BOOK WARN] Crossed book rejected for AAPL: ask 9376.490363 <= best bid 9999.990673
[BOOK WARN] Crossed book rejected for AAPL: ask 9373.357016 <= best bid 9999.990673
[BOOK WARN] Crossed book rejected for AAPL: ask 9371.973818 <= best bid 9999.990673
[BOOK WARN] Crossed book rejected for AAPL: ask 9364.762616 <= best bid 9999.990673
[BOOK WARN] Crossed book rejected for AAPL: ask 9366.102310 <= best bid 9999.990673
[BOOK WARN] Crossed book rejected for AAPL: ask 9378.810884 <= best bid 9999.990673
[BOOK WARN] Crossed book rejected for AAPL: ask 9378.573539 <= best bid 9999.990673
[BOOK WARN] Crossed book rejected for AAPL: ask 9371.547403 <= best bid 9999.990673
[BOOK WARN] Crossed book rejected for AAPL: ask 9362.566806 <= best bid 9999.990673
[BOOK WARN] Crossed book rejected for AAPL: ask 9360.597151 <= best bid 9999.990673
[BOOK WARN] Crossed book rejected for AAPL: ask 9360.573291 <= best bid 9999.990673
[BOOK WARN] Crossed book rejected for AAPL: ask 9366.934642 <= best bid 9999.990673
[BOOK WARN] Crossed book rejected for AAPL: ask 9353.114463 <= best bid 9999.990673
[BOOK WARN] Crossed book rejected for AAPL: ask 9361.764877 <= best bid 9999.990673
[BOOK WARN] Crossed book rejected for AAPL: ask 9367.739476 <= best bid 9999.990673
[BOOK WARN] Crossed book rejected for AAPL: ask 9363.769549 <= best bid 9999.990673
[BOOK WARN] Crossed book rejected for AAPL: ask 9361.393116 <= best bid 9999.990673
[BOOK WARN] Crossed book rejected for AAPL: ask 9373.920753 <= best bid 9999.990673
[BOOK WARN] Crossed book rejected for AAPL: ask 9362.917356 <= best bid 9999.990673
[BOOK WARN] Crossed book rejected for AAPL: ask 9346.306715 <= best bid 9999.990673
[BOOK WARN] Crossed book rejected for AAPL: ask 9341.684016 <= best bid 9999.990673
[BOOK WARN] Crossed book rejected for AAPL: ask 9342.995880 <= best bid 9999.990673
[BOOK WARN] Crossed book rejected for AAPL: ask 9319.695447 <= best bid 9999.990673
[BOOK WARN] Crossed book rejected for AAPL: ask 9330.519562 <= best bid 9999.990673
[BOOK WARN] Crossed book rejected for AAPL: ask 9323.926780 <= best bid 9999.990673
[BOOK WARN] Crossed book rejected for AAPL: ask 9322.602986 <= best bid 9999.990673
[BOOK WARN] Crossed book rejected for AAPL: ask 9324.989880 <= best bid 9999.990673
[BOOK WARN] Crossed book rejected for AAPL: ask 9336.019744 <= best bid 9999.990673
[BOOK WARN] Crossed book rejected for AAPL: ask 9337.925393 <= best bid 9999.990673
[BOOK WARN] Crossed book rejected for AAPL: ask 9348.610310 <= best bid 9999.990673
[BOOK WARN] Crossed book rejected for AAPL: ask 9348.196437 <= best bid 9999.990673
[BOOK WARN] Crossed book rejected for AAPL: ask 9349.014929 <= best bid 9999.990673
[BOOK WARN] Crossed book rejected for AAPL: ask 9361.555191 <= best bid 9999.990673
[BOOK WARN] Crossed book rejected for AAPL: ask 9359.963532 <= best bid 9999.990673
[BOOK WARN] Crossed book rejected for AAPL: ask 9358.184142 <= best bid 9999.990673
[BOOK WARN] Crossed book rejected for AAPL: ask 9365.793146 <= best bid 9999.990673
[BOOK WARN] Crossed book rejected for AAPL: ask 9349.503783 <= best bid 9999.990673
[BOOK WARN] Crossed book rejected for AAPL: ask 9354.741533 <= best bid 9999.990673
[BOOK WARN] Crossed book rejected for AAPL: ask 9333.802448 <= best bid 9999.990673
[BOOK WARN] Crossed book rejected for AAPL: ask 9323.967930 <= best bid 9999.990673
[BOOK WARN] Crossed book rejected for AAPL: ask 9323.972316 <= best bid 9999.990673
[BOOK WARN] Crossed book rejected for AAPL: ask 9340.839557 <= best bid 9999.990673
[BOOK WARN] Crossed book rejected for AAPL: ask 9356.205520 <= best bid 9999.990673
[BOOK WARN] Crossed book rejected for AAPL: ask 9347.638177 <= best bid 9999.990673
[BOOK WARN] Crossed book rejected for AAPL: ask 9343.560458 <= best bid 9999.990673
[BOOK WARN] Crossed book rejected for AAPL: ask 9329.491725 <= best bid 9999.990673
[BOOK WARN] Crossed book rejected for AAPL: ask 9333.443937 <= best bid 9999.990673
[BOOK WARN] Crossed book rejected for AAPL: ask 9340.945460 <= best bid 9999.990673
[BOOK WARN] Crossed book rejected for AAPL: ask 9348.010652 <= best bid 9999.990673
[BOOK WARN] Crossed book rejected for AAPL: ask 9351.564503 <= best bid 9999.990673
[BOOK WARN] Crossed book rejected for AAPL: ask 9348.484094 <= best bid 9999.990673
[BOOK WARN] Crossed book rejected for AAPL: ask 9338.113204 <= best bid 9999.990673
[BOOK WARN] Crossed book rejected for AAPL: ask 9333.574001 <= best bid 9999.990673
[BOOK WARN] Crossed book rejected for AAPL: ask 9336.428764 <= best bid 9999.990673
[BOOK WARN] Crossed book rejected for AAPL: ask 9350.752675 <= best bid 9999.990673
[BOOK WARN] Crossed book rejected for AAPL: ask 9348.180748 <= best bid 9999.990673
[BOOK WARN] Crossed book rejected for AAPL: ask 9334.411489 <= best bid 9999.990673
[BOOK WARN] Crossed book rejected for AAPL: ask 9346.069340 <= best bid 9999.990673
[BOOK WARN] Crossed book rejected for AAPL: ask 9350.900731 <= best bid 9999.990673
[BOOK WARN] Crossed book rejected for AAPL: ask 9350.817187 <= best bid 9999.990673
[BOOK WARN] Crossed book rejected for AAPL: ask 9339.885873 <= best bid 9999.990673
[BOOK WARN] Crossed book rejected for AAPL: ask 9348.098983 <= best bid 9999.990673
[BOOK WARN] Crossed book rejected for AAPL: ask 9341.752815 <= best bid 9999.990673
[BOOK WARN] Crossed book rejected for AAPL: ask 9334.425977 <= best bid 9999.990673
[BOOK WARN] Crossed book rejected for AAPL: ask 9330.823590 <= best bid 9999.990673
[BOOK WARN] Crossed book rejected for AAPL: ask 9336.055617 <= best bid 9999.990673
[BOOK WARN] Crossed book rejected for AAPL: ask 9343.329251 <= best bid 9999.990673
[BOOK WARN] Crossed book rejected for AAPL: ask 9347.789288 <= best bid 9999.990673
[BOOK WARN] Crossed book rejected for AAPL: ask 9348.257000 <= best bid 9999.990673
[BOOK WARN] Crossed book rejected for AAPL: ask 9329.613325 <= best bid 9999.990673
[BOOK WARN] Crossed book rejected for AAPL: ask 9325.085810 <= best bid 9999.990673
[BOOK WARN] Crossed book rejected for AAPL: ask 9332.143733 <= best bid 9999.990673
[BOOK WARN] Crossed book rejected for AAPL: ask 9343.218252 <= best bid 9999.990673
[BOOK WARN] Crossed book rejected for AAPL: ask 9348.586475 <= best bid 9999.990673
[BOOK WARN] Crossed book rejected for AAPL: ask 9350.525519 <= best bid 9999.990673
[BOOK WARN] Crossed book rejected for AAPL: ask 9348.733830 <= best bid 9999.990673
[BOOK WARN] Crossed book rejected for AAPL: ask 9334.625968 <= best bid 9999.990673
[BOOK WARN] Crossed book rejected for AAPL: ask 9350.842781 <= best bid 9999.990673
[BOOK WARN] Crossed book rejected for AAPL: ask 9367.306677 <= best bid 9999.990673
[BOOK WARN] Crossed book rejected for AAPL: ask 9377.549838 <= best bid 9999.990673
[BOOK WARN] Crossed book rejected for AAPL: ask 9380.853723 <= best bid 9999.990673
[BOOK WARN] Crossed book rejected for AAPL: ask 9390.736182 <= best bid 9999.990673
[BOOK WARN] Crossed book rejected for AAPL: ask 9397.090211 <= best bid 9999.990673
[BOOK WARN] Crossed book rejected for AAPL: ask 9406.427833 <= best bid 9999.990673
[BOOK WARN] Crossed book rejected for AAPL: ask 9405.250558 <= best bid 9999.990673
[BOOK WARN] Crossed book rejected for AAPL: ask 9406.616274 <= best bid 9999.990673
[BOOK WARN] Crossed book rejected for AAPL: ask 9387.405476 <= best bid 9999.990673
[BOOK WARN] Crossed book rejected for AAPL: ask 9373.904934 <= best bid 9999.990673
[BOOK WARN] Crossed book rejected for AAPL: ask 9355.817809 <= best bid 9999.990673
[BOOK WARN] Crossed book rejected for AAPL: ask 9334.941722 <= best bid 9999.990673
[BOOK WARN] Crossed book rejected for AAPL: ask 9317.150017 <= best bid 9999.990673
[BOOK WARN] Crossed book rejected for AAPL: ask 9326.441428 <= best bid 9999.990673
[BOOK WARN] Crossed book rejected for AAPL: ask 9339.910414 <= best bid 9999.990673
[BOOK WARN] Crossed book rejected for AAPL: ask 9341.393944 <= best bid 9999.990673
[BOOK WARN] Crossed book rejected for AAPL: ask 9349.598948 <= best bid 9999.990673
[BOOK WARN] Crossed book rejected for AAPL: ask 9363.676657 <= best bid 9999.990673
[BOOK WARN] Crossed book rejected for AAPL: ask 9363.306522 <= best bid 9999.990673
[BOOK WARN] Crossed book rejected for AAPL: ask 9365.835393 <= best bid 9999.990673
[BOOK WARN] Crossed book rejected for AAPL: ask 9366.685441 <= best bid 9999.990673
[BOOK WARN] Crossed book rejected for AAPL: ask 9360.305520 <= best bid 9999.990673
[BOOK WARN] Crossed book rejected for AAPL: ask 9359.900991 <= best bid 9999.990673
[BOOK WARN] Crossed book rejected for AAPL: ask 9358.117539 <= best bid 9999.990673
[BOOK WARN] Crossed book rejected for AAPL: ask 9363.937880 <= best bid 9999.990673
[BOOK WARN] Crossed book rejected for AAPL: ask 9357.887034 <= best bid 9999.990673
[BOOK WARN] Crossed book rejected for AAPL: ask 9352.030197 <= best bid 9999.990673
[BOOK WARN] Crossed book rejected for AAPL: ask 9343.899088 <= best bid 9999.990673
[BOOK WARN] Crossed book rejected for AAPL: ask 9337.374077 <= best bid 9999.990673
[BOOK WARN] Crossed book rejected for AAPL: ask 9352.701430 <= best bid 9999.990673
[BOOK WARN] Crossed book rejected for AAPL: ask 9359.784001 <= best bid 9999.990673
[BOOK WARN] Crossed book rejected for AAPL: ask 9360.179185 <= best bid 9999.990673
[BOOK WARN] Crossed book rejected for AAPL: ask 9360.126190 <= best bid 9999.990673
[BOOK WARN] Crossed book rejected for AAPL: ask 9366.049704 <= best bid 9999.990673
[BOOK WARN] Crossed book rejected for AAPL: ask 9363.803819 <= best bid 9999.990673
[BOOK WARN] Crossed book rejected for AAPL: ask 9369.202755 <= best bid 9999.990673
[BOOK WARN] Crossed book rejected for AAPL: ask 9364.340428 <= best bid 9999.990673
[BOOK WARN] Crossed book rejected for AAPL: ask 9353.928537 <= best bid 9999.990673
[BOOK WARN] Crossed book rejected for AAPL: ask 9349.776548 <= best bid 9999.990673
[BOOK WARN] Crossed book rejected for AAPL: ask 9359.081602 <= best bid 9999.990673
[BOOK WARN] Crossed book rejected for AAPL: ask 9359.510952 <= best bid 9999.990673
[BOOK WARN] Crossed book rejected for AAPL: ask 9344.806542 <= best bid 9999.990673
[BOOK WARN] Crossed book rejected for AAPL: ask 9349.552893 <= best bid 9999.990673
[BOOK WARN] Crossed book rejected for AAPL: ask 9353.210626 <= best bid 9999.990673
[BOOK WARN] Crossed book rejected for AAPL: ask 9358.195155 <= best bid 9999.990673
[BOOK WARN] Crossed book rejected for AAPL: ask 9358.161561 <= best bid 9999.990673
[BOOK WARN] Crossed book rejected for AAPL: ask 9353.106765 <= best bid 9999.990673
[BOOK WARN] Crossed book rejected for AAPL: ask 9364.330078 <= best bid 9999.990673
[BOOK WARN] Crossed book rejected for AAPL: ask 9375.337534 <= best bid 9999.990673
[BOOK WARN] Crossed book rejected for AAPL: ask 9372.633181 <= best bid 9999.990673
[BOOK WARN] Crossed book rejected for AAPL: ask 9368.661705 <= best bid 9999.990673
[BOOK WARN] Crossed book rejected for AAPL: ask 9368.876048 <= best bid 9999.990673
[BOOK WARN] Crossed book rejected for AAPL: ask 9362.722450 <= best bid 9999.990673
[BOOK WARN] Crossed book rejected for AAPL: ask 9382.921890 <= best bid 9999.990673
[BOOK WARN] Crossed book rejected for AAPL: ask 9374.666744 <= best bid 9999.990673
[BOOK WARN] Crossed book rejected for AAPL: ask 9367.331185 <= best bid 9999.990673
[BOOK WARN] Crossed book rejected for AAPL: ask 9375.092013 <= best bid 9999.990673
[BOOK WARN] Crossed book rejected for AAPL: ask 9368.070484 <= best bid 9999.990673
[BOOK WARN] Crossed book rejected for AAPL: ask 9372.096765 <= best bid 9999.990673
[BOOK WARN] Crossed book rejected for AAPL: ask 9391.614838 <= best bid 9999.990673
[BOOK WARN] Crossed book rejected for AAPL: ask 9392.983497 <= best bid 9999.990673
[BOOK WARN] Crossed book rejected for AAPL: ask 9383.719362 <= best bid 9999.990673
[BOOK WARN] Crossed book rejected for AAPL: ask 9393.608098 <= best bid 9999.990673
[BOOK WARN] Crossed book rejected for AAPL: ask 9390.943108 <= best bid 9999.990673
[BOOK WARN] Crossed book rejected for AAPL: ask 9389.473416 <= best bid 9999.990673
[BOOK WARN] Crossed book rejected for AAPL: ask 9403.361357 <= best bid 9999.990673
[BOOK WARN] Crossed book rejected for AAPL: ask 9401.085868 <= best bid 9999.990673
[BOOK WARN] Crossed book rejected for AAPL: ask 9393.261335 <= best bid 9999.990673
[BOOK WARN] Crossed book rejected for AAPL: ask 9394.952712 <= best bid 9999.990673
[BOOK WARN] Crossed book rejected for AAPL: ask 9370.287447 <= best bid 9999.990673
[BOOK WARN] Crossed book rejected for AAPL: ask 9383.817143 <= best bid 9999.990673
[BOOK WARN] Crossed book rejected for AAPL: ask 9372.792483 <= best bid 9999.990673
[BOOK WARN] Crossed book rejected for AAPL: ask 9363.748145 <= best bid 9999.990673
[BOOK WARN] Crossed book rejected for AAPL: ask 9367.963751 <= best bid 9999.990673
[BOOK WARN] Crossed book rejected for AAPL: ask 9382.431326 <= best bid 9999.990673
[BOOK WARN] Crossed book rejected for AAPL: ask 9389.290810 <= best bid 9999.990673
[BOOK WARN] Crossed book rejected for AAPL: ask 9401.915580 <= best bid 9999.990673
[BOOK WARN] Crossed book rejected for AAPL: ask 9399.316229 <= best bid 9999.990673
[BOOK WARN] Crossed book rejected for AAPL: ask 9391.529614 <= best bid 9999.990673
[BOOK WARN] Crossed book rejected for AAPL: ask 9381.877265 <= best bid 9999.990673
[BOOK WARN] Crossed book rejected for AAPL: ask 9381.315648 <= best bid 9999.990673
[BOOK WARN] Crossed book rejected for AAPL: ask 9378.529326 <= best bid 9999.990673
[BOOK WARN] Crossed book rejected for AAPL: ask 9383.510532 <= best bid 9999.990673
[BOOK WARN] Crossed book rejected for AAPL: ask 9378.739837 <= best bid 9999.990673
[BOOK WARN] Crossed book rejected for AAPL: ask 9394.904567 <= best bid 9999.990673
[BOOK WARN] Crossed book rejected for AAPL: ask 9406.812074 <= best bid 9999.990673
[BOOK WARN] Crossed book rejected for AAPL: ask 9396.218079 <= best bid 9999.990673
[BOOK WARN] Crossed book rejected for AAPL: ask 9383.453576 <= best bid 9999.990673
[BOOK WARN] Crossed book rejected for AAPL: ask 9377.494266 <= best bid 9999.990673
[BOOK WARN] Crossed book rejected for AAPL: ask 9389.695290 <= best bid 9999.990673
[BOOK WARN] Crossed book rejected for AAPL: ask 9397.878225 <= best bid 9999.990673
[BOOK WARN] Crossed book rejected for AAPL: ask 9407.345653 <= best bid 9999.990673
[BOOK WARN] Crossed book rejected for AAPL: ask 9423.845914 <= best bid 9999.990673
[BOOK WARN] Crossed book rejected for AAPL: ask 9419.368575 <= best bid 9999.990673
[BOOK WARN] Crossed book rejected for AAPL: ask 9430.201304 <= best bid 9999.990673
[BOOK WARN] Crossed book rejected for AAPL: ask 9451.890625 <= best bid 9999.990673
[BOOK WARN] Crossed book rejected for AAPL: ask 9472.443144 <= best bid 9999.990673
[BOOK WARN] Crossed book rejected for AAPL: ask 9490.988749 <= best bid 9999.990673
[BOOK WARN] Crossed book rejected for AAPL: ask 9486.545604 <= best bid 9999.990673
[BOOK WARN] Crossed book rejected for AAPL: ask 9477.358676 <= best bid 9999.990673
[BOOK WARN] Crossed book rejected for AAPL: ask 9476.996674 <= best bid 9999.990673
[BOOK WARN] Crossed book rejected for AAPL: ask 9463.091464 <= best bid 9999.990673
[BOOK WARN] Crossed book rejected for AAPL: ask 9466.008750 <= best bid 9999.990673
[BOOK WARN] Crossed book rejected for AAPL: ask 9479.099756 <= best bid 9999.990673
[BOOK WARN] Crossed book rejected for AAPL: ask 9476.344845 <= best bid 9999.990673
[BOOK WARN] Crossed book rejected for AAPL: ask 9459.182779 <= best bid 9999.990673
[BOOK WARN] Crossed book rejected for AAPL: ask 9441.146414 <= best bid 9999.990673
[BOOK WARN] Crossed book rejected for AAPL: ask 9466.713807 <= best bid 9999.990673
[BOOK WARN] Crossed book rejected for AAPL: ask 9465.661300 <= best bid 9999.990673
[BOOK WARN] Crossed book rejected for AAPL: ask 9448.184459 <= best bid 9999.990673
[BOOK WARN] Crossed book rejected for AAPL: ask 9451.154851 <= best bid 9999.990673
[BOOK WARN] Crossed book rejected for AAPL: ask 9449.558051 <= best bid 9999.990673
[BOOK WARN] Crossed book rejected for AAPL: ask 9448.010298 <= best bid 9999.990673
[BOOK WARN] Crossed book rejected for AAPL: ask 9438.420141 <= best bid 9999.990673
[BOOK WARN] Crossed book rejected for AAPL: ask 9443.010584 <= best bid 9999.990673
[BOOK WARN] Crossed book rejected for AAPL: ask 9454.974525 <= best bid 9999.990673
[BOOK WARN] Crossed book rejected for AAPL: ask 9450.087726 <= best bid 9999.990673
[BOOK WARN] Crossed book rejected for AAPL: ask 9466.128784 <= best bid 9999.990673
[BOOK WARN] Crossed book rejected for AAPL: ask 9447.054589 <= best bid 9999.990673
[BOOK WARN] Crossed book rejected for AAPL: ask 9435.492126 <= best bid 9999.990673
[BOOK WARN] Crossed book rejected for AAPL: ask 9422.426529 <= best bid 9999.990673
[BOOK WARN] Crossed book rejected for AAPL: ask 9439.641389 <= best bid 9999.990673
[BOOK WARN] Crossed book rejected for AAPL: ask 9446.103598 <= best bid 9999.990673
[BOOK WARN] Crossed book rejected for AAPL: ask 9439.434432 <= best bid 9999.990673
[BOOK WARN] Crossed book rejected for AAPL: ask 9430.683399 <= best bid 9999.990673
[BOOK WARN] Crossed book rejected for AAPL: ask 9420.181100 <= best bid 9999.990673
[BOOK WARN] Crossed book rejected for AAPL: ask 9412.586348 <= best bid 9999.990673
[BOOK WARN] Crossed book rejected for AAPL: ask 9403.438991 <= best bid 9999.990673
[BOOK WARN] Crossed book rejected for AAPL: ask 9396.015848 <= best bid 9999.990673
[BOOK WARN] Crossed book rejected for AAPL: ask 9401.424497 <= best bid 9999.990673
[BOOK WARN] Crossed book rejected for AAPL: ask 9407.259703 <= best bid 9999.990673
[BOOK WARN] Crossed book rejected for AAPL: ask 9406.635141 <= best bid 9999.990673
[BOOK WARN] Crossed book rejected for AAPL: ask 9426.941540 <= best bid 9999.990673
[BOOK WARN] Crossed book rejected for AAPL: ask 9433.383318 <= best bid 9999.990673
[BOOK WARN] Crossed book rejected for AAPL: ask 9428.541199 <= best bid 9999.990673
[BOOK WARN] Crossed book rejected for AAPL: ask 9412.852473 <= best bid 9999.990673
[BOOK WARN] Crossed book rejected for AAPL: ask 9409.076607 <= best bid 9999.990673
[BOOK WARN] Crossed book rejected for AAPL: ask 9401.876704 <= best bid 9999.990673
[BOOK WARN] Crossed book rejected for AAPL: ask 9403.318643 <= best bid 9999.990673
[BOOK WARN] Crossed book rejected for AAPL: ask 9397.374271 <= best bid 9999.990673
[BOOK WARN] Crossed book rejected for AAPL: ask 9402.378403 <= best bid 9999.990673
[BOOK WARN] Crossed book rejected for AAPL: ask 9386.010307 <= best bid 9999.990673
[BOOK WARN] Crossed book rejected for AAPL: ask 9393.998809 <= best bid 9999.990673
[BOOK WARN] Crossed book rejected for AAPL: ask 9391.809037 <= best bid 9999.990673
[BOOK WARN] Crossed book rejected for AAPL: ask 9394.665450 <= best bid 9999.990673
[BOOK WARN] Crossed book rejected for AAPL: ask 9395.262971 <= best bid 9999.990673
[BOOK WARN] Crossed book rejected for AAPL: ask 9411.390423 <= best bid 9999.990673
[BOOK WARN] Crossed book rejected for AAPL: ask 9409.220353 <= best bid 9999.990673
[BOOK WARN] Crossed book rejected for AAPL: ask 9411.977770 <= best bid 9999.990673
[BOOK WARN] Crossed book rejected for AAPL: ask 9431.967449 <= best bid 9999.990673
[BOOK WARN] Crossed book rejected for AAPL: ask 9431.675149 <= best bid 9999.990673
[BOOK WARN] Crossed book rejected for AAPL: ask 9424.241333 <= best bid 9999.990673
[BOOK WARN] Crossed book rejected for AAPL: ask 9428.250425 <= best bid 9999.990673
[BOOK WARN] Crossed book rejected for AAPL: ask 9431.450499 <= best bid 9999.990673
[BOOK WARN] Crossed book rejected for AAPL: ask 9411.032332 <= best bid 9999.990673
[BOOK WARN] Crossed book rejected for AAPL: ask 9425.429103 <= best bid 9999.990673
[BOOK WARN] Crossed book rejected for AAPL: ask 9434.394407 <= best bid 9999.990673
[BOOK WARN] Crossed book rejected for AAPL: ask 9447.952459 <= best bid 9999.990673
[BOOK WARN] Crossed book rejected for AAPL: ask 9457.464483 <= best bid 9999.990673
[BOOK WARN] Crossed book rejected for AAPL: ask 9463.063276 <= best bid 9999.990673
[BOOK WARN] Crossed book rejected for AAPL: ask 9457.498101 <= best bid 9999.990673
[BOOK WARN] Crossed book rejected for AAPL: ask 9452.901803 <= best bid 9999.990673
[BOOK WARN] Crossed book rejected for AAPL: ask 9452.783234 <= best bid 9999.990673
[BOOK WARN] Crossed book rejected for AAPL: ask 9457.654536 <= best bid 9999.990673
[BOOK WARN] Crossed book rejected for AAPL: ask 9472.059400 <= best bid 9999.990673
[BOOK WARN] Crossed book rejected for AAPL: ask 9477.242647 <= best bid 9999.990673
[BOOK WARN] Crossed book rejected for AAPL: ask 9469.936928 <= best bid 9999.990673
[BOOK WARN] Crossed book rejected for AAPL: ask 9474.162389 <= best bid 9999.990673
[BOOK WARN] Crossed book rejected for AAPL: ask 9469.770022 <= best bid 9999.990673
[BOOK WARN] Crossed book rejected for AAPL: ask 9469.671122 <= best bid 9999.990673
[BOOK WARN] Crossed book rejected for AAPL: ask 9456.320033 <= best bid 9999.990673
[BOOK WARN] Crossed book rejected for AAPL: ask 9457.195316 <= best bid 9999.990673
[BOOK WARN] Crossed book rejected for AAPL: ask 9445.693188 <= best bid 9999.990673
[BOOK WARN] Crossed book rejected for AAPL: ask 9453.358067 <= best bid 9999.990673
[BOOK WARN] Crossed book rejected for AAPL: ask 9446.268545 <= best bid 9999.990673
[BOOK WARN] Crossed book rejected for AAPL: ask 9450.681778 <= best bid 9999.990673
[BOOK WARN] Crossed book rejected for AAPL: ask 9452.557072 <= best bid 9999.990673
[BOOK WARN] Crossed book rejected for AAPL: ask 9447.171418 <= best bid 9999.990673
[BOOK WARN] Crossed book rejected for AAPL: ask 9441.738096 <= best bid 9999.990673
[BOOK WARN] Crossed book rejected for AAPL: ask 9430.604163 <= best bid 9999.990673
[BOOK WARN] Crossed book rejected for AAPL: ask 9424.565787 <= best bid 9999.990673
[BOOK WARN] Crossed book rejected for AAPL: ask 9434.660727 <= best bid 9999.990673
[BOOK WARN] Crossed book rejected for AAPL: ask 9430.011229 <= best bid 9999.990673
[BOOK WARN] Crossed book rejected for AAPL: ask 9400.464058 <= best bid 9999.990673
[BOOK WARN] Crossed book rejected for AAPL: ask 9395.338368 <= best bid 9999.990673
[BOOK WARN] Crossed book rejected for AAPL: ask 9391.679526 <= best bid 9999.990673
[BOOK WARN] Crossed book rejected for AAPL: ask 9392.307685 <= best bid 9999.990673
[BOOK WARN] Crossed book rejected for AAPL: ask 9380.665717 <= best bid 9999.990673
[BOOK WARN] Crossed book rejected for AAPL: ask 9388.642606 <= best bid 9999.990673
[BOOK WARN] Crossed book rejected for AAPL: ask 9393.376225 <= best bid 9999.990673
[BOOK WARN] Crossed book rejected for AAPL: ask 9392.779491 <= best bid 9999.990673
[BOOK WARN] Crossed book rejected for AAPL: ask 9397.562377 <= best bid 9999.990673
[BOOK WARN] Crossed book rejected for AAPL: ask 9388.654077 <= best bid 9999.990673
[BOOK WARN] Crossed book rejected for AAPL: ask 9381.377146 <= best bid 9999.990673
[BOOK WARN] Crossed book rejected for AAPL: ask 9382.702354 <= best bid 9999.990673
[BOOK WARN] Crossed book rejected for AAPL: ask 9378.985625 <= best bid 9999.990673
[BOOK WARN] Crossed book rejected for AAPL: ask 9369.936952 <= best bid 9999.990673
[BOOK WARN] Crossed book rejected for AAPL: ask 9382.303682 <= best bid 9999.990673
[BOOK WARN] Crossed book rejected for AAPL: ask 9378.402976 <= best bid 9999.990673
[BOOK WARN] Crossed book rejected for AAPL: ask 9384.179047 <= best bid 9999.990673
[BOOK WARN] Crossed book rejected for AAPL: ask 9385.981306 <= best bid 9999.990673
[BOOK WARN] Crossed book rejected for AAPL: ask 9396.386301 <= best bid 9999.990673
[BOOK WARN] Crossed book rejected for AAPL: ask 9386.423860 <= best bid 9999.990673
[BOOK WARN] Crossed book rejected for AAPL: ask 9397.980272 <= best bid 9999.990673
[BOOK WARN] Crossed book rejected for AAPL: ask 9401.177680 <= best bid 9999.990673
[BOOK WARN] Crossed book rejected for AAPL: ask 9383.721391 <= best bid 9999.990673
[BOOK WARN] Crossed book rejected for AAPL: ask 9379.147978 <= best bid 9999.990673
[BOOK WARN] Crossed book rejected for AAPL: ask 9381.482053 <= best bid 9999.990673
[BOOK WARN] Crossed book rejected for AAPL: ask 9400.947718 <= best bid 9999.990673
[BOOK WARN] Crossed book rejected for AAPL: ask 9414.438011 <= best bid 9999.990673
[BOOK WARN] Crossed book rejected for AAPL: ask 9414.436140 <= best bid 9999.990673
[BOOK WARN] Crossed book rejected for AAPL: ask 9414.721290 <= best bid 9999.990673
[BOOK WARN] Crossed book rejected for AAPL: ask 9415.162475 <= best bid 9999.990673
[BOOK WARN] Crossed book rejected for AAPL: ask 9400.964019 <= best bid 9999.990673
[BOOK WARN] Crossed book rejected for AAPL: ask 9398.471714 <= best bid 9999.990673
[BOOK WARN] Crossed book rejected for AAPL: ask 9410.764303 <= best bid 9999.990673
[BOOK WARN] Crossed book rejected for AAPL: ask 9407.666218 <= best bid 9999.990673
[BOOK WARN] Crossed book rejected for AAPL: ask 9406.781270 <= best bid 9999.990673
[BOOK WARN] Crossed book rejected for AAPL: ask 9399.850185 <= best bid 9999.990673
[BOOK WARN] Crossed book rejected for AAPL: ask 9395.722503 <= best bid 9999.990673
[BOOK WARN] Crossed book rejected for AAPL: ask 9391.441141 <= best bid 9999.990673
[BOOK WARN] Crossed book rejected for AAPL: ask 9397.929658 <= best bid 9999.990673
[BOOK WARN] Crossed book rejected for AAPL: ask 9375.373772 <= best bid 9999.990673
[BOOK WARN] Crossed book rejected for AAPL: ask 9367.587388 <= best bid 9999.990673
[BOOK WARN] Crossed book rejected for AAPL: ask 9343.074031 <= best bid 9999.990673
[BOOK WARN] Crossed book rejected for AAPL: ask 9323.245811 <= best bid 9999.990673
[BOOK WARN] Crossed book rejected for AAPL: ask 9323.794200 <= best bid 9999.990673
[BOOK WARN] Crossed book rejected for AAPL: ask 9321.000771 <= best bid 9999.990673
[BOOK WARN] Crossed book rejected for AAPL: ask 9317.163728 <= best bid 9999.990673
[BOOK WARN] Crossed book rejected for AAPL: ask 9323.860995 <= best bid 9999.990673
[BOOK WARN] Crossed book rejected for AAPL: ask 9312.540958 <= best bid 9999.990673
[BOOK WARN] Crossed book rejected for AAPL: ask 9318.745812 <= best bid 9999.990673
[BOOK WARN] Crossed book rejected for AAPL: ask 9314.737748 <= best bid 9999.990673
[BOOK WARN] Crossed book rejected for AAPL: ask 9312.746260 <= best bid 9999.990673
[BOOK WARN] Crossed book rejected for AAPL: ask 9300.260162 <= best bid 9999.990673
[BOOK WARN] Crossed book rejected for AAPL: ask 9304.312925 <= best bid 9999.990673
[BOOK WARN] Crossed book rejected for AAPL: ask 9297.322509 <= best bid 9999.990673
[BOOK WARN] Crossed book rejected for AAPL: ask 9297.317055 <= best bid 9999.990673
[BOOK WARN] Crossed book rejected for AAPL: ask 9299.417715 <= best bid 9999.990673
[BOOK WARN] Crossed book rejected for AAPL: ask 9285.817587 <= best bid 9999.990673
[BOOK WARN] Crossed book rejected for AAPL: ask 9277.165203 <= best bid 9999.990673
[BOOK WARN] Crossed book rejected for AAPL: ask 9291.648766 <= best bid 9999.990673
[BOOK WARN] Crossed book rejected for AAPL: ask 9310.589396 <= best bid 9999.990673
[BOOK WARN] Crossed book rejected for AAPL: ask 9313.080381 <= best bid 9999.990673
[BOOK WARN] Crossed book rejected for AAPL: ask 9322.699585 <= best bid 9999.990673
[BOOK WARN] Crossed book rejected for AAPL: ask 9315.155816 <= best bid 9999.990673
[BOOK WARN] Crossed book rejected for AAPL: ask 9320.291330 <= best bid 9999.990673
[BOOK WARN] Crossed book rejected for AAPL: ask 9317.814804 <= best bid 9999.990673
[BOOK WARN] Crossed book rejected for AAPL: ask 9309.588517 <= best bid 9999.990673
[BOOK WARN] Crossed book rejected for AAPL: ask 9312.422590 <= best bid 9999.990673
[BOOK WARN] Crossed book rejected for AAPL: ask 9321.359317 <= best bid 9999.990673
[BOOK WARN] Crossed book rejected for AAPL: ask 9331.493704 <= best bid 9999.990673
[BOOK WARN] Crossed book rejected for AAPL: ask 9329.828228 <= best bid 9999.990673
[BOOK WARN] Crossed book rejected for AAPL: ask 9332.835809 <= best bid 9999.990673
[BOOK WARN] Crossed book rejected for AAPL: ask 9324.658605 <= best bid 9999.990673
[BOOK WARN] Crossed book rejected for AAPL: ask 9321.976489 <= best bid 9999.990673
[BOOK WARN] Crossed book rejected for AAPL: ask 9320.818445 <= best bid 9999.990673
[BOOK WARN] Crossed book rejected for AAPL: ask 9329.587102 <= best bid 9999.990673
[BOOK WARN] Crossed book rejected for AAPL: ask 9346.275530 <= best bid 9999.990673
[BOOK WARN] Crossed book rejected for AAPL: ask 9333.391449 <= best bid 9999.990673
[BOOK WARN] Crossed book rejected for AAPL: ask 9343.754967 <= best bid 9999.990673
[BOOK WARN] Crossed book rejected for AAPL: ask 9347.245244 <= best bid 9999.990673
[BOOK WARN] Crossed book rejected for AAPL: ask 9357.821230 <= best bid 9999.990673
[BOOK WARN] Crossed book rejected for AAPL: ask 9367.624223 <= best bid 9999.990673
[BOOK WARN] Crossed book rejected for AAPL: ask 9380.688891 <= best bid 9999.990673
[BOOK WARN] Crossed book rejected for AAPL: ask 9373.888063 <= best bid 9999.990673
[BOOK WARN] Crossed book rejected for AAPL: ask 9366.943143 <= best bid 9999.990673
[BOOK WARN] Crossed book rejected for AAPL: ask 9362.384534 <= best bid 9999.990673
[BOOK WARN] Crossed book rejected for AAPL: ask 9364.738646 <= best bid 9999.990673
[BOOK WARN] Crossed book rejected for AAPL: ask 9360.990529 <= best bid 9999.990673
[BOOK WARN] Crossed book rejected for AAPL: ask 9364.590782 <= best bid 9999.990673
[BOOK WARN] Crossed book rejected for AAPL: ask 9372.641011 <= best bid 9999.990673
[BOOK WARN] Crossed book rejected for AAPL: ask 9360.449023 <= best bid 9999.990673
[BOOK WARN] Crossed book rejected for AAPL: ask 9370.126846 <= best bid 9999.990673
[BOOK WARN] Crossed book rejected for AAPL: ask 9365.907114 <= best bid 9999.990673
[BOOK WARN] Crossed book rejected for AAPL: ask 9392.705657 <= best bid 9999.990673
[BOOK WARN] Crossed book rejected for AAPL: ask 9390.014837 <= best bid 9999.990673
[BOOK WARN] Crossed book rejected for AAPL: ask 9381.284905 <= best bid 9999.990673
[BOOK WARN] Crossed book rejected for AAPL: ask 9377.997183 <= best bid 9999.990673
[BOOK WARN] Crossed book rejected for AAPL: ask 9378.047500 <= best bid 9999.990673
[BOOK WARN] Crossed book rejected for AAPL: ask 9366.887207 <= best bid 9999.990673
[BOOK WARN] Crossed book rejected for AAPL: ask 9360.806154 <= best bid 9999.990673
[BOOK WARN] Crossed book rejected for AAPL: ask 9378.708406 <= best bid 9999.990673
[BOOK WARN] Crossed book rejected for AAPL: ask 9387.621772 <= best bid 9999.990673
[BOOK WARN] Crossed book rejected for AAPL: ask 9385.766712 <= best bid 9999.990673
[BOOK WARN] Crossed book rejected for AAPL: ask 9387.125387 <= best bid 9999.990673
[BOOK WARN] Crossed book rejected for AAPL: ask 9375.824887 <= best bid 9999.990673
[BOOK WARN] Crossed book rejected for AAPL: ask 9370.848351 <= best bid 9999.990673
[BOOK WARN] Crossed book rejected for AAPL: ask 9383.254615 <= best bid 9999.990673
[BOOK WARN] Crossed book rejected for AAPL: ask 9398.337424 <= best bid 9999.990673
[BOOK WARN] Crossed book rejected for AAPL: ask 9401.297262 <= best bid 9999.990673
[BOOK WARN] Crossed book rejected for AAPL: ask 9407.014494 <= best bid 9999.990673
[BOOK WARN] Crossed book rejected for AAPL: ask 9403.831729 <= best bid 9999.990673
[BOOK WARN] Crossed book rejected for AAPL: ask 9419.031017 <= best bid 9999.990673
[BOOK WARN] Crossed book rejected for AAPL: ask 9411.732539 <= best bid 9999.990673
[BOOK WARN] Crossed book rejected for AAPL: ask 9412.453861 <= best bid 9999.990673
[BOOK WARN] Crossed book rejected for AAPL: ask 9404.626605 <= best bid 9999.990673
[BOOK WARN] Crossed book rejected for AAPL: ask 9384.909318 <= best bid 9999.990673
[BOOK WARN] Crossed book rejected for AAPL: ask 9380.943101 <= best bid 9999.990673
[BOOK WARN] Crossed book rejected for AAPL: ask 9389.766193 <= best bid 9999.990673
[BOOK WARN] Crossed book rejected for AAPL: ask 9416.799536 <= best bid 9999.990673
[BOOK WARN] Crossed book rejected for AAPL: ask 9404.060601 <= best bid 9999.990673
[BOOK WARN] Crossed book rejected for AAPL: ask 9411.007612 <= best bid 9999.990673
[BOOK WARN] Crossed book rejected for AAPL: ask 9419.191406 <= best bid 9999.990673
[BOOK WARN] Crossed book rejected for AAPL: ask 9418.392721 <= best bid 9999.990673
[BOOK WARN] Crossed book rejected for AAPL: ask 9419.851672 <= best bid 9999.990673
[BOOK WARN] Crossed book rejected for AAPL: ask 9402.279743 <= best bid 9999.990673
[BOOK WARN] Crossed book rejected for AAPL: ask 9409.985482 <= best bid 9999.990673
[BOOK WARN] Crossed book rejected for AAPL: ask 9412.706385 <= best bid 9999.990673
[BOOK WARN] Crossed book rejected for AAPL: ask 9392.855893 <= best bid 9999.990673
[BOOK WARN] Crossed book rejected for AAPL: ask 9398.511432 <= best bid 9999.990673
[BOOK WARN] Crossed book rejected for AAPL: ask 9402.484572 <= best bid 9999.990673
[BOOK WARN] Crossed book rejected for AAPL: ask 9414.233407 <= best bid 9999.990673
[BOOK WARN] Crossed book rejected for AAPL: ask 9413.706132 <= best bid 9999.990673
[BOOK WARN] Crossed book rejected for AAPL: ask 9426.159103 <= best bid 9999.990673
[BOOK WARN] Crossed book rejected for AAPL: ask 9421.867847 <= best bid 9999.990673
[BOOK WARN] Crossed book rejected for AAPL: ask 9423.553570 <= best bid 9999.990673
[BOOK WARN] Crossed book rejected for AAPL: ask 9431.247171 <= best bid 9999.990673
[BOOK WARN] Crossed book rejected for AAPL: ask 9439.484749 <= best bid 9999.990673
[BOOK WARN] Crossed book rejected for AAPL: ask 9427.528894 <= best bid 9999.990673
[BOOK WARN] Crossed book rejected for AAPL: ask 9445.075068 <= best bid 9999.990673
[BOOK WARN] Crossed book rejected for AAPL: ask 9448.446039 <= best bid 9999.990673
[BOOK WARN] Crossed book rejected for AAPL: ask 9431.115317 <= best bid 9999.990673
[BOOK WARN] Crossed book rejected for AAPL: ask 9413.920193 <= best bid 9999.990673
[BOOK WARN] Crossed book rejected for AAPL: ask 9415.113625 <= best bid 9999.990673
[BOOK WARN] Crossed book rejected for AAPL: ask 9398.137369 <= best bid 9999.990673
[BOOK WARN] Crossed book rejected for AAPL: ask 9408.924162 <= best bid 9999.990673
[BOOK WARN] Crossed book rejected for AAPL: ask 9407.286680 <= best bid 9999.990673
[BOOK WARN] Crossed book rejected for AAPL: ask 9402.064900 <= best bid 9999.990673
[BOOK WARN] Crossed book rejected for AAPL: ask 9413.733346 <= best bid 9999.990673
[BOOK WARN] Crossed book rejected for AAPL: ask 9417.224260 <= best bid 9999.990673
[BOOK WARN] Crossed book rejected for AAPL: ask 9414.028705 <= best bid 9999.990673
[BOOK WARN] Crossed book rejected for AAPL: ask 9409.694614 <= best bid 9999.990673
[BOOK WARN] Crossed book rejected for AAPL: ask 9404.489972 <= best bid 9999.990673
[BOOK WARN] Crossed book rejected for AAPL: ask 9405.278657 <= best bid 9999.990673
[BOOK WARN] Crossed book rejected for AAPL: ask 9415.799316 <= best bid 9999.990673
[BOOK WARN] Crossed book rejected for AAPL: ask 9434.093813 <= best bid 9999.990673
[BOOK WARN] Crossed book rejected for AAPL: ask 9433.960331 <= best bid 9999.990673
[BOOK WARN] Crossed book rejected for AAPL: ask 9437.727167 <= best bid 9999.990673
[BOOK WARN] Crossed book rejected for AAPL: ask 9443.337215 <= best bid 9999.990673
[BOOK WARN] Crossed book rejected for AAPL: ask 9458.376870 <= best bid 9999.990673
[BOOK WARN] Crossed book rejected for AAPL: ask 9463.239338 <= best bid 9999.990673
[BOOK WARN] Crossed book rejected for AAPL: ask 9460.136190 <= best bid 9999.990673
[BOOK WARN] Crossed book rejected for AAPL: ask 9448.954277 <= best bid 9999.990673
[BOOK WARN] Crossed book rejected for AAPL: ask 9459.164505 <= best bid 9999.990673
[BOOK WARN] Crossed book rejected for AAPL: ask 9459.611847 <= best bid 9999.990673
[BOOK WARN] Crossed book rejected for AAPL: ask 9463.723667 <= best bid 9999.990673
[BOOK WARN] Crossed book rejected for AAPL: ask 9477.657199 <= best bid 9999.990673
[BOOK WARN] Crossed book rejected for AAPL: ask 9462.307437 <= best bid 9999.990673
[BOOK WARN] Crossed book rejected for AAPL: ask 9456.602760 <= best bid 9999.990673
[BOOK WARN] Crossed book rejected for AAPL: ask 9455.274760 <= best bid 9999.990673
[BOOK WARN] Crossed book rejected for AAPL: ask 9465.237245 <= best bid 9999.990673
[BOOK WARN] Crossed book rejected for AAPL: ask 9447.793115 <= best bid 9999.990673
[BOOK WARN] Crossed book rejected for AAPL: ask 9466.782614 <= best bid 9999.990673
[BOOK WARN] Crossed book rejected for AAPL: ask 9467.113490 <= best bid 9999.990673
[BOOK WARN] Crossed book rejected for AAPL: ask 9473.019119 <= best bid 9999.990673
[BOOK WARN] Crossed book rejected for AAPL: ask 9466.597185 <= best bid 9999.990673
[BOOK WARN] Crossed book rejected for AAPL: ask 9472.833702 <= best bid 9999.990673
[BOOK WARN] Crossed book rejected for AAPL: ask 9476.753011 <= best bid 9999.990673
[BOOK WARN] Crossed book rejected for AAPL: ask 9476.463439 <= best bid 9999.990673
[BOOK WARN] Crossed book rejected for AAPL: ask 9470.585004 <= best bid 9999.990673
[BOOK WARN] Crossed book rejected for AAPL: ask 9483.074441 <= best bid 9999.990673
[BOOK WARN] Crossed book rejected for AAPL: ask 9499.369176 <= best bid 9999.990673
[BOOK WARN] Crossed book rejected for AAPL: ask 9501.110781 <= best bid 9999.990673
[BOOK WARN] Crossed book rejected for AAPL: ask 9512.460959 <= best bid 9999.990673
[BOOK WARN] Crossed book rejected for AAPL: ask 9512.762418 <= best bid 9999.990673
[BOOK WARN] Crossed book rejected for AAPL: ask 9528.616300 <= best bid 9999.990673
[BOOK WARN] Crossed book rejected for AAPL: ask 9515.686159 <= best bid 9999.990673
[BOOK WARN] Crossed book rejected for AAPL: ask 9517.557937 <= best bid 9999.990673
[BOOK WARN] Crossed book rejected for AAPL: ask 9530.479168 <= best bid 9999.990673
[BOOK WARN] Crossed book rejected for AAPL: ask 9540.392183 <= best bid 9999.990673
[BOOK WARN] Crossed book rejected for AAPL: ask 9533.030819 <= best bid 9999.990673
[BOOK WARN] Crossed book rejected for AAPL: ask 9539.840487 <= best bid 9999.990673
[BOOK WARN] Crossed book rejected for AAPL: ask 9533.334270 <= best bid 9999.990673
[BOOK WARN] Crossed book rejected for AAPL: ask 9527.015393 <= best bid 9999.990673
[BOOK WARN] Crossed book rejected for AAPL: ask 9538.929202 <= best bid 9999.990673
[BOOK WARN] Crossed book rejected for AAPL: ask 9534.758131 <= best bid 9999.990673
[BOOK WARN] Crossed book rejected for AAPL: ask 9532.849965 <= best bid 9999.990673
[BOOK WARN] Crossed book rejected for AAPL: ask 9526.517511 <= best bid 9999.990673
[BOOK WARN] Crossed book rejected for AAPL: ask 9518.317348 <= best bid 9999.990673
[BOOK WARN] Crossed book rejected for AAPL: ask 9515.202909 <= best bid 9999.990673
[BOOK WARN] Crossed book rejected for AAPL: ask 9521.637166 <= best bid 9999.990673
[BOOK WARN] Crossed book rejected for AAPL: ask 9539.101528 <= best bid 9999.990673
[BOOK WARN] Crossed book rejected for AAPL: ask 9539.363351 <= best bid 9999.990673
[BOOK WARN] Crossed book rejected for AAPL: ask 9541.217073 <= best bid 9999.990673
[BOOK WARN] Crossed book rejected for AAPL: ask 9535.957150 <= best bid 9999.990673
[BOOK WARN] Crossed book rejected for AAPL: ask 9537.174434 <= best bid 9999.990673
[BOOK WARN] Crossed book rejected for AAPL: ask 9524.968588 <= best bid 9999.990673
[BOOK WARN] Crossed book rejected for AAPL: ask 9527.829622 <= best bid 9999.990673
[BOOK WARN] Crossed book rejected for AAPL: ask 9522.196050 <= best bid 9999.990673
[BOOK WARN] Crossed book rejected for AAPL: ask 9516.985401 <= best bid 9999.990673
[BOOK WARN] Crossed book rejected for AAPL: ask 9517.308006 <= best bid 9999.990673
[BOOK WARN] Crossed book rejected for AAPL: ask 9506.931545 <= best bid 9999.990673
[BOOK WARN] Crossed book rejected for AAPL: ask 9502.957274 <= best bid 9999.990673
[BOOK WARN] Crossed book rejected for AAPL: ask 9503.363603 <= best bid 9999.990673
[BOOK WARN] Crossed book rejected for AAPL: ask 9516.652730 <= best bid 9999.990673
[BOOK WARN] Crossed book rejected for AAPL: ask 9512.364664 <= best bid 9999.990673
[BOOK WARN] Crossed book rejected for AAPL: ask 9519.837696 <= best bid 9999.990673
[BOOK WARN] Crossed book rejected for AAPL: ask 9538.817089 <= best bid 9999.990673
[BOOK WARN] Crossed book rejected for AAPL: ask 9532.768616 <= best bid 9999.990673
[BOOK WARN] Crossed book rejected for AAPL: ask 9526.507190 <= best bid 9999.990673
[BOOK WARN] Crossed book rejected for AAPL: ask 9533.723013 <= best bid 9999.990673
[BOOK WARN] Crossed book rejected for AAPL: ask 9540.436656 <= best bid 9999.990673
[BOOK WARN] Crossed book rejected for AAPL: ask 9543.446948 <= best bid 9999.990673
[BOOK WARN] Crossed book rejected for AAPL: ask 9551.036914 <= best bid 9999.990673
[BOOK WARN] Crossed book rejected for AAPL: ask 9549.602408 <= best bid 9999.990673
[BOOK WARN] Crossed book rejected for AAPL: ask 9554.836390 <= best bid 9999.990673
[BOOK WARN] Crossed book rejected for AAPL: ask 9539.427106 <= best bid 9999.990673
[BOOK WARN] Crossed book rejected for AAPL: ask 9537.786446 <= best bid 9999.990673
[BOOK WARN] Crossed book rejected for AAPL: ask 9528.616638 <= best bid 9999.990673
[BOOK WARN] Crossed book rejected for AAPL: ask 9531.086549 <= best bid 9999.990673
[BOOK WARN] Crossed book rejected for AAPL: ask 9517.480984 <= best bid 9999.990673
[BOOK WARN] Crossed book rejected for AAPL: ask 9522.182531 <= best bid 9999.990673
[BOOK WARN] Crossed book rejected for AAPL: ask 9523.878479 <= best bid 9999.990673
[BOOK WARN] Crossed book rejected for AAPL: ask 9521.489986 <= best bid 9999.990673
[BOOK WARN] Crossed book rejected for AAPL: ask 9518.425942 <= best bid 9999.990673
[BOOK WARN] Crossed book rejected for AAPL: ask 9513.973513 <= best bid 9999.990673
[BOOK WARN] Crossed book rejected for AAPL: ask 9523.964110 <= best bid 9999.990673
[BOOK WARN] Crossed book rejected for AAPL: ask 9534.475668 <= best bid 9999.990673
PipelineFixture/BM_Pipeline_Throughput/50000/real_time                          102 ms        0.004 ms            7 book_ticks/s=149.998k/s drop_rate_%=0 items_per_second=149.998k/s
Exit: 0
